bib,jornal,ano,source_identifier,page_number,protocol_name,protocol_version,engine,engine_version,leptonica,idioma,psm,oem,variante_tessdata,status,escala,text_sha256,char_count,duracao_s,erro
089842,correio_manha,1906,per089842_1906_01721,1,ocr-tesseract-scans-bn,1.0.0,tesseract,5.4.0.20240606,leptonica-1.84.1,por,3,1,best,ok,2.0,8a6cc23608f9247c9ffce92c9a2daeedc8210ff8d66433e14e2fbf80772c315d,40364,108.76,
089842,correio_manha,1906,per089842_1906_01734,1,ocr-tesseract-scans-bn,1.0.0,tesseract,5.4.0.20240606,leptonica-1.84.1,por,3,1,best,ok,2.0,daefc23cd688fd628de13dab472712908074cf938fe48451ed2e9eee518c449f,43002,90.27,
089842,correio_manha,1906,per089842_1906_01765,5,ocr-tesseract-scans-bn,1.0.0,tesseract,5.4.0.20240606,leptonica-1.84.1,por,3,1,best,vazio,2.0,e3b0c44298fc1c149afbf4c8996fb92427ae41e4649b934ca495991b7852b855,0,20.96,
089842,correio_manha,1906,per089842_1906_01902,1,ocr-tesseract-scans-bn,1.0.0,tesseract,5.4.0.20240606,leptonica-1.84.1,por,3,1,best,ok,2.0,c8e0bbdcf9d268074d7fe5f7735afbac5f3e72185e4690fed7881b8fa46b8570,45551,87.08,
089842,correio_manha,1906,per089842_1906_01911,3,ocr-tesseract-scans-bn,1.0.0,tesseract,5.4.0.20240606,leptonica-1.84.1,por,3,1,best,ok,2.0,f9c9a56b14f3d78bbf25816df9c6420c917571d6de2213b30e2a29c9dd613a34,57426,140.3,
089842,correio_manha,1906,per089842_1906_01913,5,ocr-tesseract-scans-bn,1.0.0,tesseract,5.4.0.20240606,leptonica-1.84.1,por,3,1,best,ok,2.0,b8b0bb8ddb758fc327c5cd43d0c6a1bc59f62bd90c964a7b66720a32fc29bb79,45065,96.72,
089842,correio_manha,1906,per089842_1906_01971,1,ocr-tesseract-scans-bn,1.0.0,tesseract,5.4.0.20240606,leptonica-1.84.1,por,3,1,best,ok,2.0,0cc36fe2ae58ee5341e86193f440a51ec3efd03c48f75b8d5276d8d0bdfabbe9,32963,113.17,
089842,correio_manha,1907,per089842_1907_02014,1,ocr-tesseract-scans-bn,1.0.0,tesseract,5.4.0.20240606,leptonica-1.84.1,por,3,1,best,ok,2.0,649125484dbb1330577a8b9ffdad05112b5fb10e69aa8a7a3e129dfd49b702d4,42248,200.32,
089842,correio_manha,1907,per089842_1907_02036,1,ocr-tesseract-scans-bn,1.0.0,tesseract,5.4.0.20240606,leptonica-1.84.1,por,3,1,best,ok,2.0,f8beaece3f196bb8d5d861ef4bf55f085c37a94bfbd8186513d9e4209cf8de24,28974,71.35,
089842,correio_manha,1907,per089842_1907_02050,1,ocr-tesseract-scans-bn,1.0.0,tesseract,5.4.0.20240606,leptonica-1.84.1,por,3,1,best,ok,2.0,07071c206cd978aee51cad74a321c21fee1ccc649528d92835a528ba8dec955b,46104,92.9,
089842,correio_manha,1907,per089842_1907_02077,1,ocr-tesseract-scans-bn,1.0.0,tesseract,5.4.0.20240606,leptonica-1.84.1,por,3,1,best,ok,2.0,fcf8bd80c3e954cb80661d6205f3eeb840094993a2e1027fdda43a2b422a4973,47437,104.92,
089842,correio_manha,1907,per089842_1907_02330,1,ocr-tesseract-scans-bn,1.0.0,tesseract,5.4.0.20240606,leptonica-1.84.1,por,3,1,best,ok,2.0,b2e95a0470972fc139375397d3807459e91020437c9e4c1047bb9d54535e0b67,33359,101.34,
089842,correio_manha,1907,per089842_1907_03016,5,ocr-tesseract-scans-bn,1.0.0,tesseract,5.4.0.20240606,leptonica-1.84.1,por,3,1,best,vazio,2.0,e3b0c44298fc1c149afbf4c8996fb92427ae41e4649b934ca495991b7852b855,0,15.46,
089842,correio_manha,1907,per089842_1907_04003,1,ocr-tesseract-scans-bn,1.0.0,tesseract,5.4.0.20240606,leptonica-1.84.1,por,3,1,best,ok,2.0,6072e6f8b9acf6be965f584da2775b207d9ecc33e934e8a12dac733ff012aa7a,46397,85.01,
089842,correio_manha,1908,per089842_1908_02376,1,ocr-tesseract-scans-bn,1.0.0,tesseract,5.4.0.20240606,leptonica-1.84.1,por,3,1,best,ok,2.0,880fe12989368a7da1d17e3afc5ec03cf746f37e685a35a39e438e61e2daddc9,39545,88.27,
089842,correio_manha,1908,per089842_1908_02474,4,ocr-tesseract-scans-bn,1.0.0,tesseract,5.4.0.20240606,leptonica-1.84.1,por,3,1,best,ok,2.0,b90472fbf510932b4e02de0d74a55d250c938830af3b39a9e8758e22bf492e17,35014,77.06,
089842,correio_manha,1908,per089842_1908_02556,5,ocr-tesseract-scans-bn,1.0.0,tesseract,5.4.0.20240606,leptonica-1.84.1,por,3,1,best,ok,2.0,6ced1b925464b65e3b8c9f0d235df3173bfdd3dd2dac888c8a194bb11552f183,47728,92.38,
089842,correio_manha,1908,per089842_1908_02571,3,ocr-tesseract-scans-bn,1.0.0,tesseract,5.4.0.20240606,leptonica-1.84.1,por,3,1,best,ok,2.0,bd069e76ab4b8370e6ff9060a79b41d478183efbc59b8e5efa22a562bb1afcde,50477,119.66,
089842,correio_manha,1908,per089842_1908_02632,1,ocr-tesseract-scans-bn,1.0.0,tesseract,5.4.0.20240606,leptonica-1.84.1,por,3,1,best,ok,2.0,2c2d3ccbba6e268fb7cb9ce3d35a07a2b51d1e972378f68fe2e3f69520e6bf7b,43842,98.6,
089842,correio_manha,1908,per089842_1908_02651,1,ocr-tesseract-scans-bn,1.0.0,tesseract,5.4.0.20240606,leptonica-1.84.1,por,3,1,best,ok,2.0,5955f6e345c62d19d8dc4c9356d6f2ca5e67618829fa859a8035685afd967881,40698,77.91,
089842,correio_manha,1908,per089842_1908_02679,1,ocr-tesseract-scans-bn,1.0.0,tesseract,5.4.0.20240606,leptonica-1.84.1,por,3,1,best,ok,2.0,913e5464471e404c75086f8e3ca2344e2f6ba98ed5635433512495d9f3f6f2c4,43632,84.34,
089842,correio_manha,1909,per089842_1909_02777,3,ocr-tesseract-scans-bn,1.0.0,tesseract,5.4.0.20240606,leptonica-1.84.1,por,3,1,best,vazio,2.0,e3b0c44298fc1c149afbf4c8996fb92427ae41e4649b934ca495991b7852b855,0,20.56,
089842,correio_manha,1909,per089842_1909_02818,1,ocr-tesseract-scans-bn,1.0.0,tesseract,5.4.0.20240606,leptonica-1.84.1,por,3,1,best,ok,2.0,68b06e614f6d82c847e6d4b44b9ac92e050184b5dc29aef91f013e8fd43eb105,33382,76.0,
089842,correio_manha,1909,per089842_1909_02944,3,ocr-tesseract-scans-bn,1.0.0,tesseract,5.4.0.20240606,leptonica-1.84.1,por,3,1,best,ok,2.0,68f4a449513c67bbd696825a593d315c7bf4a5d4959453c044c1af62ef453dfd,49322,89.05,
089842,correio_manha,1909,per089842_1909_02967,1,ocr-tesseract-scans-bn,1.0.0,tesseract,5.4.0.20240606,leptonica-1.84.1,por,3,1,best,ok,2.0,d5ff7da50bbd36ec771a8147ea738dc19807c67a581b86914e02ca1942c92504,46100,91.24,
089842,correio_manha,1909,per089842_1909_02986,1,ocr-tesseract-scans-bn,1.0.0,tesseract,5.4.0.20240606,leptonica-1.84.1,por,3,1,best,ok,2.0,8c20a8576d10a891289f1af5032c3d9b9a02fe1a4d9c1a093df0b2aee621aa0f,51193,99.48,
089842,correio_manha,1909,per089842_1909_03046,1,ocr-tesseract-scans-bn,1.0.0,tesseract,5.4.0.20240606,leptonica-1.84.1,por,3,1,best,ok,2.0,154577e2cd1d61192e30138ab66a0108f63fb0e6f0f7ce3b40445555aab75d5a,48302,98.44,
089842,correio_manha,1909,per089842_1909_03058,1,ocr-tesseract-scans-bn,1.0.0,tesseract,5.4.0.20240606,leptonica-1.84.1,por,3,1,best,ok,2.0,7b8502c6abce0ee8c11718e203fc50e720bab3af35c64b67e4f1729b8d739bd6,50850,93.93,
089842,correio_manha,1910,per089842_1910_03095,1,ocr-tesseract-scans-bn,1.0.0,tesseract,5.4.0.20240606,leptonica-1.84.1,por,3,1,best,ok,2.0,5ea2f42d82026b137a56e5feaa23cfc0496c1ea6ce1de57f9345d005f16767b8,50989,94.35,
089842,correio_manha,1910,per089842_1910_03249,1,ocr-tesseract-scans-bn,1.0.0,tesseract,5.4.0.20240606,leptonica-1.84.1,por,3,1,best,ok,2.0,ff9ebcc1ca7d0f532d80e491394db78a135f1625a6b7f46c665d59e59d16aac0,42331,89.69,
089842,correio_manha,1910,per089842_1910_03297,1,ocr-tesseract-scans-bn,1.0.0,tesseract,5.4.0.20240606,leptonica-1.84.1,por,3,1,best,ok,2.0,07f71a34e0a3e77a33ba793bd81685f1e36045cd90d8bf50b21c7af1540a2d21,39513,102.07,
089842,correio_manha,1910,per089842_1910_03326,1,ocr-tesseract-scans-bn,1.0.0,tesseract,5.4.0.20240606,leptonica-1.84.1,por,3,1,best,ok,2.0,2c0b2f5dc8427619dc6116ed7e903ed3a38e9daaad174fb50b6c1366e1a94f5f,41893,96.1,
089842,correio_manha,1910,per089842_1910_03390,1,ocr-tesseract-scans-bn,1.0.0,tesseract,5.4.0.20240606,leptonica-1.84.1,por,3,1,best,ok,2.0,29e63a0e17a0a1930bf53f08d63721cdc7508286473d6827a2188b1b6648843c,39751,87.97,
089842,correio_manha,1910,per089842_1910_03391,5,ocr-tesseract-scans-bn,1.0.0,tesseract,5.4.0.20240606,leptonica-1.84.1,por,3,1,best,ok,2.0,2b8f768b8586e1e9f84080357429987566ea10d672ff21b23acddfa8436673ec,31830,74.4,
089842,correio_manha,1910,per089842_1910_03428,2,ocr-tesseract-scans-bn,1.0.0,tesseract,5.4.0.20240606,leptonica-1.84.1,por,3,1,best,vazio,2.0,e3b0c44298fc1c149afbf4c8996fb92427ae41e4649b934ca495991b7852b855,0,22.41,
089842,correio_manha,1911,per089842_1911_03484,1,ocr-tesseract-scans-bn,1.0.0,tesseract,5.4.0.20240606,leptonica-1.84.1,por,3,1,best,ok,2.0,c28de3177608eeed2e66d0fbe1acf55c9b48f61623c76a326533a7ccf08e029f,43973,99.53,
089842,correio_manha,1911,per089842_1911_03489,5,ocr-tesseract-scans-bn,1.0.0,tesseract,5.4.0.20240606,leptonica-1.84.1,por,3,1,best,ok,2.0,34a75984e01293225271d309fa3d482835fad3463da7833ff3f77f360f82e954,42805,123.93,
089842,correio_manha,1911,per089842_1911_03502,1,ocr-tesseract-scans-bn,1.0.0,tesseract,5.4.0.20240606,leptonica-1.84.1,por,3,1,best,ok,2.0,0e216b1db60abc3f934a3f6a9bd4352efaf88156b4519c02d3972a6a9d0f4af1,40718,100.56,
089842,correio_manha,1911,per089842_1911_03551,1,ocr-tesseract-scans-bn,1.0.0,tesseract,5.4.0.20240606,leptonica-1.84.1,por,3,1,best,ok,2.0,0cd69cda33ec87c5c3ff43512e9471e69fa3886de83db00dcbe9ebf2c4b23157,40673,90.29,
089842,correio_manha,1911,per089842_1911_03646,1,ocr-tesseract-scans-bn,1.0.0,tesseract,5.4.0.20240606,leptonica-1.84.1,por,3,1,best,ok,2.0,507191d695d14a4019fcf6bfc478e45e9329a8265699bf43707a3595c7506a2a,41782,108.08,
089842,correio_manha,1911,per089842_1911_03756,1,ocr-tesseract-scans-bn,1.0.0,tesseract,5.4.0.20240606,leptonica-1.84.1,por,3,1,best,ok,2.0,d8ac296370e591c8d934940bdec8c6359d4667b463ccc546ff231d85a43a8b08,44365,89.91,
089842,correio_manha,1911,per089842_1911_03783,1,ocr-tesseract-scans-bn,1.0.0,tesseract,5.4.0.20240606,leptonica-1.84.1,por,3,1,best,ok,2.0,3cf751866f6364e5cdb798e8ff60f0918d409247d302b8a03124fda22a68ebdd,34917,74.07,
089842,correio_manha,1912,per089842_1912_03878,7,ocr-tesseract-scans-bn,1.0.0,tesseract,5.4.0.20240606,leptonica-1.84.1,por,3,1,best,ok,2.0,d6766852031e704b484313a88da7018260f75e99a418800c6ca2c45fe39c532c,47952,112.81,
089842,correio_manha,1912,per089842_1912_03917,5,ocr-tesseract-scans-bn,1.0.0,tesseract,5.4.0.20240606,leptonica-1.84.1,por,3,1,best,ok,2.0,1b99a78ee39313fdee9759d2f6d9c83042c7beda7e7dd0021ad09cb69673b60f,22477,56.1,
089842,correio_manha,1912,per089842_1912_03924,6,ocr-tesseract-scans-bn,1.0.0,tesseract,5.4.0.20240606,leptonica-1.84.1,por,3,1,best,ok,2.0,5501935fe7515abbd534b975e0f735d9636d6477d58e0389904a9c7f77efde72,28165,82.83,
089842,correio_manha,1912,per089842_1912_03962,1,ocr-tesseract-scans-bn,1.0.0,tesseract,5.4.0.20240606,leptonica-1.84.1,por,3,1,best,ok,2.0,d06eea0ccdd68b1ff5f76582c19dd92e4a8a82e9e3a84f2e3dbed1eb1ec7bbb3,10576,31.03,
089842,correio_manha,1912,per089842_1912_04003,1,ocr-tesseract-scans-bn,1.0.0,tesseract,5.4.0.20240606,leptonica-1.84.1,por,3,1,best,ok,2.0,cdc00e4074bd9c99e5f59fd36ae1a0d5abe220fbb130e7d25be937e7f3f8c99d,34576,71.12,
089842,correio_manha,1912,per089842_1912_04092,7,ocr-tesseract-scans-bn,1.0.0,tesseract,5.4.0.20240606,leptonica-1.84.1,por,3,1,best,ok,2.0,b81dfcdc5f20f583050d51287c1b5036ebd272fed67ceb338c33591e2fb5b698,41303,81.49,
089842,correio_manha,1912,per089842_1912_05065,1,ocr-tesseract-scans-bn,1.0.0,tesseract,5.4.0.20240606,leptonica-1.84.1,por,3,1,best,ok,2.0,caa057089dd8221e5706e76f0ee7b69d2ffa799e2e44c7863ae7f0d48a92c41b,38436,83.49,
089842,correio_manha,1913,per089842_1913_05187,2,ocr-tesseract-scans-bn,1.0.0,tesseract,5.4.0.20240606,leptonica-1.84.1,por,3,1,best,ok,2.0,dd45bbbeffbb6fe4d06272ade3cd861cea1082940b8f936c6b6addbff9fab4b7,44113,100.06,
089842,correio_manha,1913,per089842_1913_05207,1,ocr-tesseract-scans-bn,1.0.0,tesseract,5.4.0.20240606,leptonica-1.84.1,por,3,1,best,ok,2.0,1271126af60b0cff398bebe88659966ae96da11248e3f815b5ade4559efd0ce2,35507,90.71,
089842,correio_manha,1913,per089842_1913_05289,1,ocr-tesseract-scans-bn,1.0.0,tesseract,5.4.0.20240606,leptonica-1.84.1,por,3,1,best,ok,2.0,4b65d50f8686085fda418e7e1c8a706cc24dcd2031b53a8663f94383b54fdd69,38745,97.76,
089842,correio_manha,1913,per089842_1913_05337,1,ocr-tesseract-scans-bn,1.0.0,tesseract,5.4.0.20240606,leptonica-1.84.1,por,3,1,best,ok,2.0,12f5520ed4d43981c0be3bc29f91c6cbdfea819b1c6d4c5c241f5005f962ba3e,40962,76.85,
089842,correio_manha,1913,per089842_1913_05349,1,ocr-tesseract-scans-bn,1.0.0,tesseract,5.4.0.20240606,leptonica-1.84.1,por,3,1,best,ok,2.0,1bb71deb55760c296fd202b9475ebb50ab3a223717cd4728ee601e7cd7f02f87,43877,86.32,
089842,correio_manha,1913,per089842_1913_05393,2,ocr-tesseract-scans-bn,1.0.0,tesseract,5.4.0.20240606,leptonica-1.84.1,por,3,1,best,ok,2.0,e4d68c54906702279a050fedead0983e236a906af58c45af6229977a12789281,51003,102.09,
089842,correio_manha,1913,per089842_1913_05421,3,ocr-tesseract-scans-bn,1.0.0,tesseract,5.4.0.20240606,leptonica-1.84.1,por,3,1,best,ok,2.0,b8bd3a6a705c958e4e20d678c831a3e5287125141d9e35aaf22e6eed44060567,41609,83.04,
089842,correio_manha,1914,per089842_1914_05608,2,ocr-tesseract-scans-bn,1.0.0,tesseract,5.4.0.20240606,leptonica-1.84.1,por,3,1,best,ok,2.0,6bc3f8b5aa54f69d2e14cdcd24515f727c569c0f9f45659b66cc72d6eb16b9f8,38296,105.81,
089842,correio_manha,1914,per089842_1914_05696,9,ocr-tesseract-scans-bn,1.0.0,tesseract,5.4.0.20240606,leptonica-1.84.1,por,3,1,best,ok,2.0,bedff410e9f63b229b63598d46d43ec64399ddde8b425bc189bc2b20ceed486b,17806,52.7,
089842,correio_manha,1914,per089842_1914_05707,3,ocr-tesseract-scans-bn,1.0.0,tesseract,5.4.0.20240606,leptonica-1.84.1,por,3,1,best,ok,2.0,cf7f12173ea2129ab2de968f25a9c50ad287455ed2d5dffdde6a3354beb36264,52923,114.65,
089842,correio_manha,1914,per089842_1914_05718,11,ocr-tesseract-scans-bn,1.0.0,tesseract,5.4.0.20240606,leptonica-1.84.1,por,3,1,best,ok,2.0,bcf81df93acafdee005b52a53f6040c0c87792ddb6e1621c4ab5be19d63a0648,25423,50.83,
089842,correio_manha,1914,per089842_1914_05771,1,ocr-tesseract-scans-bn,1.0.0,tesseract,5.4.0.20240606,leptonica-1.84.1,por,3,1,best,ok,2.0,d7eadad05d9d6a91f4b9b54c6e673ca07e3b312f53ea9acf40ff7a32b6a421c2,30206,55.49,
089842,correio_manha,1914,per089842_1914_05776,1,ocr-tesseract-scans-bn,1.0.0,tesseract,5.4.0.20240606,leptonica-1.84.1,por,3,1,best,ok,2.0,b1abe5ccd33867b1b2fed47546af4d0d92a99a5515734b14f48a89a8e292b1f3,31551,63.86,
089842,correio_manha,1914,per089842_1914_05783,4,ocr-tesseract-scans-bn,1.0.0,tesseract,5.4.0.20240606,leptonica-1.84.1,por,3,1,best,ok,2.0,bae3e5d770733c315b89660b32d31cde205b1cc36fe4a794dcd91da8f3083af8,53365,112.82,
090972,correio_paulistano,1906,per090972_1906_15351,2,ocr-tesseract-scans-bn,1.0.0,tesseract,5.4.0.20240606,leptonica-1.84.1,por,3,1,best,ok,2.0,1c6bbc37174cf0718067fed51eced89239a5d108b11c2a404fe83696b84beefe,47606,98.52,
090972,correio_paulistano,1906,per090972_1906_15459,2,ocr-tesseract-scans-bn,1.0.0,tesseract,5.4.0.20240606,leptonica-1.84.1,por,3,1,best,ok,2.0,797abbf77faf0f65f0976cd5e34129b9f468b196ccaa60b349f2a771efe8ce9d,46751,96.49,
090972,correio_paulistano,1906,per090972_1906_15462,2,ocr-tesseract-scans-bn,1.0.0,tesseract,5.4.0.20240606,leptonica-1.84.1,por,3,1,best,ok,2.0,789c8a009b4e594f92402a7166cdf1c7b0b7a03e76782175ba845736cfe45256,63019,139.71,
090972,correio_paulistano,1906,per090972_1906_15467,1,ocr-tesseract-scans-bn,1.0.0,tesseract,5.4.0.20240606,leptonica-1.84.1,por,3,1,best,ok,2.0,ef60b97507b8dd8aed34491e36c05754d850991e8f8d51ee7f983e194fbfe3e0,40578,75.47,
090972,correio_paulistano,1906,per090972_1906_15497,2,ocr-tesseract-scans-bn,1.0.0,tesseract,5.4.0.20240606,leptonica-1.84.1,por,3,1,best,ok,2.0,ec78a15501314f422641148617945ca4b2e4f8df0c80f06f7c47dc84bb8c1d18,48372,92.42,
090972,correio_paulistano,1906,per090972_1906_15538,1,ocr-tesseract-scans-bn,1.0.0,tesseract,5.4.0.20240606,leptonica-1.84.1,por,3,1,best,ok,2.0,3cd20de61eab6e0d9711eb32d655a8d387bbe13a152b3eb46296fb8b0eab4ed3,41291,85.36,
090972,correio_paulistano,1906,per090972_1906_15576,2,ocr-tesseract-scans-bn,1.0.0,tesseract,5.4.0.20240606,leptonica-1.84.1,por,3,1,best,ok,2.0,34d2ff33d9ecd25f4179d3ebfddfb01ba38189fda69fe4d763626f47a0e84c02,50182,112.51,
090972,correio_paulistano,1907,per090972_1907_15581,1,ocr-tesseract-scans-bn,1.0.0,tesseract,5.4.0.20240606,leptonica-1.84.1,por,3,1,best,ok,2.0,40116627079e1bc50a4577de683e7147405a6d29485e8332bbfd8a82bb443827,39237,80.34,
090972,correio_paulistano,1907,per090972_1907_15609,2,ocr-tesseract-scans-bn,1.0.0,tesseract,5.4.0.20240606,leptonica-1.84.1,por,3,1,best,ok,2.0,fafaa446c176e699df2a733c2847eb70f043f993a151191ef83a0dd4d69c3bfb,45061,81.32,
090972,correio_paulistano,1907,per090972_1907_15615,2,ocr-tesseract-scans-bn,1.0.0,tesseract,5.4.0.20240606,leptonica-1.84.1,por,3,1,best,ok,2.0,474a317988d44a32145c955762d4776168c95c21b836f7a9f0932dff09fdf1d5,43989,95.54,
090972,correio_paulistano,1907,per090972_1907_15619,1,ocr-tesseract-scans-bn,1.0.0,tesseract,5.4.0.20240606,leptonica-1.84.1,por,3,1,best,ok,2.0,14b65bacfe2adeeb8be178369f2b5cf8a2087955be984b81aaa34d5c548f5335,39627,94.8,
090972,correio_paulistano,1907,per090972_1907_15713,2,ocr-tesseract-scans-bn,1.0.0,tesseract,5.4.0.20240606,leptonica-1.84.1,por,3,1,best,ok,2.0,6998469a9f2f2581ac230fb18c6bc929cdeda7950714f37523c10849bcfeb32f,51550,100.29,
090972,correio_paulistano,1907,per090972_1907_15924,2,ocr-tesseract-scans-bn,1.0.0,tesseract,5.4.0.20240606,leptonica-1.84.1,por,3,1,best,ok,2.0,eb37392b4415b9f0776c45d07ac4e00966ea95184a9972a2bc88d10a17d0b775,39687,74.38,
090972,correio_paulistano,1907,per090972_1907_15937,3,ocr-tesseract-scans-bn,1.0.0,tesseract,5.4.0.20240606,leptonica-1.84.1,por,3,1,best,ok,2.0,925b8eeaaea48aa4cb7620d2cc95f6de7c8fe807f5993411883102bfc06aa993,42147,80.92,
090972,correio_paulistano,1908,per090972_1908_15959,2,ocr-tesseract-scans-bn,1.0.0,tesseract,5.4.0.20240606,leptonica-1.84.1,por,3,1,best,ok,2.0,feecade045b72cd1390a0db4929c1f70198719cfeb8c65e31ae057581e6ade46,41307,82.0,
090972,correio_paulistano,1908,per090972_1908_15987,2,ocr-tesseract-scans-bn,1.0.0,tesseract,5.4.0.20240606,leptonica-1.84.1,por,3,1,best,ok,2.0,3cb275da9afa7e3dc2cf1beb2b259936bc61d05fb1fbb474d4d2a86600007ff3,42373,87.87,
090972,correio_paulistano,1908,per090972_1908_16085,2,ocr-tesseract-scans-bn,1.0.0,tesseract,5.4.0.20240606,leptonica-1.84.1,por,3,1,best,ok,2.0,b4cef5923f27f945f10bcb2d57052dea234c46699a1f5eb0bac990d7215da1fa,47778,88.2,
090972,correio_paulistano,1908,per090972_1908_16151,2,ocr-tesseract-scans-bn,1.0.0,tesseract,5.4.0.20240606,leptonica-1.84.1,por,3,1,best,ok,2.0,dc3e822bb7d53928ffff9f77c20917965bc9729162bcb74158ed5f3d3955ae67,43850,83.63,
090972,correio_paulistano,1908,per090972_1908_16197,2,ocr-tesseract-scans-bn,1.0.0,tesseract,5.4.0.20240606,leptonica-1.84.1,por,3,1,best,ok,2.0,f7ab4c872feed3e8540748aa08d6abdd02c8bd45b67d428fc43228d44112e3c6,42622,85.0,
090972,correio_paulistano,1908,per090972_1908_16282,3,ocr-tesseract-scans-bn,1.0.0,tesseract,5.4.0.20240606,leptonica-1.84.1,por,3,1,best,ok,2.0,0e6c2abdad0523ecde4159e35e5fa8be74537fe72c813d5b49cc3483d3267929,44037,86.39,
090972,correio_paulistano,1908,per090972_1908_16287,3,ocr-tesseract-scans-bn,1.0.0,tesseract,5.4.0.20240606,leptonica-1.84.1,por,3,1,best,ok,2.0,05c841ef41b088e1b98198534fd369b69c74a44e6393f46abb7fea20c970c54a,49129,91.76,
090972,correio_paulistano,1909,per090972_1909_16330,2,ocr-tesseract-scans-bn,1.0.0,tesseract,5.4.0.20240606,leptonica-1.84.1,por,3,1,best,ok,2.0,1ada1dde71cfa9b9b53324ac277d22f7b2a2d876fa2fd66f9a110a25b0a721a8,33421,60.26,
090972,correio_paulistano,1909,per090972_1909_16378,2,ocr-tesseract-scans-bn,1.0.0,tesseract,5.4.0.20240606,leptonica-1.84.1,por,3,1,best,ok,2.0,9f620d70c3b690d0d5d19ecbff282a8dd1b667974a705508a0d6dabccb64b0be,43560,81.42,
090972,correio_paulistano,1909,per090972_1909_16536,2,ocr-tesseract-scans-bn,1.0.0,tesseract,5.4.0.20240606,leptonica-1.84.1,por,3,1,best,ok,2.0,1ba091b74445cc78261c2dcebc963ec4cf3b311060432e7ec59012155d6a2b99,38503,74.24,
090972,correio_paulistano,1909,per090972_1909_16584,4,ocr-tesseract-scans-bn,1.0.0,tesseract,5.4.0.20240606,leptonica-1.84.1,por,3,1,best,ok,2.0,d6e340e2260405a880c931db253e8deccff87cdb5f384ab4ad3f2b2fe92ec805,43924,82.44,
090972,correio_paulistano,1909,per090972_1909_16613,2,ocr-tesseract-scans-bn,1.0.0,tesseract,5.4.0.20240606,leptonica-1.84.1,por,3,1,best,ok,2.0,e3539fe952ccd86702cf18cb535de0e3e82929c2c6b030450b15edff17d9a4e0,38406,71.4,
090972,correio_paulistano,1909,per090972_1909_16615,2,ocr-tesseract-scans-bn,1.0.0,tesseract,5.4.0.20240606,leptonica-1.84.1,por,3,1,best,ok,2.0,95c6792a7d81f0814d0d9a8220ed3046aba739bbfb44101a35ccb402caecbbae,39380,71.79,
090972,correio_paulistano,1909,per090972_1909_16631,3,ocr-tesseract-scans-bn,1.0.0,tesseract,5.4.0.20240606,leptonica-1.84.1,por,3,1,best,ok,2.0,76a9f83e5aac09f21f4f9f4abfb24d0f06f0423c81f32628998fc18681bb6d17,44888,82.63,
090972,correio_paulistano,1910,per090972_1910_16672,1,ocr-tesseract-scans-bn,1.0.0,tesseract,5.4.0.20240606,leptonica-1.84.1,por,3,1,best,ok,2.0,454d57ced28813ff395786a13bad9b1d5acacca99d5e79f91d95eaca863e4ca3,33925,67.26,
090972,correio_paulistano,1910,per090972_1910_16714,1,ocr-tesseract-scans-bn,1.0.0,tesseract,5.4.0.20240606,leptonica-1.84.1,por,3,1,best,ok,2.0,db532795a0a2e0737fbf0845506ba7b344c4cae3e29f19d6429997f66995aaf2,43443,90.46,
090972,correio_paulistano,1910,per090972_1910_16716,1,ocr-tesseract-scans-bn,1.0.0,tesseract,5.4.0.20240606,leptonica-1.84.1,por,3,1,best,ok,2.0,33085c0faa5a04bd626849b8fea610850f0d77616c641a8055d44ed81f48a0dd,35868,71.04,
090972,correio_paulistano,1910,per090972_1910_16765,1,ocr-tesseract-scans-bn,1.0.0,tesseract,5.4.0.20240606,leptonica-1.84.1,por,3,1,best,ok,2.0,11cdd8b26f5cd7080e94591ea1a22e037c0cfdc30dc520bf0546e6dacbf4579a,41905,79.22,
090972,correio_paulistano,1910,per090972_1910_16798,2,ocr-tesseract-scans-bn,1.0.0,tesseract,5.4.0.20240606,leptonica-1.84.1,por,3,1,best,ok,2.0,33e4f8a95c99b6f7eb004e8cd708cc373949c750322d5584c6b85719610b1c94,37329,64.04,
090972,correio_paulistano,1910,per090972_1910_16832,1,ocr-tesseract-scans-bn,1.0.0,tesseract,5.4.0.20240606,leptonica-1.84.1,por,3,1,best,ok,2.0,6c83379664d4824450ed126a7c0db14de9c0e258305cfb83e3ed2c759464398d,35578,79.13,
090972,correio_paulistano,1910,per090972_1910_16955,1,ocr-tesseract-scans-bn,1.0.0,tesseract,5.4.0.20240606,leptonica-1.84.1,por,3,1,best,ok,2.0,bb05ea8963ee8d3cc727c0f92b4d063abf1f79890aab6e0a2f33a80d16dd88ba,43012,91.25,
090972,correio_paulistano,1911,per090972_1911_17064,1,ocr-tesseract-scans-bn,1.0.0,tesseract,5.4.0.20240606,leptonica-1.84.1,por,3,1,best,ok,2.0,57a9040632953f8b2894f6476c6e58264b8fd91248d3f0fddd5e1fb2fe37b011,44183,87.14,
090972,correio_paulistano,1911,per090972_1911_17074,1,ocr-tesseract-scans-bn,1.0.0,tesseract,5.4.0.20240606,leptonica-1.84.1,por,3,1,best,ok,2.0,75845b0522ecb2c3877460be9d76697f9e2c908a08d29056b262f67c74f0bb30,43954,77.42,
090972,correio_paulistano,1911,per090972_1911_17262,2,ocr-tesseract-scans-bn,1.0.0,tesseract,5.4.0.20240606,leptonica-1.84.1,por,3,1,best,ok,2.0,00b8c608880f6ce98d415fb7058faee5c216ddbfcbbe76e5d2e5e7e8fbf291fd,42750,93.73,
090972,correio_paulistano,1911,per090972_1911_17279,1,ocr-tesseract-scans-bn,1.0.0,tesseract,5.4.0.20240606,leptonica-1.84.1,por,3,1,best,vazio,2.0,e3b0c44298fc1c149afbf4c8996fb92427ae41e4649b934ca495991b7852b855,0,15.69,
090972,correio_paulistano,1911,per090972_1911_17306,2,ocr-tesseract-scans-bn,1.0.0,tesseract,5.4.0.20240606,leptonica-1.84.1,por,3,1,best,ok,2.0,ddcbc1fbbc4f030cd3342e7efafdb4ca64ab804958255b3afdd8105ab4283374,43504,84.0,
090972,correio_paulistano,1911,per090972_1911_17313,3,ocr-tesseract-scans-bn,1.0.0,tesseract,5.4.0.20240606,leptonica-1.84.1,por,3,1,best,ok,2.0,458e547fa37cf1b00b5a70030dc287d773f49ed7d664aed1ef34ed70228fb6c4,40701,75.0,
090972,correio_paulistano,1911,per090972_1911_17368,1,ocr-tesseract-scans-bn,1.0.0,tesseract,5.4.0.20240606,leptonica-1.84.1,por,3,1,best,ok,2.0,01ed285cc748f8a2b44ed89a88713aed94ae6abd57c8311ad22898a53c08fe7e,47657,95.93,
090972,correio_paulistano,1912,per090972_1912_17455,3,ocr-tesseract-scans-bn,1.0.0,tesseract,5.4.0.20240606,leptonica-1.84.1,por,3,1,best,ok,2.0,4e9e17f2563ce8376871afd2e2112e2ec2821d5c2079824d1fdab408bdecf99e,49177,94.88,
090972,correio_paulistano,1912,per090972_1912_17476,3,ocr-tesseract-scans-bn,1.0.0,tesseract,5.4.0.20240606,leptonica-1.84.1,por,3,1,best,ok,2.0,5da6ae2800c7980b4563dae9b461baddc55a8d3dfeb0ac95cab0b694c741b22f,43373,83.41,
090972,correio_paulistano,1912,per090972_1912_17542,1,ocr-tesseract-scans-bn,1.0.0,tesseract,5.4.0.20240606,leptonica-1.84.1,por,3,1,best,ok,2.0,276d19eb4e272994a0c3c5f4c666e1c155357332eb5dcd68660ab08b1d087214,43877,83.42,
090972,correio_paulistano,1912,per090972_1912_17595,4,ocr-tesseract-scans-bn,1.0.0,tesseract,5.4.0.20240606,leptonica-1.84.1,por,3,1,best,ok,2.0,08200cd7d07096eb15c7b921514c8cb2e1268c7c564ca58cbe65b303b57bfe51,46999,91.75,
090972,correio_paulistano,1912,per090972_1912_17616,4,ocr-tesseract-scans-bn,1.0.0,tesseract,5.4.0.20240606,leptonica-1.84.1,por,3,1,best,ok,2.0,904422d2d0cc432597e9b0bb3639e6c04e7d9c9fe979ed6add38296a5aa06674,47294,83.31,
090972,correio_paulistano,1912,per090972_1912_17650,4,ocr-tesseract-scans-bn,1.0.0,tesseract,5.4.0.20240606,leptonica-1.84.1,por,3,1,best,ok,2.0,81e6004ea20534a7a094f48aef4b33734028c1734bb7b112eb1aad0866310cb8,44311,77.73,
090972,correio_paulistano,1912,per090972_1912_17753,9,ocr-tesseract-scans-bn,1.0.0,tesseract,5.4.0.20240606,leptonica-1.84.1,por,3,1,best,ok,2.0,2d14d2ef452d3e3cdbc8a5b34c4ad5def10a99ebb89d49ff7c77a53e976fe289,34296,60.08,
090972,correio_paulistano,1913,per090972_1913_17806,5,ocr-tesseract-scans-bn,1.0.0,tesseract,5.4.0.20240606,leptonica-1.84.1,por,3,1,best,ok,2.0,8abfad31656a357114eeb2e401450d02b1b94916f4910c5cb65c1a304d32cb0c,40144,78.8,
090972,correio_paulistano,1913,per090972_1913_17832,5,ocr-tesseract-scans-bn,1.0.0,tesseract,5.4.0.20240606,leptonica-1.84.1,por,3,1,best,ok,2.0,3d399774f9b43011f7ea4660f0612919383e04b428cb602e81687b17aedb2da2,44164,77.56,
090972,correio_paulistano,1913,per090972_1913_17846,4,ocr-tesseract-scans-bn,1.0.0,tesseract,5.4.0.20240606,leptonica-1.84.1,por,3,1,best,ok,2.0,a882c19f2d3c6562b925bc05c18075b2f51280c505df8d913c84d7f20a74bed6,46013,112.38,
090972,correio_paulistano,1913,per090972_1913_17905,4,ocr-tesseract-scans-bn,1.0.0,tesseract,5.4.0.20240606,leptonica-1.84.1,por,3,1,best,ok,2.0,2bd63d776be3d72f5fa18a4cdf0e2a68ea2893353e7df2b7adb4e416fbd6a658,48481,88.36,
090972,correio_paulistano,1913,per090972_1913_17979,2,ocr-tesseract-scans-bn,1.0.0,tesseract,5.4.0.20240606,leptonica-1.84.1,por,3,1,best,ok,2.0,a30ed0a6404f07e1cfe401ffa67e63c758ad0fdcfacb2ebc5357d220dbd843de,44534,97.38,
090972,correio_paulistano,1913,per090972_1913_18056,2,ocr-tesseract-scans-bn,1.0.0,tesseract,5.4.0.20240606,leptonica-1.84.1,por,3,1,best,ok,2.0,62b0b79e206c3bc660e72a820673eef64762803528a9f0c4240327bdf8c9b084,45086,84.06,
090972,correio_paulistano,1913,per090972_1913_18120,5,ocr-tesseract-scans-bn,1.0.0,tesseract,5.4.0.20240606,leptonica-1.84.1,por,3,1,best,ok,2.0,124007b63a712cd38e61ecbb2c29ba807496c54f6664ba9b9ceaea7d65f19c0f,45414,84.51,
090972,correio_paulistano,1914,per090972_1914_18189,3,ocr-tesseract-scans-bn,1.0.0,tesseract,5.4.0.20240606,leptonica-1.84.1,por,3,1,best,ok,2.0,a044931219d8e76d12c96f61e7e83d29b301baac3198de2b71503e42c75a3fef,46262,89.77,
090972,correio_paulistano,1914,per090972_1914_18196,3,ocr-tesseract-scans-bn,1.0.0,tesseract,5.4.0.20240606,leptonica-1.84.1,por,3,1,best,ok,2.0,206f100e19e302ad4f9e45e8ba0f4922920ad854e0c5bae9a0342d6944d2b909,44463,85.04,
090972,correio_paulistano,1914,per090972_1914_18278,2,ocr-tesseract-scans-bn,1.0.0,tesseract,5.4.0.20240606,leptonica-1.84.1,por,3,1,best,ok,2.0,c338107cc078fbe52d7bfa2aba2a37f567d1fbbada08ef71ad2234d4d31eeb69,43227,93.12,
090972,correio_paulistano,1914,per090972_1914_18298,5,ocr-tesseract-scans-bn,1.0.0,tesseract,5.4.0.20240606,leptonica-1.84.1,por,3,1,best,ok,2.0,2b000c5756b4683c1d8cd0ae98aebe0daf8abe0091335dfe3153dc716cce3a59,46801,87.35,
090972,correio_paulistano,1914,per090972_1914_18372,6,ocr-tesseract-scans-bn,1.0.0,tesseract,5.4.0.20240606,leptonica-1.84.1,por,3,1,best,ok,2.0,b171c37a65abcf179269887a7acf5040010554701821945d34bdc5ed341c536d,13528,27.56,
090972,correio_paulistano,1914,per090972_1914_18391,2,ocr-tesseract-scans-bn,1.0.0,tesseract,5.4.0.20240606,leptonica-1.84.1,por,3,1,best,ok,2.0,e1db6205174d07181b4cfd7c2508e1e8ee8b3811d70de6d5f7ee1b342d33820c,32826,68.65,
090972,correio_paulistano,1914,per090972_1914_18397,4,ocr-tesseract-scans-bn,1.0.0,tesseract,5.4.0.20240606,leptonica-1.84.1,por,3,1,best,ok,2.0,0b97cf69a4464617468a27630f7a4cea668c266f9ffd93ec9974af83c825dd07,40754,78.92,
103730,gazeta_noticias,1906,per103730_1906_00100,3,ocr-tesseract-scans-bn,1.0.0,tesseract,5.4.0.20240606,leptonica-1.84.1,por,3,1,best,ok,2.0,7407562f18c041678adb960c644abeaca27a6807e181240f6be430203a2810c0,44533,99.67,
103730,gazeta_noticias,1906,per103730_1906_00110,3,ocr-tesseract-scans-bn,1.0.0,tesseract,5.4.0.20240606,leptonica-1.84.1,por,3,1,best,ok,2.0,e9ae964d63917f690ec5a1f3efd190589749034b448395ee8f55867ae2d9367e,48878,110.54,
103730,gazeta_noticias,1906,per103730_1906_00133,1,ocr-tesseract-scans-bn,1.0.0,tesseract,5.4.0.20240606,leptonica-1.84.1,por,3,1,best,ok,2.0,ec3046b1682b3811261b4da846926052a33c3cd2464b5bbf1fc644a0205b7b21,43359,91.55,
103730,gazeta_noticias,1906,per103730_1906_00232,5,ocr-tesseract-scans-bn,1.0.0,tesseract,5.4.0.20240606,leptonica-1.84.1,por,3,1,best,ok,2.0,30df7b0fe9750fa5a6697757523f7ff8059ea37c413693ac05f3df67c2e053c0,39617,87.36,
103730,gazeta_noticias,1906,per103730_1906_00282,1,ocr-tesseract-scans-bn,1.0.0,tesseract,5.4.0.20240606,leptonica-1.84.1,por,3,1,best,ok,2.0,01d2d60bbb221cf69e113cb565ac878b76b6e244667a912d630df4728611290d,39241,103.6,
103730,gazeta_noticias,1906,per103730_1906_00334,4,ocr-tesseract-scans-bn,1.0.0,tesseract,5.4.0.20240606,leptonica-1.84.1,por,3,1,best,vazio,2.0,e3b0c44298fc1c149afbf4c8996fb92427ae41e4649b934ca495991b7852b855,0,26.97,
103730,gazeta_noticias,1906,per103730_1906_00336,5,ocr-tesseract-scans-bn,1.0.0,tesseract,5.4.0.20240606,leptonica-1.84.1,por,3,1,best,ok,2.0,dd5c8cf715384fb7de16e2172e5f8804545c2cc92eafb09e1de82ad3043fa2c5,48799,115.71,
103730,gazeta_noticias,1907,per103730_1907_00039,6,ocr-tesseract-scans-bn,1.0.0,tesseract,5.4.0.20240606,leptonica-1.84.1,por,3,1,best,ok,2.0,93fd415057fe2447220ba41a802d61483778ca8ed6c76cc067b8af873ed3c43c,25611,54.3,
103730,gazeta_noticias,1907,per103730_1907_00094,1,ocr-tesseract-scans-bn,1.0.0,tesseract,5.4.0.20240606,leptonica-1.84.1,por,3,1,best,ok,2.0,12b4ff1366eecbf112600e63a6da9470b29d484ec7c977633be86242af7fa6d4,50865,98.06,
103730,gazeta_noticias,1907,per103730_1907_00098,3,ocr-tesseract-scans-bn,1.0.0,tesseract,5.4.0.20240606,leptonica-1.84.1,por,3,1,best,ok,2.0,82b3a1abca7e9ee5bbbe006190d6927ebd9c90257381feb65eeddac669a5044e,55599,99.35,
103730,gazeta_noticias,1907,per103730_1907_00148,1,ocr-tesseract-scans-bn,1.0.0,tesseract,5.4.0.20240606,leptonica-1.84.1,por,3,1,best,ok,2.0,6ab37cd347a4af7088e8a1ca65de11433d2103988498a7668284d763a7deffe7,51726,98.45,
103730,gazeta_noticias,1907,per103730_1907_00284,1,ocr-tesseract-scans-bn,1.0.0,tesseract,5.4.0.20240606,leptonica-1.84.1,por,3,1,best,ok,2.0,3360c783eee4b85453e7f751889dad36e70d905f4dcb8112fba5e89cd3b25533,46869,104.53,
103730,gazeta_noticias,1907,per103730_1907_00293,1,ocr-tesseract-scans-bn,1.0.0,tesseract,5.4.0.20240606,leptonica-1.84.1,por,3,1,best,ok,2.0,e14993962cc9efc5251002a4cb627cf0e86257f7daf4efdd875c20ea7e8d8c94,20483,35.18,
103730,gazeta_noticias,1907,per103730_1907_00342,5,ocr-tesseract-scans-bn,1.0.0,tesseract,5.4.0.20240606,leptonica-1.84.1,por,3,1,best,ok,2.0,6924c749ab1be58de2b957919f7b0600aef07bd1e9f7f835b4366bd57052f2e5,50611,97.13,
103730,gazeta_noticias,1908,per103730_1908_00026,5,ocr-tesseract-scans-bn,1.0.0,tesseract,5.4.0.20240606,leptonica-1.84.1,por,3,1,best,ok,2.0,f5905729e84cf7efb6259eb0b5f66b800f813a47857d4eaab06436d3057214fb,48851,90.23,
103730,gazeta_noticias,1908,per103730_1908_00085,1,ocr-tesseract-scans-bn,1.0.0,tesseract,5.4.0.20240606,leptonica-1.84.1,por,3,1,best,ok,2.0,3ea7466601c76de2fc3192e068b5daa1cfee970e868b220be46d1e8f24407ba3,36285,131.94,
103730,gazeta_noticias,1908,per103730_1908_00097,1,ocr-tesseract-scans-bn,1.0.0,tesseract,5.4.0.20240606,leptonica-1.84.1,por,3,1,best,ok,2.0,ded09c85a473febb75abe110eef2d3045cdf3cadb9016c393c84bcc8409bcfd5,39785,82.33,
103730,gazeta_noticias,1908,per103730_1908_00110,5,ocr-tesseract-scans-bn,1.0.0,tesseract,5.4.0.20240606,leptonica-1.84.1,por,3,1,best,ok,2.0,f1a810496f38a88136f72ef7f11814689b04363a545ca319394bc263c26dd02e,45277,98.06,
103730,gazeta_noticias,1908,per103730_1908_00114,1,ocr-tesseract-scans-bn,1.0.0,tesseract,5.4.0.20240606,leptonica-1.84.1,por,3,1,best,ok,2.0,3152d148c9a48289a03974570a337d0ee3f23d573de3af7bb0e3b2c05d6c399e,37741,87.82,
103730,gazeta_noticias,1908,per103730_1908_00300,2,ocr-tesseract-scans-bn,1.0.0,tesseract,5.4.0.20240606,leptonica-1.84.1,por,3,1,best,ok,2.0,fbffb23825cd276de33fb61f80e8342c64ba0c219da2094ecc0a39ff209b6aaa,42107,128.32,
103730,gazeta_noticias,1908,per103730_1908_00338,1,ocr-tesseract-scans-bn,1.0.0,tesseract,5.4.0.20240606,leptonica-1.84.1,por,3,1,best,ok,2.0,07eea373e2c2349cb146c5b902dd4ecf90b81529b20282015d76d72b9d38e4d4,25510,87.59,
103730,gazeta_noticias,1909,per103730_1909_00073,5,ocr-tesseract-scans-bn,1.0.0,tesseract,5.4.0.20240606,leptonica-1.84.1,por,3,1,best,ok,2.0,926e310e916655d3363e045a9e2cbaa7570b6ae654fda025cef9abd38611ccac,40949,94.37,
103730,gazeta_noticias,1909,per103730_1909_00185,6,ocr-tesseract-scans-bn,1.0.0,tesseract,5.4.0.20240606,leptonica-1.84.1,por,3,1,best,ok,2.0,7553fc244387db64ae53a40b7a999c72606e1879379e2f286bf83a04d5a9eb37,52844,147.86,
103730,gazeta_noticias,1909,per103730_1909_00236,2,ocr-tesseract-scans-bn,1.0.0,tesseract,5.4.0.20240606,leptonica-1.84.1,por,3,1,best,ok,2.0,362b99e68733e567c8b2bb5f4aa989d3476c4c8254f061ddb6a263b805a70bf0,57980,184.2,
103730,gazeta_noticias,1909,per103730_1909_00273,1,ocr-tesseract-scans-bn,1.0.0,tesseract,5.4.0.20240606,leptonica-1.84.1,por,3,1,best,ok,2.0,58408dc8f50ad489c33a755f87006590f7554537112fc5ab3d1e794bcd3b5ac8,42484,97.54,
103730,gazeta_noticias,1909,per103730_1909_00309,1,ocr-tesseract-scans-bn,1.0.0,tesseract,5.4.0.20240606,leptonica-1.84.1,por,3,1,best,ok,2.0,59468f85f1938780edfad8f0a0d25de0ea21801907b5c959e61be8dee54c744e,46402,111.08,
103730,gazeta_noticias,1909,per103730_1909_00331,1,ocr-tesseract-scans-bn,1.0.0,tesseract,5.4.0.20240606,leptonica-1.84.1,por,3,1,best,ok,2.0,43e4775cd5d9249a1c503df604e8f3c08affb142da13618b99e6e7878acfaf81,39578,88.84,
103730,gazeta_noticias,1909,per103730_1909_00336,1,ocr-tesseract-scans-bn,1.0.0,tesseract,5.4.0.20240606,leptonica-1.84.1,por,3,1,best,ok,2.0,1ead723fe25a885230c7dbcd7f2337b695ec87065a5e61098b20db58f5681700,40899,99.46,
103730,gazeta_noticias,1910,per103730_1910_00059,6,ocr-tesseract-scans-bn,1.0.0,tesseract,5.4.0.20240606,leptonica-1.84.1,por,3,1,best,ok,2.0,308e81ed78f7cfc214aa3b70623591e24108b2397cba6c99b89b0d2141446f74,54137,172.69,
103730,gazeta_noticias,1910,per103730_1910_00079,9,ocr-tesseract-scans-bn,1.0.0,tesseract,5.4.0.20240606,leptonica-1.84.1,por,3,1,best,ok,2.0,bf7997a7d31bb45c159fda397ea3a3922f2c37fb482bc89d0fad730ab792cd91,7801,31.71,
103730,gazeta_noticias,1910,per103730_1910_00144,1,ocr-tesseract-scans-bn,1.0.0,tesseract,5.4.0.20240606,leptonica-1.84.1,por,3,1,best,ok,2.0,2c2e6682fbe1e3f7d8c2f1ba748b45f31ca9c1bb249b5516ae6b98874551d65f,37236,107.4,
103730,gazeta_noticias,1910,per103730_1910_00171,4,ocr-tesseract-scans-bn,1.0.0,tesseract,5.4.0.20240606,leptonica-1.84.1,por,3,1,best,ok,2.0,0a98c096584768225d2342408732c430f5dfad64f250d49f094c1d27e02c5614,40971,122.65,
103730,gazeta_noticias,1910,per103730_1910_00247,5,ocr-tesseract-scans-bn,1.0.0,tesseract,5.4.0.20240606,leptonica-1.84.1,por,3,1,best,ok,2.0,dde0930d74bb6c3479cb7091b92fd3b2298329e64cdb2c844ee75aa46bf8a8d3,46979,131.46,
103730,gazeta_noticias,1910,per103730_1910_00261,1,ocr-tesseract-scans-bn,1.0.0,tesseract,5.4.0.20240606,leptonica-1.84.1,por,3,1,best,ok,2.0,e208c2c417c8473a3cd3c062b18458afd9b645035d52b00fc6db73cb15d14007,18031,38.76,
103730,gazeta_noticias,1910,per103730_1910_00328,4,ocr-tesseract-scans-bn,1.0.0,tesseract,5.4.0.20240606,leptonica-1.84.1,por,3,1,best,ok,2.0,fb3cc2c75562a392039e3b7a166a2bfb45027401ea39431efa4ea7132f17e192,39389,101.19,
103730,gazeta_noticias,1911,per103730_1911_00014,4,ocr-tesseract-scans-bn,1.0.0,tesseract,5.4.0.20240606,leptonica-1.84.1,por,3,1,best,ok,2.0,0afbe02ff53a3b87142a8c6b0ceeaceb76bdf4287d3a0cdfaa7d81969b5f7ef5,40954,126.57,
103730,gazeta_noticias,1911,per103730_1911_00016,8,ocr-tesseract-scans-bn,1.0.0,tesseract,5.4.0.20240606,leptonica-1.84.1,por,3,1,best,ok,2.0,f18cfedb4b0e0a794eba1d91a7cdd5e601093525ef2fa7753ae85fb87c3a5c50,17007,74.03,
103730,gazeta_noticias,1911,per103730_1911_00055,5,ocr-tesseract-scans-bn,1.0.0,tesseract,5.4.0.20240606,leptonica-1.84.1,por,3,1,best,ok,2.0,b7ecdbd2f50266b7a5f0debb63d92fb09cd8cac37b54007eadfb2fdc575cd68e,52108,176.45,
103730,gazeta_noticias,1911,per103730_1911_00101,5,ocr-tesseract-scans-bn,1.0.0,tesseract,5.4.0.20240606,leptonica-1.84.1,por,3,1,best,ok,2.0,d9e204c1df57be9088c7f08161378346818810d9608f0c9339dd6d6f785c5bfa,42759,119.02,
103730,gazeta_noticias,1911,per103730_1911_00140,1,ocr-tesseract-scans-bn,1.0.0,tesseract,5.4.0.20240606,leptonica-1.84.1,por,3,1,best,ok,2.0,0087e28ca978a7afac187e3060ccc1dba148c60ddc3a1efe7c1fc4447a2c0641,40071,92.96,
103730,gazeta_noticias,1911,per103730_1911_00164,1,ocr-tesseract-scans-bn,1.0.0,tesseract,5.4.0.20240606,leptonica-1.84.1,por,3,1,best,ok,2.0,c36b92d0e95d0dff0f5665dec267d716a80f77c76165698e3d8542ecb153339a,45279,111.53,
103730,gazeta_noticias,1911,per103730_1911_00165,5,ocr-tesseract-scans-bn,1.0.0,tesseract,5.4.0.20240606,leptonica-1.84.1,por,3,1,best,ok,2.0,6a973ed11aba516e2ab25073d17f6458c6fd25fef5bf251c9837b93f8003d479,44867,188.12,
103730,gazeta_noticias,1912,per103730_1912_00078,2,ocr-tesseract-scans-bn,1.0.0,tesseract,5.4.0.20240606,leptonica-1.84.1,por,3,1,best,ok,2.0,35b606d1b19175ce209ff7d82c219bf2671aec9d2a89dc354f70a30b00f995a8,35515,89.72,
103730,gazeta_noticias,1912,per103730_1912_00081,3,ocr-tesseract-scans-bn,1.0.0,tesseract,5.4.0.20240606,leptonica-1.84.1,por,3,1,best,ok,2.0,67dd416058f7981383d6f8729b55282a80dc1b0af2be998b961bcd8ae4717cc4,31959,79.87,
103730,gazeta_noticias,1912,per103730_1912_00102,6,ocr-tesseract-scans-bn,1.0.0,tesseract,5.4.0.20240606,leptonica-1.84.1,por,3,1,best,ok,2.0,f63c881a9701b623272a5a24b35b97baaa59da350434390a6f5d01fac34c7b94,27775,71.69,
103730,gazeta_noticias,1912,per103730_1912_00113,1,ocr-tesseract-scans-bn,1.0.0,tesseract,5.4.0.20240606,leptonica-1.84.1,por,3,1,best,ok,2.0,3876749642c9de6a43036b34770ddcf09c5c0c618044487daadbdc7a616459ea,25100,59.19,
103730,gazeta_noticias,1912,per103730_1912_00153,5,ocr-tesseract-scans-bn,1.0.0,tesseract,5.4.0.20240606,leptonica-1.84.1,por,3,1,best,ok,2.0,af9d28cd26aa3ac0203d161ce23e9bc8acd79398dc6215485a729e49264ad696,44397,204.07,
103730,gazeta_noticias,1912,per103730_1912_00182,7,ocr-tesseract-scans-bn,1.0.0,tesseract,5.4.0.20240606,leptonica-1.84.1,por,3,1,best,ok,2.0,8e808cf2b140e4afb89f23d86655a115493f34406f293e2d4ee1b0663bc2dcba,35960,98.48,
103730,gazeta_noticias,1912,per103730_1912_00208,6,ocr-tesseract-scans-bn,1.0.0,tesseract,5.4.0.20240606,leptonica-1.84.1,por,3,1,best,ok,2.0,32f3642e3f827f9e572c5cadd3c68410d59c6fc0b782896d7867ef81081917a0,46715,266.97,
103730,gazeta_noticias,1914,per103730_1914_00075,4,ocr-tesseract-scans-bn,1.0.0,tesseract,5.4.0.20240606,leptonica-1.84.1,por,3,1,best,ok,2.0,43200b5bb3d06423396483e7d5d8fc543e5716ff4c98e9e0132afc741926e8d0,36876,74.37,
103730,gazeta_noticias,1914,per103730_1914_00123,2,ocr-tesseract-scans-bn,1.0.0,tesseract,5.4.0.20240606,leptonica-1.84.1,por,3,1,best,ok,2.0,43e18011ec57b16e6911cb6dd91b542bc3c197d800a27fa81482b06ee40560cf,29805,61.91,
103730,gazeta_noticias,1914,per103730_1914_00143,11,ocr-tesseract-scans-bn,1.0.0,tesseract,5.4.0.20240606,leptonica-1.84.1,por,3,1,best,ok,2.0,a5fc3f39d986c8e905920d4cb8991407695df6a21e91ce02d09f41e1eb938158,31325,74.81,
103730,gazeta_noticias,1914,per103730_1914_00166,4,ocr-tesseract-scans-bn,1.0.0,tesseract,5.4.0.20240606,leptonica-1.84.1,por,3,1,best,ok,2.0,21f0df845ca3a1d935d0486eb8df53e75d79e5cfc45c9047a03d9cf9fb028a98,28263,94.79,
103730,gazeta_noticias,1914,per103730_1914_00195,7,ocr-tesseract-scans-bn,1.0.0,tesseract,5.4.0.20240606,leptonica-1.84.1,por,3,1,best,ok,2.0,a543a3ed8392a5ffe870b6225137bbde346fc7eeaec5b3ef497ea3daf97f4088,40016,88.27,
103730,gazeta_noticias,1914,per103730_1914_00300,6,ocr-tesseract-scans-bn,1.0.0,tesseract,5.4.0.20240606,leptonica-1.84.1,por,3,1,best,ok,2.0,9817ad8eceafc5f12c0ec01901268d4e8d361ffec7d7de5ad0856855212fd985,23017,48.27,
103730,gazeta_noticias,1914,per103730_1914_00318,6,ocr-tesseract-scans-bn,1.0.0,tesseract,5.4.0.20240606,leptonica-1.84.1,por,3,1,best,ok,2.0,1e7bf14930eb2ce0eadcac3475b68fdb7f2644a97f19ad1d722a0d3bfcf971f5,43189,92.9,
178691,o_paiz,1906,per178691_1906_07891,1,ocr-tesseract-scans-bn,1.0.0,tesseract,5.4.0.20240606,leptonica-1.84.1,por,3,1,best,ok,2.0,244c9e5762decf374d302881325ed8bdec91f11f1e5c8ab20467f5596fe185a8,45043,86.11,
178691,o_paiz,1906,per178691_1906_08005,5,ocr-tesseract-scans-bn,1.0.0,tesseract,5.4.0.20240606,leptonica-1.84.1,por,3,1,best,ok,2.0,a1a112cbc35cdd1fbca0f714e9278fb9dcf5822e30c88f23ff761e1d4be4d6dc,39914,94.55,
178691,o_paiz,1906,per178691_1906_08023,3,ocr-tesseract-scans-bn,1.0.0,tesseract,5.4.0.20240606,leptonica-1.84.1,por,3,1,best,ok,2.0,82227db35bb6880084504c06842e878e4d0c120f8aad08833c71d8d97fc94075,38428,95.45,
178691,o_paiz,1906,per178691_1906_08025,2,ocr-tesseract-scans-bn,1.0.0,tesseract,5.4.0.20240606,leptonica-1.84.1,por,3,1,best,ok,2.0,a62a09fd1cd36e822e89cbb2dea166b1a51fea1fc623641cc56d70273bfa60ea,43625,95.86,
178691,o_paiz,1906,per178691_1906_08029,1,ocr-tesseract-scans-bn,1.0.0,tesseract,5.4.0.20240606,leptonica-1.84.1,por,3,1,best,ok,2.0,940c215d4264ccf8c3d27a3df50ca5fff00639c7d514fb5593afeef9e6eb5278,48650,120.65,
178691,o_paiz,1906,per178691_1906_08035,1,ocr-tesseract-scans-bn,1.0.0,tesseract,5.4.0.20240606,leptonica-1.84.1,por,3,1,best,ok,2.0,37b208aa9f1c3a31a80bd77af15c64b2be485b5fdbe576a72fa3e1c15189df9d,43757,83.5,
178691,o_paiz,1906,per178691_1906_08119,1,ocr-tesseract-scans-bn,1.0.0,tesseract,5.4.0.20240606,leptonica-1.84.1,por,3,1,best,ok,2.0,31c25957ab58b83debaa6c352405daf742a5039ecb09792ff5b350edb0f2886d,23746,258.26,
178691,o_paiz,1907,per178691_1907_08176,1,ocr-tesseract-scans-bn,1.0.0,tesseract,5.4.0.20240606,leptonica-1.84.1,por,3,1,best,ok,2.0,d5fffc1de75aa26d174a924a07c56e18514ee79074441b37eb8b29b16cd50370,32004,69.21,
178691,o_paiz,1907,per178691_1907_08197,1,ocr-tesseract-scans-bn,1.0.0,tesseract,5.4.0.20240606,leptonica-1.84.1,por,3,1,best,ok,2.0,9c92fb003cecc871aaa1219046d714a07821347101bdcb05c38a5567219b71bb,38356,88.4,
178691,o_paiz,1907,per178691_1907_08227,5,ocr-tesseract-scans-bn,1.0.0,tesseract,5.4.0.20240606,leptonica-1.84.1,por,3,1,best,ok,2.0,b8c86e2b9b54c3afad44d0bd8937b64e84187dfe42d015da0f60690c684f6d4d,48349,96.66,
178691,o_paiz,1907,per178691_1907_08230,1,ocr-tesseract-scans-bn,1.0.0,tesseract,5.4.0.20240606,leptonica-1.84.1,por,3,1,best,ok,2.0,b80dd021a835c7c8ac048fc41024c9275e76d158069caf7f834155c237e30660,35156,74.47,
178691,o_paiz,1907,per178691_1907_08264,1,ocr-tesseract-scans-bn,1.0.0,tesseract,5.4.0.20240606,leptonica-1.84.1,por,3,1,best,ok,2.0,b961568e4e35d9b698a39aa30aa9d789edf51c228ddbb41768afdb717a45409b,32515,62.83,
178691,o_paiz,1907,per178691_1907_08307,1,ocr-tesseract-scans-bn,1.0.0,tesseract,5.4.0.20240606,leptonica-1.84.1,por,3,1,best,ok,2.0,d7445f465c8a8890ae4f9611f67a8949af28fe9e95a8201f8d38f18703e25c91,42801,85.82,
178691,o_paiz,1907,per178691_1907_08350,3,ocr-tesseract-scans-bn,1.0.0,tesseract,5.4.0.20240606,leptonica-1.84.1,por,3,1,best,ok,2.0,b056237f3bc5132511eae8dcd8d11971bedb2f43c6312c75c11e874c684597bf,49248,111.36,
178691,o_paiz,1908,per178691_1908_08594,2,ocr-tesseract-scans-bn,1.0.0,tesseract,5.4.0.20240606,leptonica-1.84.1,por,3,1,best,ok,2.0,d3b29adb7e93edfaa43bb015be409139a1f2ac19934beda386570fa5d30bfbcb,43773,76.61,
178691,o_paiz,1908,per178691_1908_08605,2,ocr-tesseract-scans-bn,1.0.0,tesseract,5.4.0.20240606,leptonica-1.84.1,por,3,1,best,ok,2.0,ff4b581585ca520bc40191c20c03acc4b8f7e1edc5f592d96cde69b5de4e7a6b,46810,85.77,
178691,o_paiz,1908,per178691_1908_08616,2,ocr-tesseract-scans-bn,1.0.0,tesseract,5.4.0.20240606,leptonica-1.84.1,por,3,1,best,ok,2.0,0def77c295ccd99c165a86092e3c38d793a8a45594a2f8ed113cb698930d0056,45233,83.79,
178691,o_paiz,1908,per178691_1908_08632,1,ocr-tesseract-scans-bn,1.0.0,tesseract,5.4.0.20240606,leptonica-1.84.1,por,3,1,best,ok,2.0,f8c32d84bba35d39716b3a67354a340876871f9f8f68f6b70a0c757a5eae587e,27349,47.32,
178691,o_paiz,1908,per178691_1908_08735,1,ocr-tesseract-scans-bn,1.0.0,tesseract,5.4.0.20240606,leptonica-1.84.1,por,3,1,best,ok,2.0,a71bb7659cac2cb4b2486549c6144e636ea0c2357000498318ad6241b2482691,36201,60.91,
178691,o_paiz,1908,per178691_1908_08771,2,ocr-tesseract-scans-bn,1.0.0,tesseract,5.4.0.20240606,leptonica-1.84.1,por,3,1,best,ok,2.0,677882c558c5efda33c93fffea2ee0ea818c408059579cc6cd880537c33a4052,45639,86.95,
178691,o_paiz,1908,per178691_1908_08855,2,ocr-tesseract-scans-bn,1.0.0,tesseract,5.4.0.20240606,leptonica-1.84.1,por,3,1,best,vazio,2.0,e3b0c44298fc1c149afbf4c8996fb92427ae41e4649b934ca495991b7852b855,0,12.72,
178691,o_paiz,1909,per178691_1909_08936,2,ocr-tesseract-scans-bn,1.0.0,tesseract,5.4.0.20240606,leptonica-1.84.1,por,3,1,best,ok,2.0,14511ac952a76fa3577a1ebc6d9c3800226db8176b190bb0a7101f018414ca39,42232,80.97,
178691,o_paiz,1909,per178691_1909_08974,4,ocr-tesseract-scans-bn,1.0.0,tesseract,5.4.0.20240606,leptonica-1.84.1,por,3,1,best,ok,2.0,9b191736c74a1d6350904154875a0f44fd03ba26e0676d36f6199622841fddeb,43892,82.71,
178691,o_paiz,1909,per178691_1909_09070,2,ocr-tesseract-scans-bn,1.0.0,tesseract,5.4.0.20240606,leptonica-1.84.1,por,3,1,best,ok,2.0,d3dae6532dfa34ee832bc36bf5c03a629ba13583fc28615786d35839ab063f9e,44963,81.8,
178691,o_paiz,1909,per178691_1909_09078,2,ocr-tesseract-scans-bn,1.0.0,tesseract,5.4.0.20240606,leptonica-1.84.1,por,3,1,best,ok,2.0,a20a3e324981ef9783d2474b4fdfcf73edd69dfea1620fe2b496c70334ed1821,46618,91.78,
178691,o_paiz,1909,per178691_1909_09106,2,ocr-tesseract-scans-bn,1.0.0,tesseract,5.4.0.20240606,leptonica-1.84.1,por,3,1,best,ok,2.0,21f6a17475a0369ba6f91cfa446bb322b76e2dc0098a228d2f4acb5a92c0bd79,42577,75.59,
178691,o_paiz,1909,per178691_1909_09112,2,ocr-tesseract-scans-bn,1.0.0,tesseract,5.4.0.20240606,leptonica-1.84.1,por,3,1,best,ok,2.0,47aa38ac7f2d92414ab1e3c24de549c606b7c7020b41d7ed7b673f45a4860983,46390,88.95,
178691,o_paiz,1909,per178691_1909_09135,2,ocr-tesseract-scans-bn,1.0.0,tesseract,5.4.0.20240606,leptonica-1.84.1,por,3,1,best,ok,2.0,5256dedf8a7e6a15eaa6f2f557bf9504c3911b72eb2284ed137a533b6cbe36f9,42022,76.07,
178691,o_paiz,1910,per178691_1910_09292,2,ocr-tesseract-scans-bn,1.0.0,tesseract,5.4.0.20240606,leptonica-1.84.1,por,3,1,best,ok,2.0,c59d0bf9ddcb249371f5a14e2d91f495592375991a77ff7f1782b6aebf0d15dc,40383,73.61,
178691,o_paiz,1910,per178691_1910_09346,2,ocr-tesseract-scans-bn,1.0.0,tesseract,5.4.0.20240606,leptonica-1.84.1,por,3,1,best,ok,2.0,7ddcb8f633c7bee8c1bb0a21d28ea5a31b05d6ce52f81ce0094781a418a723f5,35047,64.25,
178691,o_paiz,1910,per178691_1910_09387,2,ocr-tesseract-scans-bn,1.0.0,tesseract,5.4.0.20240606,leptonica-1.84.1,por,3,1,best,ok,2.0,c6a8c60680b275f4ef76b51889a6bb5bdc84e9a62a061b4c34c769e4030177a6,46572,81.3,
178691,o_paiz,1910,per178691_1910_09408,7,ocr-tesseract-scans-bn,1.0.0,tesseract,5.4.0.20240606,leptonica-1.84.1,por,3,1,best,ok,2.0,0b85acc2f5419f50e2bac691a2000406760c5355bfb983b2eeaa0fb6728a8793,35484,78.18,
178691,o_paiz,1910,per178691_1910_09488,5,ocr-tesseract-scans-bn,1.0.0,tesseract,5.4.0.20240606,leptonica-1.84.1,por,3,1,best,ok,2.0,bedce758291cb6a6266d7b4ee12d786fd85f019f44088b1b201b718b8bd73e46,33536,55.48,
178691,o_paiz,1910,per178691_1910_09519,1,ocr-tesseract-scans-bn,1.0.0,tesseract,5.4.0.20240606,leptonica-1.84.1,por,3,1,best,ok,2.0,ca149dc5cebfe0a3bfbddd2a54ffd974d30de5f3f7da5ccf158a85b44a5512fd,37889,60.53,
178691,o_paiz,1910,per178691_1910_09581,11,ocr-tesseract-scans-bn,1.0.0,tesseract,5.4.0.20240606,leptonica-1.84.1,por,3,1,best,ok,2.0,ef6f96ba3e5c61ada44667e3f31f852fce8245ce28285eae6f4755ea483cc05e,36035,65.68,
178691,o_paiz,1911,per178691_1911_09633,5,ocr-tesseract-scans-bn,1.0.0,tesseract,5.4.0.20240606,leptonica-1.84.1,por,3,1,best,ok,2.0,cf49748264af8526d4d208f6e15ba38b2130aa8f53149b1262a344e4572c7b0a,43016,78.96,
178691,o_paiz,1911,per178691_1911_09677,12,ocr-tesseract-scans-bn,1.0.0,tesseract,5.4.0.20240606,leptonica-1.84.1,por,3,1,best,ok,2.0,7107650a082fb93d664e139d1d9a5d3fe3ffbbcd122bde4d84606663c003ce97,44974,84.08,
178691,o_paiz,1911,per178691_1911_09708,2,ocr-tesseract-scans-bn,1.0.0,tesseract,5.4.0.20240606,leptonica-1.84.1,por,3,1,best,ok,2.0,a5e4c4e8443f9ea1cdfda18e099ee43d1bcd8cd89999b57af5763a2b0179d2f7,44227,72.98,
178691,o_paiz,1911,per178691_1911_09720,9,ocr-tesseract-scans-bn,1.0.0,tesseract,5.4.0.20240606,leptonica-1.84.1,por,3,1,best,ok,2.0,bf8240c6f5491b444688d0c15b95047f8e007bb69bc66c38f114c3dec76c5ff4,43338,86.45,
178691,o_paiz,1911,per178691_1911_09733,2,ocr-tesseract-scans-bn,1.0.0,tesseract,5.4.0.20240606,leptonica-1.84.1,por,3,1,best,ok,2.0,3df082c12acc2c66fadcf8cfe7db6b8597b2889c0e970b00e2fd975c22521e3e,42494,84.73,
178691,o_paiz,1911,per178691_1911_09744,11,ocr-tesseract-scans-bn,1.0.0,tesseract,5.4.0.20240606,leptonica-1.84.1,por,3,1,best,ok,2.0,8ec29eda5373d4f0a3eca6548364f6cc36e2810abce58db6d6fd985d6fb6d3f3,44466,84.65,
178691,o_paiz,1911,per178691_1911_09769,7,ocr-tesseract-scans-bn,1.0.0,tesseract,5.4.0.20240606,leptonica-1.84.1,por,3,1,best,ok,2.0,6c243bf663a6948c2cc94327a08073f196c4b5fe1a2c0c70188ae58d0f623ff9,41149,66.59,
178691,o_paiz,1912,per178691_1912_09988,3,ocr-tesseract-scans-bn,1.0.0,tesseract,5.4.0.20240606,leptonica-1.84.1,por,3,1,best,ok,2.0,e72790d9a9cffbbafab0a5507891ee558ec63c7b3a4b7b8e329c336f003253d8,41110,76.07,
178691,o_paiz,1912,per178691_1912_09998,6,ocr-tesseract-scans-bn,1.0.0,tesseract,5.4.0.20240606,leptonica-1.84.1,por,3,1,best,ok,2.0,2ad31485a59a9a3a8e23b74a43175c70b1da283dcb5bd5b59e0363192d04f4b4,33195,65.36,
178691,o_paiz,1912,per178691_1912_10128,6,ocr-tesseract-scans-bn,1.0.0,tesseract,5.4.0.20240606,leptonica-1.84.1,por,3,1,best,ok,2.0,1f8d4ec0d1eba9332bb2873cd87d94d2edbffb68e4ac9a9d1342647d2924b855,42496,76.14,
178691,o_paiz,1912,per178691_1912_10163,9,ocr-tesseract-scans-bn,1.0.0,tesseract,5.4.0.20240606,leptonica-1.84.1,por,3,1,best,ok,2.0,0502b9e930bd9cf2c6ae2b44232f12c38185da4d5a7cafd249fd5de369fee940,42624,97.87,
178691,o_paiz,1912,per178691_1912_10193,5,ocr-tesseract-scans-bn,1.0.0,tesseract,5.4.0.20240606,leptonica-1.84.1,por,3,1,best,ok,2.0,a4907b3b01ba1307d27dbf22eeba2d0fc3f51ef68105d2d8bf4346e2a1bb582a,35435,98.92,
178691,o_paiz,1912,per178691_1912_10244,6,ocr-tesseract-scans-bn,1.0.0,tesseract,5.4.0.20240606,leptonica-1.84.1,por,3,1,best,ok,2.0,9fc15160e644ecb83358eb2de12186bd6eb81336e64a15796f12747ea6e86aff,42902,92.99,
178691,o_paiz,1912,per178691_1912_10273,10,ocr-tesseract-scans-bn,1.0.0,tesseract,5.4.0.20240606,leptonica-1.84.1,por,3,1,best,ok,2.0,fc2f4fa9dce9099c8448b20fb8d9c104dfd84f3ca2176e9be01f8a0bfcfc3860,42352,98.31,
178691,o_paiz,1913,per178691_1913_10351,7,ocr-tesseract-scans-bn,1.0.0,tesseract,5.4.0.20240606,leptonica-1.84.1,por,3,1,best,ok,2.0,bf361f21431d11ae4fdba2db9ad0214bcbfe6a31abbcb6409f7be04e353db587,47187,69.82,
178691,o_paiz,1913,per178691_1913_10382,9,ocr-tesseract-scans-bn,1.0.0,tesseract,5.4.0.20240606,leptonica-1.84.1,por,3,1,best,ok,2.0,b5679ff9344ce4ff00352c834e2db923a996eabb6daff2d8726c54f5f79cf1ae,48393,95.54,
178691,o_paiz,1913,per178691_1913_10383,1,ocr-tesseract-scans-bn,1.0.0,tesseract,5.4.0.20240606,leptonica-1.84.1,por,3,1,best,ok,2.0,33833723d5e6b47a5097caa31cbbe283debae81e71f105d635f150aa124125d1,38822,64.46,
178691,o_paiz,1913,per178691_1913_10453,9,ocr-tesseract-scans-bn,1.0.0,tesseract,5.4.0.20240606,leptonica-1.84.1,por,3,1,best,ok,2.0,c5afa85d7f783d5171209986dbcaacbf8855ec5cb2a133ca7fc0bc7c1bfabc5f,45345,79.65,
178691,o_paiz,1913,per178691_1913_10462,12,ocr-tesseract-scans-bn,1.0.0,tesseract,5.4.0.20240606,leptonica-1.84.1,por,3,1,best,ok,2.0,4231117d246973c95b70834075f25b4ad2a3f3cd6eddc57aadfe655eb2a0b519,42612,76.72,
178691,o_paiz,1913,per178691_1913_10496,11,ocr-tesseract-scans-bn,1.0.0,tesseract,5.4.0.20240606,leptonica-1.84.1,por,3,1,best,ok,2.0,6d33d89f0f9db6477b4fad7c7bee704400eff37bb4b95de505c6fc44f5160df3,43098,77.28,
178691,o_paiz,1913,per178691_1913_10588,1,ocr-tesseract-scans-bn,1.0.0,tesseract,5.4.0.20240606,leptonica-1.84.1,por,3,1,best,ok,2.0,27300ecec814ae88fc5f22e4993513820392cdf9e32429843284550d6a6d8679,37662,61.3,
178691,o_paiz,1914,per178691_1914_10720,1,ocr-tesseract-scans-bn,1.0.0,tesseract,5.4.0.20240606,leptonica-1.84.1,por,3,1,best,ok,2.0,772eeba06fa59d76b51269cc07a81e35010dbd8da4a99be42e359baf3a51a0e5,39061,57.41,
178691,o_paiz,1914,per178691_1914_10727,12,ocr-tesseract-scans-bn,1.0.0,tesseract,5.4.0.20240606,leptonica-1.84.1,por,3,1,best,ok,2.0,65b0acba05b48a630fdd3da8cf2251e27546249402dd7475c4c885e533664441,23773,32.21,
178691,o_paiz,1914,per178691_1914_10757,2,ocr-tesseract-scans-bn,1.0.0,tesseract,5.4.0.20240606,leptonica-1.84.1,por,3,1,best,ok,2.0,183248212c132a3444586c5739703d986945a0563b6698d05e769e77bea4eed0,42505,73.33,
178691,o_paiz,1914,per178691_1914_10769,3,ocr-tesseract-scans-bn,1.0.0,tesseract,5.4.0.20240606,leptonica-1.84.1,por,3,1,best,ok,2.0,6dfa687b001f2b1c10ca220dfb9f8e24f0d5fb898b68c8f24c82da2fc86cd8d6,47579,78.44,
178691,o_paiz,1914,per178691_1914_10850,7,ocr-tesseract-scans-bn,1.0.0,tesseract,5.4.0.20240606,leptonica-1.84.1,por,3,1,best,ok,2.0,982db0067daca91b6fd9938455ef46ebaa4299632ed0f626dd77e166aaf9e23d,40448,67.08,
178691,o_paiz,1914,per178691_1914_10893,3,ocr-tesseract-scans-bn,1.0.0,tesseract,5.4.0.20240606,leptonica-1.84.1,por,3,1,best,ok,2.0,d278357861e08121222e2a8d6862401ccc49794e6b5cbb6dbf0d7110d8c07faf,40020,64.47,
178691,o_paiz,1914,per178691_1914_10943,2,ocr-tesseract-scans-bn,1.0.0,tesseract,5.4.0.20240606,leptonica-1.84.1,por,3,1,best,ok,2.0,adb86969494cd76f028144d3e3a6ab4e690abd9905c4e905c303e3fdf04c4a20,42400,68.65,
