bib,jornal,ano,source_identifier,page_number,protocol_name,protocol_version,engine,engine_version,leptonica,idioma,psm,oem,variante_tessdata,status,text_sha256,char_count,duracao_s,erro
089842,correio_manha,1906,per089842_1906_01664,4,ocr-tesseract-scans-bn,1.0.0,tesseract,5.4.0.20240606,leptonica-1.84.1,por,3,1,best,ok,96aef9a9ed36e5338938ab90e62358558a0b13b931d315e8ea91f323b06eff24,7595,13.2,
089842,correio_manha,1906,per089842_1906_01672,6,ocr-tesseract-scans-bn,1.0.0,tesseract,5.4.0.20240606,leptonica-1.84.1,por,3,1,best,ok,c7844c4a79a25dc7acc0ea41bd78ce0a356c5e9c5b75ab82fb161b24bec812b3,23264,79.89,
089842,correio_manha,1907,per089842_1907_02272,3,ocr-tesseract-scans-bn,1.0.0,tesseract,5.4.0.20240606,leptonica-1.84.1,por,3,1,best,ok,1f2f96b73476af8dcd10108b755d83eeaa8933e3b7059a38f160673a15650525,27842,77.62,
089842,correio_manha,1907,per089842_1907_02317,9,ocr-tesseract-scans-bn,1.0.0,tesseract,5.4.0.20240606,leptonica-1.84.1,por,3,1,best,ok,c4a82ab1398e6f80e52d7c33444b3bc8d89b936c47b71d1c185107662a47f178,17809,28.7,
089842,correio_manha,1908,per089842_1908_02526,2,ocr-tesseract-scans-bn,1.0.0,tesseract,5.4.0.20240606,leptonica-1.84.1,por,3,1,best,ok,49cc6c5a9ac9734e3371d0b7082259a44db496679ac575ffdd30452c7fcadbd5,41154,93.48,
089842,correio_manha,1908,per089842_1908_02694,3,ocr-tesseract-scans-bn,1.0.0,tesseract,5.4.0.20240606,leptonica-1.84.1,por,3,1,best,ok,dae7c69805e2308a752d3c59ef1367bb2b7d8010798565cfad50be1afa101af2,41855,62.28,
089842,correio_manha,1909,per089842_1909_02739,5,ocr-tesseract-scans-bn,1.0.0,tesseract,5.4.0.20240606,leptonica-1.84.1,por,3,1,best,ok,3fe190961c5dcb53b3844f2c0b0de985076c7fee772ef845a3a95fea40c0bc9f,24695,34.83,
089842,correio_manha,1909,per089842_1909_02768,1,ocr-tesseract-scans-bn,1.0.0,tesseract,5.4.0.20240606,leptonica-1.84.1,por,3,1,best,ok,96d8a26a64abc6d8e1870fd8dbf4994dac223962dc4463f91f158094010cbece,37616,42.87,
089842,correio_manha,1910,per089842_1910_03294,7,ocr-tesseract-scans-bn,1.0.0,tesseract,5.4.0.20240606,leptonica-1.84.1,por,3,1,best,ok,6bef39834ca869b2dd63fe6fe151d4b4d57963a1c767a525429af6a5998a3323,7421,12.27,
089842,correio_manha,1910,per089842_1910_03344,3,ocr-tesseract-scans-bn,1.0.0,tesseract,5.4.0.20240606,leptonica-1.84.1,por,3,1,best,ok,9a324736da3b4eb12b5d9ad87d629f3aa58e1ca15ba7b0c24222f8be55541a77,10519,16.3,
089842,correio_manha,1911,per089842_1911_03481,1,ocr-tesseract-scans-bn,1.0.0,tesseract,5.4.0.20240606,leptonica-1.84.1,por,3,1,best,ok,ce446dee7cac4f8c9787ddd6cf2feb439f67567ca60d37122cdf1267294cef62,39098,51.03,
089842,correio_manha,1911,per089842_1911_03705,9,ocr-tesseract-scans-bn,1.0.0,tesseract,5.4.0.20240606,leptonica-1.84.1,por,3,1,best,ok,4d9fd648f47f02da3661a7804c93ca61f3c7e74d79af670aa15fe776fd3fd92e,2816,4.48,
089842,correio_manha,1912,per089842_1912_03891,2,ocr-tesseract-scans-bn,1.0.0,tesseract,5.4.0.20240606,leptonica-1.84.1,por,3,1,best,ok,ff465687501ae0f334ee33cc5f9e5e0cf2435c49e5ca1c11a855e59ad9c27c5b,39299,59.32,
089842,correio_manha,1912,per089842_1912_04034,11,ocr-tesseract-scans-bn,1.0.0,tesseract,5.4.0.20240606,leptonica-1.84.1,por,3,1,best,ok,4fbdf0dcb2ffe4f04afbabd7e2aa7666ac42b689e3c7efc0f90d4c902492a691,5477,7.72,
089842,correio_manha,1913,per089842_1913_05345,11,ocr-tesseract-scans-bn,1.0.0,tesseract,5.4.0.20240606,leptonica-1.84.1,por,3,1,best,ok,5c13edeee634d5d3acc04aeb596b16846496cf5fe5ec9f54e10ba1225290b8c8,26729,87.31,
089842,correio_manha,1913,per089842_1913_05375,9,ocr-tesseract-scans-bn,1.0.0,tesseract,5.4.0.20240606,leptonica-1.84.1,por,3,1,best,ok,b345554a94742d16566d2ab633baf1c94c69c121e9e0c3e26b0a2764739d0b68,25583,30.59,
089842,correio_manha,1914,per089842_1914_05599,1,ocr-tesseract-scans-bn,1.0.0,tesseract,5.4.0.20240606,leptonica-1.84.1,por,3,1,best,ok,d40cd199ad731fbbb27e93289bd02258c7d00ed2985206c9ebbf41f94259c2b7,17876,31.34,
089842,correio_manha,1914,per089842_1914_05777,4,ocr-tesseract-scans-bn,1.0.0,tesseract,5.4.0.20240606,leptonica-1.84.1,por,3,1,best,ok,9d9b4e2f07de26dda1b16a2fe7bb28cafe3f1428c32fa2091807574d3bcf23fd,30643,96.81,
090972,correio_paulistano,1906,per090972_1906_15295,3,ocr-tesseract-scans-bn,1.0.0,tesseract,5.4.0.20240606,leptonica-1.84.1,por,3,1,best,ok,e4c616e17202c7237bc4f0a1a1810f7384184c5129283a6efad24dce7812787f,43249,64.44,
090972,correio_paulistano,1906,per090972_1906_15546,5,ocr-tesseract-scans-bn,1.0.0,tesseract,5.4.0.20240606,leptonica-1.84.1,por,3,1,best,ok,5b48b05152156d88f1f8f7fd60bc23aaf9c5ac01e0c0788ea380c829cb441d4f,27072,45.16,
090972,correio_paulistano,1907,per090972_1907_15663,1,ocr-tesseract-scans-bn,1.0.0,tesseract,5.4.0.20240606,leptonica-1.84.1,por,3,1,best,ok,79bfed9caafde7f34f1b9c513aba2033bd2c9d5999bd19374fe5db479539f548,36442,50.92,
090972,correio_paulistano,1907,per090972_1907_15939,4,ocr-tesseract-scans-bn,1.0.0,tesseract,5.4.0.20240606,leptonica-1.84.1,por,3,1,best,ok,6dabec383bcbfa7c931ef1a6dbd627c7b5813a27e766f04a9ef9ade6a339841b,39918,60.16,
090972,correio_paulistano,1908,per090972_1908_16157,5,ocr-tesseract-scans-bn,1.0.0,tesseract,5.4.0.20240606,leptonica-1.84.1,por,3,1,best,ok,d108c35fba9d7a6bc58a526637d509c4f9e2e755ed9ddc8b2860859219ab7763,15973,19.14,
090972,correio_paulistano,1908,per090972_1908_16206,3,ocr-tesseract-scans-bn,1.0.0,tesseract,5.4.0.20240606,leptonica-1.84.1,por,3,1,best,ok,b582dffd3fd9be4953a5cd18776b808195f6f2ab33360537ca801fb07d6397d8,35406,58.76,
090972,correio_paulistano,1909,per090972_1909_16506,6,ocr-tesseract-scans-bn,1.0.0,tesseract,5.4.0.20240606,leptonica-1.84.1,por,3,1,best,ok,d99c530505fcd762a856da5b35d6ce0f00602c8976b2f1284c5a5e1558d0e696,37442,69.32,
090972,correio_paulistano,1909,per090972_1909_16582,6,ocr-tesseract-scans-bn,1.0.0,tesseract,5.4.0.20240606,leptonica-1.84.1,por,3,1,best,ok,b1513690f97a1e5e2824052201939a58a519fc3670e92768563e34c1a38adeab,38523,70.58,
090972,correio_paulistano,1910,per090972_1910_16708,4,ocr-tesseract-scans-bn,1.0.0,tesseract,5.4.0.20240606,leptonica-1.84.1,por,3,1,best,ok,ba51b3061b6d2437da029861b8102a189766bce99f589c3ae9027b84529612bb,22938,30.09,
090972,correio_paulistano,1910,per090972_1910_16826,3,ocr-tesseract-scans-bn,1.0.0,tesseract,5.4.0.20240606,leptonica-1.84.1,por,3,1,best,ok,bb12cb73cbbe8635e8a7aed69e1e48cff893d3113ef2c857c0068e786d97373a,45877,54.91,
090972,correio_paulistano,1911,per090972_1911_17242,6,ocr-tesseract-scans-bn,1.0.0,tesseract,5.4.0.20240606,leptonica-1.84.1,por,3,1,best,ok,aee7eaf97a63c667ec8d7cc728cfad7a57ef1d71c1ac73720a52a93bfb0be136,31575,50.21,
090972,correio_paulistano,1911,per090972_1911_17267,1,ocr-tesseract-scans-bn,1.0.0,tesseract,5.4.0.20240606,leptonica-1.84.1,por,3,1,best,ok,c126d45bceddd0721c5a9ce6b9f2de9b842f329dcbabedd389d67496c1df7774,40595,48.26,
090972,correio_paulistano,1912,per090972_1912_17609,1,ocr-tesseract-scans-bn,1.0.0,tesseract,5.4.0.20240606,leptonica-1.84.1,por,3,1,best,ok,7cc5254aba3aeb0ecb09254365626efe6fd83718d12ad9084cd52712c8b31312,33072,44.48,
090972,correio_paulistano,1912,per090972_1912_17703,2,ocr-tesseract-scans-bn,1.0.0,tesseract,5.4.0.20240606,leptonica-1.84.1,por,3,1,best,ok,f2cbf16685d09649fc91c76c9a125b718933be2595c49016617df1978cdf9c61,41115,69.42,
090972,correio_paulistano,1913,per090972_1913_17895,8,ocr-tesseract-scans-bn,1.0.0,tesseract,5.4.0.20240606,leptonica-1.84.1,por,3,1,best,ok,cd32c5174b15165dec98fec6b246547ced11af8963174e11a35380c10b4b6b65,14294,18.7,
090972,correio_paulistano,1913,per090972_1913_18096,8,ocr-tesseract-scans-bn,1.0.0,tesseract,5.4.0.20240606,leptonica-1.84.1,por,3,1,best,ok,4926d51e5a5572d3f45aa7c510d903a492d2435e9015944fe5585423ec04652c,31902,46.89,
090972,correio_paulistano,1914,per090972_1914_18315,3,ocr-tesseract-scans-bn,1.0.0,tesseract,5.4.0.20240606,leptonica-1.84.1,por,3,1,best,ok,4e99a2ce21d57df94798e985fa1bcd3fcce61399caf0f74d70fdcfafb1fbe455,38787,51.11,
090972,correio_paulistano,1914,per090972_1914_18416,5,ocr-tesseract-scans-bn,1.0.0,tesseract,5.4.0.20240606,leptonica-1.84.1,por,3,1,best,ok,0d332725158506f6ec0a4b5d136cb33c3c37c8132f3c3e866745c2af3abc519c,28896,41.58,
103730,gazeta_noticias,1906,per103730_1906_00035,5,ocr-tesseract-scans-bn,1.0.0,tesseract,5.4.0.20240606,leptonica-1.84.1,por,3,1,best,ok,97b74d93132189e35d0b3ed8c93f69d036125e8c509b600e3cb3bc6c9597aba6,43204,66.98,
103730,gazeta_noticias,1906,per103730_1906_00148,2,ocr-tesseract-scans-bn,1.0.0,tesseract,5.4.0.20240606,leptonica-1.84.1,por,3,1,best,ok,cfdfd6d8a11196cca300284afb35f6c053990e82ac90ccbd6bc7a1ed01b6c685,37242,58.63,
103730,gazeta_noticias,1907,per103730_1907_00124,1,ocr-tesseract-scans-bn,1.0.0,tesseract,5.4.0.20240606,leptonica-1.84.1,por,3,1,best,ok,b933952626ed364bddf6dd424c4270c1b5430727aa20fd6cf19acc65e45e47c5,31592,37.21,
103730,gazeta_noticias,1907,per103730_1907_00130,1,ocr-tesseract-scans-bn,1.0.0,tesseract,5.4.0.20240606,leptonica-1.84.1,por,3,1,best,ok,97a4c11e299e9275a37f5fe4f40183faa7c2a9dfa48ac002d86f545d6ae06b60,35263,63.04,
103730,gazeta_noticias,1908,per103730_1908_00106,2,ocr-tesseract-scans-bn,1.0.0,tesseract,5.4.0.20240606,leptonica-1.84.1,por,3,1,best,ok,70cf985a403c420ec150f3d0ffd9b371b6303284ba86dc562bc25cc139416f03,49114,77.0,
103730,gazeta_noticias,1908,per103730_1908_00120,2,ocr-tesseract-scans-bn,1.0.0,tesseract,5.4.0.20240606,leptonica-1.84.1,por,3,1,best,ok,c52dd11fbe2bd4b5b014937ccd6d056aee800cd48f64ebce88ad89c51f54aa99,43464,81.08,
103730,gazeta_noticias,1909,per103730_1909_00082,1,ocr-tesseract-scans-bn,1.0.0,tesseract,5.4.0.20240606,leptonica-1.84.1,por,3,1,best,ok,8e3e8b158414c5b1a688175925af0ec7fef86c6b221108560d5abc97ed0371d9,41347,69.76,
103730,gazeta_noticias,1909,per103730_1909_00276,16,ocr-tesseract-scans-bn,1.0.0,tesseract,5.4.0.20240606,leptonica-1.84.1,por,3,1,best,ok,444bdc1d35b1f6f16ea90c181079ba6d9d26544a8e2599047fc3985e790678a2,22,0.28,
103730,gazeta_noticias,1910,per103730_1910_00061,5,ocr-tesseract-scans-bn,1.0.0,tesseract,5.4.0.20240606,leptonica-1.84.1,por,3,1,best,ok,7406eae810e73ceef6d226ff00e9a3bb474c236c72f91324f409401931a14417,18460,58.81,
103730,gazeta_noticias,1910,per103730_1910_00279,12,ocr-tesseract-scans-bn,1.0.0,tesseract,5.4.0.20240606,leptonica-1.84.1,por,3,1,best,ok,4bc414c51d71bca70768a7f72822b1332b7f93cba6e6c06c3d340cf2f548b750,14595,21.46,
103730,gazeta_noticias,1911,per103730_1911_00053,3,ocr-tesseract-scans-bn,1.0.0,tesseract,5.4.0.20240606,leptonica-1.84.1,por,3,1,best,ok,60e0d120bfb027bfbe3aa98f88aa2fac0bde7e096f10a50074ff7bf9fade0849,17214,33.93,
103730,gazeta_noticias,1911,per103730_1911_00129,1,ocr-tesseract-scans-bn,1.0.0,tesseract,5.4.0.20240606,leptonica-1.84.1,por,3,1,best,ok,8014f5215833aeaf1ca9348d63ee348005dfb19654886b1f819075033695eb4f,36110,63.07,
103730,gazeta_noticias,1912,per103730_1912_00073,4,ocr-tesseract-scans-bn,1.0.0,tesseract,5.4.0.20240606,leptonica-1.84.1,por,3,1,best,ok,328d9364a4766fe7113e49425037961f40bb5bbfded23dd59b9466cd63dae3a3,26595,49.69,
103730,gazeta_noticias,1912,per103730_1912_00077,2,ocr-tesseract-scans-bn,1.0.0,tesseract,5.4.0.20240606,leptonica-1.84.1,por,3,1,best,ok,82f2580f6b875e0c5faeb01d8694db6f3f2a1da40c9698b5e2ad7f392f78378e,22124,31.33,
103730,gazeta_noticias,1914,per103730_1914_00075,6,ocr-tesseract-scans-bn,1.0.0,tesseract,5.4.0.20240606,leptonica-1.84.1,por,3,1,best,ok,3a3c3177d7666b4b91bb40ea3392fbaf95ad641f673fcd3d057484009de6f5ba,25679,50.96,
103730,gazeta_noticias,1914,per103730_1914_00130,10,ocr-tesseract-scans-bn,1.0.0,tesseract,5.4.0.20240606,leptonica-1.84.1,por,3,1,best,ok,e73291278559483410a02c70ab6b6b2e671cbf22ea8b366f7797ab57b828ee23,9128,12.05,
178691,o_paiz,1906,per178691_1906_07963,3,ocr-tesseract-scans-bn,1.0.0,tesseract,5.4.0.20240606,leptonica-1.84.1,por,3,1,best,ok,d90f64dfe689048c15af905729dde3ae0d3a8a0a9cf570f10d39164d68ae5a03,38283,117.1,
178691,o_paiz,1906,per178691_1906_08110,1,ocr-tesseract-scans-bn,1.0.0,tesseract,5.4.0.20240606,leptonica-1.84.1,por,3,1,best,ok,74ed193b35a8431ee2df95e81d585e94ca253f56f68ac097322e41716e3c1c97,18705,30.63,
178691,o_paiz,1907,per178691_1907_08159,3,ocr-tesseract-scans-bn,1.0.0,tesseract,5.4.0.20240606,leptonica-1.84.1,por,3,1,best,ok,9e8a54abcf2dba26d09123c9728f36f84d9d6219544a3af31fae3cc28b5e1cf9,5898,7.38,
178691,o_paiz,1907,per178691_1907_08319,5,ocr-tesseract-scans-bn,1.0.0,tesseract,5.4.0.20240606,leptonica-1.84.1,por,3,1,best,ok,28d9e21d36d6c46834cd25708f209977db69a1c0a2f08bcbd0b02896b53dd422,33672,68.32,
178691,o_paiz,1908,per178691_1908_08547,2,ocr-tesseract-scans-bn,1.0.0,tesseract,5.4.0.20240606,leptonica-1.84.1,por,3,1,best,ok,7fbf1a195630fc76d47f6fead59fb46ed03aaeda2da4d99de6a23b16d0593bcc,34113,61.64,
178691,o_paiz,1908,per178691_1908_08662,11,ocr-tesseract-scans-bn,1.0.0,tesseract,5.4.0.20240606,leptonica-1.84.1,por,3,1,best,ok,0015b2dc079c933ed8ea685463e81813c1d9fd7b056b82eeb7c34c8b652bd955,7357,9.72,
178691,o_paiz,1909,per178691_1909_08914,8,ocr-tesseract-scans-bn,1.0.0,tesseract,5.4.0.20240606,leptonica-1.84.1,por,3,1,best,ok,fddc5943f2f16ede99df0c93df57446f59d387ffef71694e5ddf6e69451a87b3,15586,21.32,
178691,o_paiz,1909,per178691_1909_09057,1,ocr-tesseract-scans-bn,1.0.0,tesseract,5.4.0.20240606,leptonica-1.84.1,por,3,1,best,ok,5501ce7867e9e65a461c5bba43bfdd7cfbd00541595eef48dad4acec9166ae29,33211,36.19,
178691,o_paiz,1910,per178691_1910_09371,10,ocr-tesseract-scans-bn,1.0.0,tesseract,5.4.0.20240606,leptonica-1.84.1,por,3,1,best,ok,d290f6d9258eb9cbf19509316a7de9fa9a57133ef3cd1043b434c17f7ab8f422,37515,51.54,
178691,o_paiz,1910,per178691_1910_09555,9,ocr-tesseract-scans-bn,1.0.0,tesseract,5.4.0.20240606,leptonica-1.84.1,por,3,1,best,ok,cacd0307eee10da061a5f0c891a26d0dae845ee6a2873cb95e8a9ce9b2e1bc13,27145,30.87,
178691,o_paiz,1911,per178691_1911_09745,3,ocr-tesseract-scans-bn,1.0.0,tesseract,5.4.0.20240606,leptonica-1.84.1,por,3,1,best,ok,d777e5b9208d6c83023b9299d274b25f5322d7eb15dc8b7a17f69da3810c54c0,40607,38.74,
178691,o_paiz,1911,per178691_1911_09774,4,ocr-tesseract-scans-bn,1.0.0,tesseract,5.4.0.20240606,leptonica-1.84.1,por,3,1,best,ok,43a74c41f34673a5e197fbb61b562994fb4732e21acd5ce77ffe9aa2b3989bf1,35093,32.93,
178691,o_paiz,1912,per178691_1912_10146,11,ocr-tesseract-scans-bn,1.0.0,tesseract,5.4.0.20240606,leptonica-1.84.1,por,3,1,best,ok,821b7f908d6ed713e56fd3ae89d19af0c46f482ecbceac459af804ac80572fb0,26747,42.25,
178691,o_paiz,1912,per178691_1912_10258,13,ocr-tesseract-scans-bn,1.0.0,tesseract,5.4.0.20240606,leptonica-1.84.1,por,3,1,best,ok,41197dc4b9c1b9379ad01698f57550e6dbbbf3ca7abc396acdcdc312f55498d5,33599,39.1,
178691,o_paiz,1913,per178691_1913_10378,11,ocr-tesseract-scans-bn,1.0.0,tesseract,5.4.0.20240606,leptonica-1.84.1,por,3,1,best,ok,8348e999031f364d03d93c66e91672414064f9e366c5962ff3c0ace9b0e037f5,37072,37.21,
178691,o_paiz,1913,per178691_1913_10674,28,ocr-tesseract-scans-bn,1.0.0,tesseract,5.4.0.20240606,leptonica-1.84.1,por,3,1,best,ok,f1776afbb821b7b0f784e4023a56fa726e14a2d83af668f81a494a290afcfe87,8533,7.24,
178691,o_paiz,1914,per178691_1914_10708,9,ocr-tesseract-scans-bn,1.0.0,tesseract,5.4.0.20240606,leptonica-1.84.1,por,3,1,best,ok,928ebdb709c2038fce1e6c3d843ff923e1a6023eda865ef5a74c81001caa16d4,39438,47.46,
178691,o_paiz,1914,per178691_1914_10810,6,ocr-tesseract-scans-bn,1.0.0,tesseract,5.4.0.20240606,leptonica-1.84.1,por,3,1,best,ok,6a3354accaec554a4f24bfa9ffeb5656ddb67bed31ed8205665565ee9539c8a9,33906,31.84,
