id,ator,uf,marco_grupo,marco_ref,objeto,posicao,trecho,fonte,data,voz,cruzamento,sim_fonte,conferencia
Q001,Serzedello Correa,MT,A_criacao_1906,M003-M008,mecanismo,contra,A sua divergencia é profunda e completa,P:1:78,1906-08-15,direta,confere (O Paiz 07950),1.00@pdf78,literal
Q002,Serzedello Correa,MT,A_criacao_1906,M003-M008,taxa,contra_15_depressiva,a taxa de 15 é evidentemente depressiva,P:1:617,1906-11-29,direta,"sem_par; em 30/08 e 13/09 chamava 15 de instável e 12 de depressiva: 15 só é ""depressiva"" como padrão definitivo",1.00@pdf617,literal
Q003,Serzedello Correa,MT,A_criacao_1906,M003-M008,padrao,quebra_so_com_conversao_total,não se póde fixar o preço de mercadoria alguma só por simples vontade dos poderes publicos ou por effeito de lei,P:1:79,1906-08-15,direta,confere (O Paiz 07950),0.87@pdf79,aproximada_ocr
Q004,Serzedello Correa,MT,A_criacao_1906,M003-M008,fundos_1899,resgate_basta,basta o funccionamento do fundo de resgate para dar-nos a estabilização,P:1:85,1906-08-15,direta,omitido pela Gazeta 00194,1.00@pdf85,literal
Q005,Serzedello Correa,MT,A_criacao_1906,M006-M008,mecanismo,aceita_mecanismo_emendado,é a expressão exacta do mecanismo que formulei em meu voto vencido,P:1:617,1906-11-29,direta,explica carta 1907,1.00@pdf617,literal
Q006,Paula Ramos,SC,A_criacao_1906,M003-M008,mecanismo,contra,A caixa de que trata o projecto não fixa e nem converte,P:1:105,1906-08,direta,confere (CM 01857),1.00@pdf105,literal
Q007,Paula Ramos,SC,A_criacao_1906,M003-M008,taxa,contra_15,bastava a escolha da taxa para que não lhe pudesse dar o meu assentimento,P:1:105,1906-08,direta,sem_par,1.00@pdf105,literal
Q008,Cornelio da Fonseca,PE,A_criacao_1906,M003-M008,mecanismo,contra_por_adesao,"vencido, de accôrdo com o voto do Sr. Deputado Paula Ramos",P:1:78,1906-08-15,assinatura,sem_voz,0.91@pdf78,aproximada_ocr
Q009,Barbosa Lima,DF,A_criacao_1906,M003-M008,mecanismo,contra_programa_murtinho,"Eu, que não sou da colligação, sustento o programma da colligação",P:1:472,1906-09-26,direta,Gazeta 00270 omite o programa,1.00@pdf472,literal
Q010,Barbosa Lima,DF,A_criacao_1906,M003-M008,lastro_emprestimo,contra_lastro_por_emprestimo,não podendo em caso algum esse deposito constituir-se mediante emprestimo,P:1:476,1906-09-25,direta,confere literal (CM 01906),1.00@pdf476,literal
Q011,Barbosa Lima,DF,A_criacao_1906,M003-M008,padrao,contra_quebra,uma deshonestidade por parte do Estado,P:1:470,1906-09-26,citacao_de_murtinho,"recorrente: 24/08 (Gazeta 00237 p3, resumo; anais em discurso indireto sem a citação) e 26/09 (anais, literal); a Gazeta simplifica para ""quebra do padrão""",0.97@pdf470,aproximada_ocr
Q012,Wenceslau Escobar,RS,A_criacao_1906,M003-M008,mecanismo,contra,declarar que voto contra o projecto em discussão,P:1:106,1906-08-20,direta,confere (Gazeta 00233),1.00@pdf106,literal
Q013,Wenceslau Escobar,RS,A_criacao_1906,M003-M008,padrao,quebra_ao_valor_real,se realizar com a quebra do padrão monetario pelo valor real do papel moeda,P:1:119,1906-08-20,direta,sem_par,0.92@pdf119,aproximada_ocr
Q014,Affonso Costa,PE,A_criacao_1906,M003-M008,taxa,contra_abaixo_de_18,estaremos fazendo uma fixação artificial,P:1:158,1906-08-24,direta,confere (O Paiz 07996),1.00@pdf158,literal
Q015,Affonso Costa,PE,A_criacao_1906,M003-M008,valorizacao_cafe,contra,Votei contra o plano de valorização do café,P:1:139,1906-08-24,direta,sem_par,1.00@pdf139,literal
Q016,Affonso Costa,PE,A_criacao_1906,M003-M008,mecanismo,contra_inflacao_ou_inocuo,capaz de produzir a inflação do meio circulante,P:1:412,1906-09-22,direta,confere (O Paiz 08043),1.00@pdf412,literal
Q017,Paulino de Souza,RJ,A_criacao_1906,M003-M008,padrao,contra_quebra_juridica,"impedirá a alta do cambio, mas por uma razão unica: porque quebra o padrão",P:1:279,1906-09-03,direta,confere (CP 15467),0.88@pdf279,aproximada_ocr
Q018,Arthur Orlando,PE,A_criacao_1906,M003-M008,padrao,quebra_inconstitucional,"uma retroactividade de leis, uma inconstitucionalidade",P:1:445,1906-09-25,direta,Gazeta 00268 acrescenta ressalva do café,0.90@pdf445,aproximada_ocr
Q019,Antunes Maciel,RS,A_criacao_1906,M004,fundos_1899,preservar_fundos_1899,são desviados pela emenda,P:1:484,1906-10-04,direta,sem_par,0.86@pdf480,aproximada_ocr
Q020,Anisio de Abreu,PI,A_criacao_1906,M003-M008,mecanismo,contra_radical,nossa negativa radical e absoluta,P:1:571,1906-11,direta,sem_par,0.90@pdf571,aproximada_ocr
Q021,David Campista,MG,A_criacao_1906,M003-M008,mecanismo,a_favor_relator,nos alcunha de fixadores,P:1:275,1906-09-01,direta,confere (Gazeta 00283),1.00@pdf275,literal
Q022,David Campista,MG,A_criacao_1906,M003-M008,padrao,quebra_so_com_conversao_imediata,desde que seja seguida da immediata conversão do meio circulante,P:1:247,1906-09-01,direta,sem_par,1.00@pdf247,literal
Q023,Altino Arantes,SP,A_criacao_1906,M003-M008,mecanismo,a_favor,o advento da circulação metallica no Brazil,P:1:137,1906-08-22,direta,sem_par,0.95@pdf137,aproximada_ocr
Q024,Adolpho Gordo,SP,A_criacao_1906,M003-M008,valorizacao_cafe,a_favor_contra_alta,Será a ruina da nossa lavoura,P:1:309,1906-09-03,direta,confere (CM 01880),1.00@pdf309,literal
Q025,Adolpho Gordo,SP,A_criacao_1906,M003-M008,taxa,15_expressao_da_situacao,fixar o cambio em uma taxa que reflicta a nossa situação economica,P:1:296,1906-09-03,direta,confere (CM 01880),0.93@pdf296,aproximada_ocr
Q026,Alberto Sarmento,SP,A_criacao_1906,M003-M008,competencia_taxa,congresso,por lei do Congresso,P:1:393,1906-09-20,direta,confere (O Paiz 08023),1.00@pdf393,literal
Q027,Alberto Sarmento,SP,A_criacao_1906,M003-M008,padrao,quebra_aceitavel,não comprehendia o receio de uma quebra do padrão,I:per178691_1906_08023:1,1906-09-21,resumo_jornal,confere,0.85,aproximada_ocr
Q028,Rodolpho Paixao,,A_criacao_1906,M004,fundos_1899,incorporar_tres_fundos,o fundo de resgate ha sido contraproducente,P:1:357,1906-09-19,direta,sem_par,0.84@pdf361,nao_localizada
Q029,Rodolpho Paixao,,A_criacao_1906,M003-M008,taxa,15_aceitavel,"taxa de 15 pence por mil réis, que eu considero muito acceitavel",P:1:375,1906-09-19,direta,sem_par,1.00@pdf375,literal
Q030,Barros Franco,RJ,A_criacao_1906,M003-M008,valorizacao_cafe,a_favor_taubate,"em 1906, vae conseguir a sua emancipação economica",P:1:515,1906-10-05,direta,confere (CP 15494),1.00@pdf515,literal
Q031,Rodrigues Peixoto,,A_criacao_1906,M003-M008,mecanismo,a_favor,E' pela Caixa de Conversão e estabilização do cambio,P:1:424,1906-09-24,resumo_anais,confere (Gazeta 00268),0.91@pdf424,aproximada_ocr
Q032,Alcindo Guanabara,DF,A_criacao_1906,M003-M008,taxa,quebra_a_12,a média geral desses 14 annos é de 11 9/32,P:1:217,1906-08-28,direta,"não diverge do voto: aceita o princípio (fixidez) e vota SIM em 14/09 (imagem v1 p.345); quer fixidez mais radical, quebra definitiva a 12",1.00@pdf217,literal
Q033,Alcindo Guanabara,DF,A_criacao_1906,M003-M008,mecanismo,contra,o que era inutil passou a ser perigoso para o paiz,P:1:453,1906-09-25,resumo_anais,virada após as emendas de 24/09 (fundo de garantia em câmbio); ausente em 08/10,0.85@pdf453,aproximada_ocr
Q034,Urbano Santos,MA,A_criacao_1906,M008,padrao,nega_quebra,"Não é, pois, uma medida definitiva a estabilidade",P:1:565,1906-11,parecer,sem_par,0.95@pdf562,aproximada_ocr
Q035,Moniz Freire,ES,A_criacao_1906,M008,mecanismo,a_favor,vêm em apoio do plano,P:1:602,1906-11-26,resumo_anais,sem_par,1.00@pdf602,literal
Q036,Serzedello Correa,MT,B_operacao_1907_09,M009-M011,mecanismo,a_favor_estabilizacao,O beneficio que a caixa de conversão está destinada a produzir é o da estabilização relativa do cambio,I:per178691_1907_08210:3,1907-03-27,direta_carta,coerente com P:1:617,0.92,aproximada_ocr
Q037,Serzedello Correa,MT,B_operacao_1907_09,M011,mecanismo,avalia_positivo,affirma que a caixa produziu a estabilização das taxas cambiaes,I:per178691_1908_08665:1,1908-06-24,resumo_jornal,citado em 1910 com data 1907,1.00,literal
Q038,Serzedello Correa,MT,B_operacao_1907_09,M013,alfandega,contra_emenda_15,"A emenda, diz o Sr. Serzedello Correia, é de extraordinaria importancia",I:per178691_1908_08687:1,1908-07,resumo_jornal,sem_par,1.00,literal
Q039,Serzedello Correa,MT,B_operacao_1907_09,M013,alfandega,direitos_100_ouro_contra_perda_fiscal,A tendencia geral é para a metallização da nossa moeda,I:per089842_1909_02872:1,1909-05-27,direta_entrevista,"entrevista sobre a revisão da tarifa (taxa aduaneira 12 para 15 e quota-ouro); ""metallização"" = direitos em ouro; coerente com Q038",0.89,aproximada_ocr
Q040,Barbosa Lima,DF,B_operacao_1907_09,M013,alfandega,cobrar_a_15,"depois da creação da caixa de conversão, que fixou o cambio a 15",I:per178691_1908_08678:1,1908-07,resumo_jornal,marco M013,1.00,literal
Q041,Paula Ramos,SC,B_operacao_1907_09,M013,alfandega,tarifa_movel,egualar o valor do ouro na Caixa de Conversão ao valor do ouro na Alfândega,I:per090972_1907_15768:2,1907-07,resumo_jornal,sem_par,0.92,aproximada_ocr
Q042,Custodio Coelho,,B_operacao_1907_09,M007-M009,taxa,aceita_15,acabasse por aceitar a prefixação da taxa de 15 d.,I:per178691_1907_08204:1,1907-03-21,jornal_sobre_terceiro,"marco M007; a frase é da coluna satírica de O Paiz (voz do jornal), não de Custódio",0.85,aproximada_ocr
Q043,David Campista,MG,B_operacao_1907_09,M011,lastro_emprestimo,deposito_como_encaixe_50,Os dez milhões do deposito actual,I:per178691_1909_09189:1,1909-12-01,direta_entrevista_citada,"O Paiz, em nota da redação, ridiculariza a proposta (""clamorosa illusão"") e defende o depósito como garantia dos bilhetes",0.89,aproximada_ocr
Q044,Leopoldo de Bulhoes,GO,C_elevacao_1910,M014,taxa,16,"o cambio não interessa ao ouro, só nos interessa a nós",P:2:20,1910-04-23,direta_exposicao,"sem_par; a mesma exposição chama a taxa fixa de 1906 de ""violencia exercida sobre a valorização monetaria do papel"" (pdf 19)",1.00@pdf20,literal
Q045,Leopoldo de Bulhoes,GO,C_elevacao_1910,M014,fundos_1899,restaurar_fundo_garantia,deixou o papel moeda circulante desprovido da protecção,P:2:15,1910-04-23,direta_exposicao,sem_par,0.94@pdf15,aproximada_ocr
Q046,Barbosa Lima,DF,C_elevacao_1910,M014,mecanismo,contra_irredutivel,adversario irreductivel daquelle artificio monetario,P:2:27,1910-04-29,direta_parecer,confere (CM 03206; O Paiz 09338),1.00@pdf27,literal
Q047,Barbosa Lima,DF,C_elevacao_1910,M014,taxa,16_como_transacao,como elemento de transacção,I:per089842_1910_03208:2,1910-04-30,resumo_jornal,confere,1.00,literal
Q048,Paula Ramos,SC,C_elevacao_1910,M014,mecanismo,respeitar_lei_1906,quer que sejam respeitados os termos da lei,I:per178691_1910_09338:2,1910-04,resumo_jornal,confere (CM 03208),1.00,literal
Q049,Paula Ramos,SC,C_elevacao_1910,M018,taxa,contra_substitutivo,votei contra o substitutivo da Commissão de Finanças,P:2:389,1910-12-18,direta,sem_par,1.00@pdf389,literal
Q050,Galeao Carvalhal,SP,C_elevacao_1910,M016,taxa,manter_15_ampliar_limite,conveniencia da permanencia da taxa de 15 dinheiros,P:2:54,1910-11-22,direta,M016,1.00@pdf57,literal
Q051,Affonso Costa,PE,C_elevacao_1910,M014-M018,taxa,18,diga-se: 18 dinheiros,P:2:98,1910-11-29,emenda,sem_par,1.00@pdf98,literal
Q052,Affonso Costa,PE,C_elevacao_1910,M014-M018,mecanismo,contra_mas_ressarcir_portadores,Inimigo que fui da creação da Caixa,P:2:98,1910-11-29,direta,sem_par,1.00@pdf98,literal
Q053,Rodolpho Paixao,,C_elevacao_1910,M014-M018,taxa,15_aceita_16_vencido,"neste ponto, confesso, sou um vencido",P:2:100,1910-12-01,direta,sem_par,1.00@pdf100,literal
Q054,Honorio Gurgel,DF,C_elevacao_1910,M014-M018,taxa,contra_fixacao_17,contrario á fixação do cambio,P:2:130,1910-12-02,direta,confere (O Paiz 09555: 17),1.00@pdf130,literal
Q055,Lindolpho Camara,RN,C_elevacao_1910,M014-M018,taxa,manter_15,o cambio permaneceu dentro da taxa de 15 d.,P:2:157,1910-12-05,direta,sem_par,0.94@pdf156,aproximada_ocr
Q056,Felisbello Freire,SE,C_elevacao_1910,M014-M018,taxa,18_e_executivo,fixando a taxa em 18 dinheiros,P:2:192,1910-12,direta,sem_par,1.00@pdf191,literal
Q057,Felisbello Freire,SE,C_elevacao_1910,M014-M018,competencia_taxa,executivo,dando ao Poder Executivo a prerogativa,P:2:192,1910-12,direta,sem_par,1.00@pdf191,literal
Q058,Calogeras,MG,C_elevacao_1910,M014-M018,mecanismo,extinguir,Fica extincta a Caixa de Conversão,P:2:252,1910-12-09,emenda,confere (CM 03430 defesa de Bulhoes),0.93@pdf252,aproximada_ocr
Q059,Cincinato Braga,SP,C_elevacao_1910,M017,taxa,15_agora_alta_gradual,a taxa de 15 só poderá continuar a ser sustentada,P:2:266,1910-12-14,direta,M017,1.00@pdf267,literal
Q060,Cincinato Braga,SP,C_elevacao_1910,M017,fundos_1899,fundo_garantia_termometro,verdadeiro thermometro,P:2:327,1910-12-14,direta,sem_par,1.00@pdf327,literal
Q061,Josino de Araujo,MG,C_elevacao_1910,M014-M018,limite_deposito,sem_limite_ou_60,sem limitação de depositos,P:2:329,1910-12-15,emenda,confere (Gazeta 00351),1.00@pdf329,literal
Q062,Josino de Araujo,MG,C_elevacao_1910,M014-M018,taxa,manter_15,Fica mantida a 15 dinheiros,P:2:329,1910-12-15,emenda,confere (Gazeta 00351),1.00@pdf329,literal
Q063,Joao Luiz Alves,ES,C_elevacao_1910,M018,taxa,16_otimista,mais como uma taxa optimista,P:2:396,1910-12-24,direta_parecer,sem_par,0.92@pdf396,aproximada_ocr
Q064,Severino Vieira,BA,C_elevacao_1910,M018,taxa,expressao_real_adiar,a taxa que for a expressão real,P:2:406,1910-12-26,resumo_anais,confere (O Paiz 09579),1.00@pdf406,literal
Q065,Azeredo,MT,C_elevacao_1910,M018,taxa,17,"mas a de 17, que me parece deve ser a média",P:2:411,1910-12-27,direta,confere (O Paiz 09580),1.00@pdf412,literal
Q066,Azeredo,MT,C_elevacao_1910,M018,limite_deposito,contra_60,quasi que a quebra do padrão,P:2:412,1910-12-27,direta,confere (CM 03446),1.00@pdf412,literal
Q067,Joaquim Murtinho,MT,C_elevacao_1910,M018,mecanismo,contra,contra a qual S. Ex. sempre se manifestou,P:2:407,1910-12-27,carta_lida_por_azeredo,confere (O Paiz 09580),1.00@pdf407,literal
Q068,Moniz Freire,ES,C_elevacao_1910,M018,mecanismo,ceptico,a Caixa teria ficado sem funcção,P:2:434,1910-12-27,direta,sem_par,1.00@pdf434,literal
Q069,Goncalves Ferreira,PE,C_elevacao_1910,M018,mecanismo,contra_desde_criacao,"contrario á Caixa de Conversão, desde a sua creação",I:per089842_1910_03446:3,1910-12-24,voto_vencido_publicado,sem_par,0.90,aproximada_ocr
Q070,Francisco Salles,MG,C_elevacao_1910,M018,taxa,manter_16,acha que a taxa de 16 dinheiros deve ser mantida,I:per178691_1910_09551:2,1910-11,resumo_jornal,sem_par,1.00,literal
Q071,Francisco Salles,MG,D_crise_1911_13,M018,taxa,executa_16,carimbadas com a nova taxa,I:per103730_1911_00006:1,1911-01,resumo_jornal,sem_par,1.00,literal
Q072,Rivadavia Correa,RS,D_crise_1911_13,M020-M022,troco_ouro,depositos_intocaveis,faltar á fé dos contractos,I:per090972_1913_17979:2,1913-08-10,terceiro_relatado,"fala relatada pelo barão de Ibirocahy na Associação Commercial; os ""depósitos em Londres"" podem não ser o ouro da Caixa (Calmon: à disposição do governo)",1.00,literal
Q073,Carlos Peixoto,MG,D_crise_1911_13,M020-M022,emissao_papel,contra,vota contra qualquer emissão,I:per090972_1913_17979:2,1913-08-10,resumo_jornal,sem_par,1.00,literal
Q074,Francisco Glycerio,SP,D_crise_1911_13,retrospecto,taxa,12_verdadeira,"a taxa verdadeira, que era a de 12",I:per089842_1913_05446:3,1913-12-28,aparte,sem_par,0.92,aproximada_ocr
Q075,Pinheiro Machado,RS,D_crise_1911_13,retrospecto,taxa,15_verdadeira,"a taxa de 15, que era a taxa verdadeira",I:per089842_1913_05446:3,1913-12-28,direta,sem_par,0.93,aproximada_ocr
Q076,Antonio Carlos,MG,E_suspensao_1914,M023-M026,emissao_papel,contra_relator,contra a emissão,I:per178691_1914_10907:3,1914-08-18,resumo_jornal,sem_par,1.00,literal
Q077,Cincinato Braga,SP,E_suspensao_1914,M023-M026,emissao_papel,a_favor_SP,favoravel á emissão de papel-moeda,I:per178691_1914_10910:6,1914-08-21,resumo_jornal,sem_par,1.00,literal
Q078,Rivadavia Correa,RS,E_suspensao_1914,M023-M026,emissao_papel,adversario_mas_cede,tem sido e é adversario da emissão,I:per178691_1914_10897:3,1914-08,resumo_jornal,sem_par,1.00,literal
Q079,Martim Francisco,SP,E_suspensao_1914,M023-M026,emissao_papel,contra,contra a emissão de papel-moeda,I:per178691_1914_10900:4,1914-08-11,resumo_jornal,sem_par,1.00,literal
Q080,Martim Francisco,SP,E_suspensao_1914,M025,troco_ouro,contra_suspensao_honra,a ser deshonesta,I:per103730_1914_00345:2,1914-12-12,resumo_jornal,marco M025,1.00,literal
Q081,Serzedello Correa,MT,E_suspensao_1914,M025,troco_ouro,contra_suspensao_quer_fim_da_caixa,A Caixa é um grande trambolho,I:per103730_1914_00345:2,1914-12-12,resumo_jornal,"marco M025; atribuição conferida na imagem; na mesma fala: ""Suspender a retirada de ouro é deshonesto""",0.88,aproximada_ocr
Q082,Serzedello Correa,MT,E_suspensao_1914,M023,emissao_papel,contra_em_doutrina_emissao_minorada_pela_caixa,terá a sua acção malefica um pouco minorada,I:per178691_1914_10901:4,1914-08-12,direta,sem_par,1.00,literal
Q083,Calogeras,MG,E_suspensao_1914,M023-M026,troco_ouro,contra_impedir_retiradas,impedir as retiradas da Caixa de Conversão,I:per090972_1914_18331:4,1914-07-31,resumo_jornal,sem_par,1.00,literal
Q084,Calogeras,MG,E_suspensao_1914,M023-M026,emissao_papel,contra,um verdadeiro crime,I:per090972_1914_18331:4,1914-07-31,resumo_jornal,sem_par,0.88,aproximada_ocr
Q085,Leopoldo de Bulhoes,GO,E_suspensao_1914,M023-M025,troco_ouro,suspensao_ilegal,considera illegal,I:per089842_1914_05644:2,1914-08-08,resumo_jornal,sem_par,1.00,literal
Q086,Leopoldo de Bulhoes,GO,E_suspensao_1914,M023-M026,emissao_papel,contra_prefere_bilhetes_tesouro,combateu,I:per089842_1914_05644:2,1914-08-08,resumo_jornal,sem_par,1.00,literal
Q087,Rui Barbosa,BA,A_criacao_1906,M008,mecanismo,a_favor_voto,"Ruy Barbosa, Moniz Freire",P:1:608,1906-11-26,voto_nominal,sem_fala_na_base,1.00@pdf608,literal
Q088,David Campista,MG,A_criacao_1906,M003-M008,taxa,estabilidade_acima_do_nivel,"embora relativamente baixa, seria, a meu ver, mais benemerito",P:1:242,1906-09-01,direta,leitura integral,0.88@pdf242,aproximada_ocr
Q089,David Campista,MG,A_criacao_1906,M003-M008,mecanismo,caixa_contra_alta_fundos_contra_baixa,a lei em projecto é feita para conter a alta,P:1:264,1906-09-01,direta,leitura integral,1.00@pdf264,literal
Q090,David Campista,MG,A_criacao_1906,M003-M008,valorizacao_cafe,estabilidade_nao_cambio_baixo,pedia tão sómente a estabilidade como condição de vida,P:1:274,1906-09-01,direta,leitura integral,0.96@pdf273,aproximada_ocr
Q091,David Campista,MG,A_criacao_1906,M003-M008,taxa,taxa_corrente,"tem sido, mais ou menos, a taxa corrente",P:1:541,1906-10-05,direta,leitura integral,1.00@pdf541,literal
Q092,David Campista,MG,A_criacao_1906,M003-M008,fundos_1899,complemento_de_murtinho,o projecto é o complemento dessa politica,P:1:538,1906-10-05,direta,leitura integral,1.00@pdf538,literal
Q093,David Campista,MG,A_criacao_1906,M003-M008,mecanismo,resistencia_da_capital,As resistencias ficaram na Capital,P:1:521,1906-10-05,direta,leitura integral,0.90@pdf521,aproximada_ocr
Q094,Nilo Pecanha / Leopoldo de Bulhoes,RJ/GO,C_elevacao_1910,M014,taxa,18_mensagem_08_11,"pela de 18 d., actualmente preferida pela nossa situação economica",P:2:39,1910-11-08,direta_exposicao,resolve divergência 16 x 18 1/4,0.91@pdf39,aproximada_ocr
Q095,Rui Barbosa,BA,C_elevacao_1910,M014,taxa,manter_15_ampliar_emissao,"Este o meu voto, e a elle junto o de que não se altere a taxa de 15",I:per089842_1910_03208:1,1910-04-30,plataforma_citada,confere (O Paiz 09253; v2 pdf58),0.98,aproximada_ocr
Q096,Calogeras,MG,C_elevacao_1910,M014-M018,lastro_emprestimo,caixa_cheia_por_arbitragem,nada tinha que ver com os saldos do Brasil,P:2:195,1910-12-07,direta,leitura integral,1.00@pdf195,literal
Q097,Calogeras,MG,C_elevacao_1910,M018,taxa,queda_18_16_por_ordem_oficial,Por determinação official,P:2:210,1910-12-07,direta,leitura integral,1.00@pdf210,literal
Q098,Calogeras,MG,C_elevacao_1910,M014-M018,taxa,alta_beneficia_95_por_cento,soffram 5 % do que os 95 % restantes,P:2:225,1910-12-08,direta,leitura integral,1.00@pdf225,literal
Q099,Calogeras,MG,C_elevacao_1910,M014-M018,mecanismo,nova_abolicao_assalariados,E' uma nova campanha abolicionista que se enceta,P:2:228,1910-12-08,direta,leitura integral; metáfora invertida por Josino,1.00@pdf228,literal
Q100,Cincinato Braga,SP,C_elevacao_1910,M017,taxa,valorizacao_defrauda_o_campo,defraudação immoral das classes camponezas,P:2:296,1910-12-14,direta,leitura integral,0.92@pdf296,aproximada_ocr
Q101,Cincinato Braga,SP,C_elevacao_1910,M017,taxa,alta_gradual,Quero-a conquistada degráo por degráo,P:2:304,1910-12-14,direta,leitura integral,1.00@pdf304,literal
Q102,Cincinato Braga,SP,C_elevacao_1910,M017,fundos_1899,escada_fundo_garantia,"attingidos 30 milhões, sel-o-hão á taxa de 18",P:2:326,1910-12-14,direta,leitura integral,1.00@pdf325,literal
Q103,Cincinato Braga,SP,C_elevacao_1910,M017,mecanismo,a_favor_estabilidade,O que queremos é cambio estavel,P:2:305,1910-12-14,direta,"em abril de 1910, na Comissão de Finanças, ele mesmo ""diz que foi inimigo da Caixa"" (CP 16787 p2, resumo); votou SIM em 14/09/1906 e não discursou",1.00@pdf305,literal
Q104,Cincinato Braga,SP,C_elevacao_1910,M017,lastro_emprestimo,deposito_e_divida,"que são alheios, não nossos",P:2:265,1910-12-14,direta,leitura integral,1.00@pdf265,literal
Q105,Josino de Araujo,MG,C_elevacao_1910,M014-M018,mecanismo,fazendeiros_escravos,"os escravos são, hoje, os fazendeiros",P:2:375,1910-12-15,direta,metáfora oposta à de Calógeras,1.00@pdf375,literal
Q106,Rui Barbosa,BA,E_suspensao_1914,M023-M026,emissao_papel,contra_indireto,abundar nos argumentos do,I:per089842_1914_05644:2,1914-08-08,relato_indireto,sem fala direta localizada,1.00,literal
Q107,Serzedello Correa,MT,A_criacao_1906,M003-M008,taxa,12_espoliacao_15_instavel,"a taxa de 15 d. me parece instavel, perigosa, incapaz de manter-se",P:1:232,1906-08-30,direta,"leitura integral; 12 seria ""expoliação""",0.92@pdf232,aproximada_ocr
Q108,Serzedello Correa,MT,A_criacao_1906,M003-M008,padrao,quebra_definitiva_futura_taxa_alta,a uma taxa sufficientemente alta de modo a não causar prejuizos,P:1:327,1906-09-13,direta,leitura integral; programa em 5 pontos,1.00@pdf327,literal
Q109,Serzedello Correa,MT,A_criacao_1906,M003-M008,mecanismo,so_se_substituir_papel,"Faça-se isso e a caixa é um apparelho complementar do mecanismo de 1899. Como está, nunca.",P:1:324,1906-09-13,direta,leitura integral,1.00@pdf324,literal
Q110,Serzedello Correa,MT,A_criacao_1906,M006-M008,valorizacao_cafe,valorizacao_da_producao_antes_da_conversao,"valorização da que temos, especialmente o café",P:1:618,1906-11-29,direta,declaração com a assinatura do parecer,1.00@pdf618,literal
Q111,Alcindo Guanabara,DF,A_criacao_1906,M003-M008,taxa,caixa_com_quebra_a_12_segundo_Serzedello,quer a caixa de conversão e quer com quebra do padrão a 12,P:1:321,1906-09-13,terceiro_parlamentar,Serzedelo descreve a posição de Alcindo,1.00@pdf321,literal
Q112,Alcindo Guanabara,DF,A_criacao_1906,M003-M008,mecanismo,aceita_principio_nega_eficacia,"o projecto em debate, cujo intuito é conseguir este desideratum, não é só conveniente, como necessario",P:1:204,1906-08-28,direta,leitura integral; explica o SIM de 14/09,0.98@pdf204,aproximada_ocr
Q113,Alcindo Guanabara,DF,A_criacao_1906,M006-M007,fundos_1899,contra_fundo_de_garantia_em_cambio,Entregar o fundo de garantia á Caixa de Conversão para operar em cambio é sem duvida pôl-o em risco,P:1:452,1906-09-25,resumo_anais,reage às emendas Campista de 24/09,1.00@pdf452,literal
Q114,Barbosa Lima,DF,A_criacao_1906,M006-M007,padrao,caixa_quebra_de_facto,"Os effeitos praticos são de quebra do padrão, de mudança do par. Nós quebramos o padrão",P:1:464,1906-09-26,direta_nao_revista,"leitura integral; Alcindo: ""Não apoiado""",0.91@pdf464,aproximada_ocr
Q115,Barbosa Lima,DF,A_criacao_1906,M003-M008,taxa,contra_cambio_baixo_agrario,"aquillo de que este paiz mais precisa, agora, depois do quatriennio Campos Salles, é cambio baixo",P:1:465,1906-09-26,direta_nao_revista,"leitura integral; atribuição irônica aos ""agrarios""",0.94@pdf465,aproximada_ocr
Q116,Serzedello Correa,MT,B_operacao_1907_09,M009-M011,mecanismo,caixa_evita_baixa_com_deposito,"Para evitar a baixa, a caixa tem os recursos accumulados na alta",I:per178691_1907_08210:3,1907-03-27,direta_carta,"inverte a objeção de 1906 (caixa ""castrada"" na baixa); descreve compra de letras pela Caixa",0.88,aproximada_ocr
Q117,Serzedello Correa,MT,B_operacao_1907_09,M011,emissao_papel,resgate_para_compensar_emissao,apparelhar o governo com os recursos para o resgate do papel-moeda,I:per178691_1908_08665:1,1908-06-24,resumo_jornal,mesma exigência de 1906 (emissão substitui papel),1.00,literal
Q118,O Paiz (coluna),,B_operacao_1907_09,M007-M009,taxa,banco_comprime_cambio_a_15,"começou a recalcar o cambio, cuja tendencia para a alta o proprio Sr. Campista",I:per178691_1907_08204:1,1907-03-21,jornal_coluna_sem_assinatura,satírica; mesma coluna da célula Q042,0.94,aproximada_ocr
Q119,O Paiz (nota),,B_operacao_1907_09,M011,lastro_emprestimo,deposito_responde_pelos_bilhetes,que o deposito actual de dez milhões de libras responde pela emissão feita,I:per178691_1909_09189:1,1909-12-01,jornal_nota_sem_assinatura,"""dizemos nós""; antecipa o argumento de depositário de 1914",1.00,literal
Q120,Leopoldo de Bulhoes,GO,C_elevacao_1910,M014,mecanismo,taxa_fixa_foi_violencia,"foi, no caso, uma violencia exercida sobre a valorização monetaria do papel",P:2:19,1910-04-22,direta_exposicao,"leitura integral; Caixa útil como emissor a 100%, não como freio",0.92@pdf19,aproximada_ocr
Q121,Leopoldo de Bulhoes,GO,C_elevacao_1910,M014-M018,taxa,baixistas_sao_detentores_do_cafe,"São elles, os baixistas - que falsificam a situação economica",P:2:34,1910-11-08,direta_exposicao,repreza de 3 milhões de sacas em Santos,1.00@pdf34,literal
Q122,Leopoldo de Bulhoes,GO,C_elevacao_1910,M014-M018,lastro_emprestimo,deposito_e_do_depositante,"ha entre nós fetichistas do metal amarello, que imaginam intangível o deposito da Caixa",P:2:36,1910-11-08,direta_exposicao,defende a retirada de 1 milhão pelo Banco do Brasil,1.00@pdf36,literal
Q123,Barbosa Lima,DF,C_elevacao_1910,M014,limite,contra_ampliar_limite_a_15,Esse ideal dos valorizadores á rebours não lograria transformar-se em lei,P:2:22,1910-04-29,direta_parecer,ampliar o limite a 15 = quebra definitiva,0.94@pdf22,aproximada_ocr
Q124,Galeao Carvalhal,SP,C_elevacao_1910,M014-M016,limite,40_milhoes_a_15,Fica elevado ao maximo de 40.000.000 esterlinos o valor das emissões,P:2:28,1910-04-28,substitutivo,art. 2 do substitutivo devolve os fundos à lei de 1899,0.89@pdf28,aproximada_ocr
Q125,Galeao Carvalhal,SP,C_elevacao_1910,M014-M016,taxa,15_estabilidade_nao_cambio_baixo,não estamos pleiteando o cambio baixo; defendemos a estabilidade na taxa de 15,P:2:58,1910-11-22,direta,"leitura integral; ""O cambio a 15 é proteccionista da producção nacional""",1.00@pdf58,literal
Q126,Galeao Carvalhal,SP,C_elevacao_1910,M014-M016,valorizacao_cafe,caixa_como_clausula_do_convenio,"Nós, os paulistas, pugnamos até este momento pela execução do programma, que foi adoptado desde 1906 com a celebração do Convenio de Taubaté",P:2:54,1910-11-22,direta,leitura integral,1.00@pdf54,literal
Q127,Galeao Carvalhal,SP,C_elevacao_1910,M014-M016,fundos_1899,resgate_basta_fundo_garantia_nulo,Não acreditei nas maravilhas do fundo de garantia,P:2:60,1910-11-22,direta,leitura integral; resgate foi o fator da alta,1.00@pdf60,literal
Q128,David Campista,MG,C_elevacao_1910,M014,taxa,manter_15_ampliar_emissao,foi o primeiro a reconhecer a conveniencia da permanencia da taxa de 15 dinheiros,P:2:57,1910-11-22,terceiro_parlamentar,Carvalhal descreve a posição de Campista em 1910,1.00@pdf57,literal
Q129,Alcindo Guanabara,DF,C_elevacao_1910,M014-M018,taxa,15_unica_possivel,a unica taxa possivel é a de 15 dinheiros por 1$000,P:2:66,1910-11-23,direta,"membro da Comissão de Finanças; ""intransigente adversario"" do projeto (16)",1.00@pdf66,literal
Q130,Joaquim Murtinho,MT,C_elevacao_1910,M018-M019,limite,contra_60_milhoes_interesse_de_classe,"pelos que por interesse de classe desejam exactamente o inverso daquillo que pregam, isto é, a desvalorização da moeda",P:2:408,1910-12-22,carta_lida,"lida por Azeredo em 27/12; a Caixa serve para ""graduar a elevação do cambio""",1.00@pdf408,literal
Q131,Pinheiro Machado,RS,D_crise_1911_13,retrospecto_M003-M008,mecanismo,relata_oposicao_do_governo_e_da_imprensa_1906,"o Jornal do Commercio, o Paiz, o Correio da Manhã e outros",I:per178691_1913_10674:1,1913-12-28,resumo_jornal,"conferido na imagem; no Correio da Manhã 05446 p3 há espaço em branco no lugar de ""o Paiz"" (imagem)",1.00,literal
Q132,Pinheiro Machado,RS,D_crise_1911_13,retrospecto_M003-M008,padrao,estabilidade_apressa_conversao,"A estabilidade do cambio não demora, ao contrario, apressa a conversão",I:per178691_1913_10674:2,1913-12-28,carta_citada,"carta de 1906 a Murtinho, lida no Senado",0.95,aproximada_ocr
Q133,Alcindo Guanabara,DF,D_crise_1911_13,retrospecto,taxa,12_verdadeira,Havia muito mais probabilidade de ser 12 do que de 15,I:per178691_1913_10674:2,1913-12-28,aparte_resumo_jornal,"trajetória 12 (1906), 15 (1910), 12 (1913)",0.91,aproximada_ocr
Q134,Miguel Calmon,BA,D_crise_1911_13,M020-M022,emissao_papel,contra_emissao_contraria_a_caixa,uma emissão de papel contraria a organização da Caixa de Conversão,I:per090972_1913_17979:2,1913-08-10,resumo_jornal,reunião da Associação Commercial do Rio,0.91,aproximada_ocr
Q135,Augusto Ramos,,D_crise_1911_13,M020-M022,emissao_papel,emissao_com_cambio_estavel,não é contrario ao cambio estavel como está. Continua sendo favoravel a emissão de papel,I:per090972_1913_17979:2,1913-08-10,resumo_jornal,"autor de ""A crise nacional"" (Jornal do Commercio, 06/08/1913)",0.90,aproximada_ocr
Q136,Serzedello Correa,MT,E_suspensao_1914,M023,emissao_papel,contra_em_doutrina_aceita_por_necessidade,o actual governo não tem hoje outra saida senão a emissão do papel-moeda,I:per178691_1914_10901:4,1914-08-12,direta,"""em principio [...] absolutamente contrario á emissão""; debate com Bulhões (inscrições x bilhetes do Tesouro)",1.00,literal
Q137,Serzedello Correa,MT,E_suspensao_1914,M025,troco_ouro,suspender_e_deshonesto,Suspender a retirada de ouro é deshonesto,I:per103730_1914_00345:2,1914-12-12,resumo_jornal,mesma intervenção de Q081: usa também o argumento da honra,1.00,literal
Q138,Antonio Carlos,MG,E_suspensao_1914,M023,troco_ouro,bancos_estrangeiros_esvaziaram_a_caixa,"trocando as suas notas pelo ouro da Caixa de Conversão, destinado á remessa para as suas matrizes",I:per178691_1914_10907:3,1914-08-18,jornal_sobre_terceiro,paráfrase de O Paiz do voto em separado,0.90,aproximada_ocr
Q139,O Paiz (editorial),,E_suspensao_1914,M023,emissao_papel,a_favor_emissao_do_senado,foi o unico alvitre pratico que surgiu para fazer face ás difficuldades de momento,I:per178691_1914_10907:3,1914-08-18,editorial,contra o voto em separado de Antônio Carlos; defende os bancos estrangeiros,1.00,literal
Q140,Correio da Manhã (voz do jornal),,A_criacao_1906,M006-M007,taxa,culpa_emenda_alcindo_e_congresso_pela_baixa,Quer-se fazer um salto ainda maior para o abysmo com a taxa de 12,I:per089842_1906_01897:1,1906-09-21,jornal_primeira_pagina,"defende o Banco do Brasil e o governo; contra Taubaté (""aventura sem precedentes"")",1.00,literal
Q141,Gazeta de Noticias (resenha do mercado),,A_criacao_1906,M006-M007,taxa,baixa_atribuida_a_emenda_alcindo,temeram a possibilidade de se tornar lei a emenda Alcindo,I:per103730_1906_00267:7,1906-09-24,jornal_coluna_mercado,"lista ""versões"" da baixa de 19/09; Legislativo e Executivo ""divorciados""",0.98,aproximada_ocr
Q142,Joaquim Murtinho,MT,A_criacao_1906,M007-M008,mecanismo,renuncia_ao_senado_contra_a_caixa,por ser o sr. Murtinho contrario á approvação do projecto que crea a Caixa de Conversão,I:per089842_1906_01905:1,1906-09-29,jornal_noticia,"confirma Pinheiro Machado (1913); renúncia efetivada em 22-23/10/1906 (Gazeta 00295, 00296)",0.96,aproximada_ocr
Q143,Rui Barbosa,BA,A_criacao_1906,M007-M008,mecanismo,divergencias_atribuidas_pelo_CM,são notorias as suas radicaes divergencias com o projecto Campista,I:per089842_1906_01916:1,1906-10-10,jornal_sobre_terceiro,"voz do Correio da Manhã, parte contra o projeto; Rui vota sim em 26/11",0.93,aproximada_ocr
Q144,Leopoldo de Bulhoes,GO,A_criacao_1906,M003-M008,valorizacao_cafe,contra_taubate_segundo_CM,declararam a sua franca opposição á politica das aventuras financeiras iniciada pelo Convenio de Taubaté,I:per089842_1906_01916:1,1906-10-10,jornal_sobre_terceiro,"com Rodrigues Alves; discurso em banquete, não localizado",0.89,aproximada_ocr
Q145,Cincinato Braga,SP,C_elevacao_1910,M014,mecanismo,ex_inimigo_reconhece_servicos,"diz que foi inimigo da Caixa, mas lealmente reconhece",I:per090972_1910_16787:2,1910-04-30,resumo_jornal,autodescrição na Comissão de Finanças; sem texto de 1906 que a documente,0.91,aproximada_ocr
Q146,Leopoldo de Bulhoes,GO,E_suspensao_1914,M023,troco_ouro,caixa_fiel_depositaria,Ella deve ser fiel depositaria. As suas notas correspondem a titulos de deposito,I:per089842_1914_05641:2,1914-08-05,direta_entrevista,formulação direta do argumento de Q085; coerente com a exposição de 08/11/1910,0.91,aproximada_ocr
Q147,Rui Barbosa,BA,E_suspensao_1914,M023,troco_ouro,contra_decreto_do_feriado_por_competencia,o perigo monstruoso da usurpação desta competencia legislativa,I:per089842_1914_05641:2,1914-08-05,direta,"discurso no Senado; objeção de competência, não de doutrina monetária; O Paiz 10895 o ataca",0.91,aproximada_ocr
Q148,O Paiz (artigo sem assinatura),,A_criacao_1906,M006-M007,mecanismo,contra_caixa_inutilidade_funesta,augmentar o numero das nossas inutilidades funestas,I:per178691_1906_08026:1,1906-09-24,jornal_artigo_sem_assinatura,"""Caixa de surpresas""; título e ausência de assinatura conferidos na imagem; defende o plano de 1899",0.87,aproximada_ocr
Q149,O Paiz (artigo sem assinatura),,A_criacao_1906,M008,taxa,cambio_baixo_serve_a_lavradores_e_industriais,os lavradores querem cambio baixo para ganhar o agio do ouro,I:per178691_1906_08070:1,1906-11-07,jornal_artigo_sem_assinatura,"""Um mecanismo simples"", artigo de abertura (imagem); responde ao parecer de Urbano Santos",0.90,aproximada_ocr
