bib,jornal,ano,hit_censo,paginas,paginas_ok,paginas_vazias,paginas_ausentes,candidatos,paginas_d0,paginas_d1,paginas_d2,paginas_d3,paginas_d4,paginas_d5,paginas_d6,paginas_d7,paginas_d8
089842,correio_manha,1906,0,2557,2557,0,0,59,0,8,19,35,39,42,49,51,52
089842,correio_manha,1906,1,133,133,0,0,401,83,121,128,132,133,133,133,133,133
089842,correio_manha,1907,0,2758,2758,0,0,92,0,13,40,58,67,74,84,86,88
089842,correio_manha,1907,1,200,200,0,0,362,134,182,196,197,199,200,200,200,200
089842,correio_manha,1908,0,3239,3239,0,0,50,0,7,13,25,33,35,42,46,47
089842,correio_manha,1908,1,59,59,0,0,83,28,50,55,57,59,59,59,59,59
089842,correio_manha,1909,0,2995,2994,0,1,70,0,11,26,40,43,46,51,56,57
089842,correio_manha,1909,1,204,204,0,0,349,123,192,202,203,204,204,204,204,204
089842,correio_manha,1910,0,3149,3149,0,0,141,0,35,71,102,114,117,122,132,135
089842,correio_manha,1910,1,336,336,0,0,805,210,320,333,334,336,336,336,336,336
089842,correio_manha,1911,0,3863,3862,0,1,133,0,26,60,89,103,110,117,121,125
089842,correio_manha,1911,1,295,295,0,0,413,162,275,290,294,295,295,295,295,295
089842,correio_manha,1912,0,4556,4556,0,0,99,0,27,50,68,76,81,89,94,97
089842,correio_manha,1912,1,254,254,0,0,319,174,241,252,253,254,254,254,254,254
089842,correio_manha,1913,0,4730,4730,0,0,108,0,23,46,60,75,79,85,94,99
089842,correio_manha,1913,1,302,302,0,0,453,200,287,299,301,302,302,302,302,302
089842,correio_manha,1914,0,3996,3996,0,0,97,0,30,57,64,70,76,85,87,90
089842,correio_manha,1914,1,252,252,0,0,394,182,238,247,250,252,252,252,252,252
090972,correio_paulistano,1906,0,1958,1958,0,0,33,0,6,17,22,24,26,27,29,29
090972,correio_paulistano,1906,1,116,116,0,0,345,71,108,116,116,116,116,116,116,116
090972,correio_paulistano,1907,0,2031,2031,0,0,55,0,6,18,24,26,26,37,41,41
090972,correio_paulistano,1907,1,152,152,0,0,292,103,141,149,149,151,152,152,152,152
090972,correio_paulistano,1908,0,1468,1468,0,0,32,0,5,15,17,20,21,23,25,26
090972,correio_paulistano,1908,1,220,220,0,0,434,167,211,220,220,220,220,220,220,220
090972,correio_paulistano,1909,0,2310,2310,0,0,70,0,14,35,44,53,55,56,56,56
090972,correio_paulistano,1909,1,276,276,0,0,511,212,270,276,276,276,276,276,276,276
090972,correio_paulistano,1910,0,2532,2532,0,0,91,0,26,53,62,68,69,70,72,75
090972,correio_paulistano,1910,1,268,268,0,0,695,157,252,268,268,268,268,268,268,268
090972,correio_paulistano,1911,0,3329,3329,0,0,72,0,10,42,53,56,57,58,60,61
090972,correio_paulistano,1911,1,227,227,0,0,421,158,219,226,227,227,227,227,227,227
090972,correio_paulistano,1912,0,3704,3704,0,0,116,0,14,23,29,34,36,50,60,63
090972,correio_paulistano,1912,1,200,200,0,0,298,155,197,199,200,200,200,200,200,200
090972,correio_paulistano,1913,0,3977,3977,0,0,131,0,4,10,17,26,30,60,69,70
090972,correio_paulistano,1913,1,87,87,0,0,176,58,85,87,87,87,87,87,87,87
090972,correio_paulistano,1914,0,2947,2947,0,0,40,0,21,30,35,36,36,37,38,38
090972,correio_paulistano,1914,1,221,221,0,0,377,168,218,221,221,221,221,221,221,221
103730,gazeta_noticias,1906,0,2477,2477,0,0,65,0,18,32,41,49,49,53,56,56
103730,gazeta_noticias,1906,1,219,219,0,0,550,162,214,219,219,219,219,219,219,219
103730,gazeta_noticias,1907,0,2153,2153,0,0,115,0,13,57,84,99,103,104,105,106
103730,gazeta_noticias,1907,1,275,275,0,0,410,165,259,274,275,275,275,275,275,275
103730,gazeta_noticias,1908,0,2363,2363,0,0,119,0,21,53,79,96,111,116,117,117
103730,gazeta_noticias,1908,1,150,150,0,0,196,65,127,143,148,150,150,150,150,150
103730,gazeta_noticias,1909,0,2639,2639,0,0,153,0,34,63,75,114,134,134,135,138
103730,gazeta_noticias,1909,1,221,221,0,0,295,174,210,217,220,221,221,221,221,221
103730,gazeta_noticias,1910,0,2506,2506,0,0,188,0,54,95,120,135,141,143,146,148
103730,gazeta_noticias,1910,1,406,406,0,0,751,294,384,403,405,406,406,406,406,406
103730,gazeta_noticias,1911,0,2528,2528,0,0,170,0,48,99,122,138,149,150,153,154
103730,gazeta_noticias,1911,1,320,320,0,0,424,209,297,315,318,320,320,320,320,320
103730,gazeta_noticias,1912,0,1755,1755,0,0,62,0,22,38,47,52,56,57,60,61
103730,gazeta_noticias,1912,1,95,95,0,0,105,52,91,93,95,95,95,95,95,95
103730,gazeta_noticias,1914,0,2347,2347,0,0,78,0,17,36,47,58,63,67,67,69
103730,gazeta_noticias,1914,1,89,89,0,0,146,48,82,87,89,89,89,89,89,89
178691,o_paiz,1906,0,2370,2370,0,0,47,0,5,20,28,31,37,40,42,42
178691,o_paiz,1906,1,102,102,0,0,236,36,84,95,100,102,102,102,102,102
178691,o_paiz,1907,0,1686,1686,0,0,44,0,10,25,31,33,34,36,36,38
178691,o_paiz,1907,1,200,200,0,0,295,119,187,197,199,199,200,200,200,200
178691,o_paiz,1908,0,3118,3118,0,0,38,0,12,17,24,30,34,35,37,38
178691,o_paiz,1908,1,258,258,0,0,390,215,252,257,258,258,258,258,258,258
178691,o_paiz,1909,0,3472,3472,0,0,40,0,21,27,30,31,33,33,37,40
178691,o_paiz,1909,1,344,344,0,0,530,307,343,344,344,344,344,344,344,344
178691,o_paiz,1910,0,4565,4565,0,0,115,0,55,86,97,100,102,104,107,110
178691,o_paiz,1910,1,442,442,0,0,764,294,422,438,440,442,442,442,442,442
178691,o_paiz,1911,0,4406,4406,0,0,189,0,63,123,154,165,171,175,180,182
178691,o_paiz,1911,1,518,518,0,0,656,333,493,516,518,518,518,518,518,518
178691,o_paiz,1912,0,4413,4413,0,0,173,0,62,118,146,158,163,167,169,169
178691,o_paiz,1912,1,281,281,0,0,308,150,263,279,281,281,281,281,281,281
178691,o_paiz,1913,0,5702,5702,0,0,157,0,52,99,126,142,149,151,153,156
178691,o_paiz,1913,1,343,343,0,0,460,161,329,340,343,343,343,343,343,343
178691,o_paiz,1914,0,4775,4775,0,0,144,0,49,92,116,128,131,135,138,141
178691,o_paiz,1914,1,266,266,0,0,410,135,255,261,266,266,266,266,266,266
