bib,jornal,ano,source_identifier,page_number,hit_censo,offset,fim,distancia,distancia_normalizada,sobrepoe_exato,trecho,contexto
089842,correio_manha,1906,per089842_1906_01646,1,1,19295,19312,3,0.1667,0, caixa ria conver,"eve tornar ef-feetiva a conversao da moo«lo de cursolegal, a caixa ria conversao entregara aquem o solicite bilhetes moeda decursolegal p"
089842,correio_manha,1906,per089842_1906_01721,1,1,14888,14905,3,0.1667,0, caixade reconver,"ssem auferir de uma taxaque se nao tornasse geral, como si a caixade reconversao,para ser ellic.iz,nao devessereconverter todo orapel cir"
089842,correio_manha,1906,per089842_1906_01735,1,0,23415,23430,3,0.1667,0,caix 1 deconver,"berdade do trabalho e do com-merclii, sem o cambio lixo e a caix 1 deconversao, sem a quebra do padrao monc-tariocomo tal, e orna obra "
089842,correio_manha,1906,per089842_1906_01839,1,0,16222,16238,3,0.1667,0, caixa je conver,pau- 'tiiiericanoi-a jittjnttctt economica dn atgettlittii a caixa je convers&p- aji.iacao cervoja medicinalbrahma portero ministro da f
089842,correio_manha,1906,per089842_1906_01856,3,0,188,203,3,0.1667,0,eaixa ob conver,"o da maim a — sabbado, 11 de agosto de 190#, 8il muslrial loeaixa ob conversaockniiio inuusth al uo iuiasil-riode janeiro, lli rio julh"
089842,correio_manha,1906,per089842_1906_01856,3,0,30239,30256,3,0.1667,0,acaixa rio conver," mudanca, alem do enormeprejuizo quo causara ao patrimonio dacaixa rio conversao, so podera eltoctnar-secom vagar, paru dar tempo ao reco"
089842,correio_manha,1906,per089842_1906_01863,1,0,18905,18922,3,0.1667,0, caixa de con.ver,"oinnientai-ios pola sua ba-rateza. o projecto que instituc a caixa de con.versfio e fixa o cambio, sera dado para dis-cussao na sci{iiniu"
089842,correio_manha,1906,per089842_1906_01866,1,1,568,584,3,0.1667,0, caixa rieconver,ointjco rie marco esperava-seo iniciu «ia iliseussao sobro a caixa rieconversao idearia pe.lqs.lros presirietitesrios k-riiiiltis iiiite
089842,correio_manha,1906,per089842_1906_01882,5,1,38892,38908,3,0.1667,0, caixatle conver,"organismo economico dopaiz.nao e. i orem, com o artificio dn caixatle conversan. lnvpniosiil-nmorlonnni qnehavem »o do remover osso mal."
089842,correio_manha,1906,per089842_1906_01884,1,0,35143,35159,3,0.1667,0, caixa do convor,"les oa fora, na vadiacao, que ladentro a armar as espigas da caixa do convor-sao o das lanfas pioleccioniairis.ja qua o povo nao os lem "
089842,correio_manha,1906,per089842_1906_01891,2,1,23939,23957,3,0.1667,0,"acaixa rie, conver","tar o outrogni' pnra seremtrocados por mooda do ouro na mesmacaixa rie, conversao.s 2*. (1 ouro""«pti) a caixa doooiivorsfio ro-cobereiu tr"
089842,correio_manha,1906,per089842_1906_01891,2,1,29733,29750,3,0.1667,0, caixa rio conver,"expedira ro-gulnmettto paru ,1 organizarao administra-uva du caixa rio conversao, que ficara suba imme d ita superintendencia rio mlniatr"
089842,correio_manha,1906,per089842_1906_01897,2,0,27197,27214,3,0.1667,0, caixa rio conver,"ma-chado oonferenciou lohgamorito oom osr. tibirica solirs a caixa rio conversao,sondo beiri provavel quo tra.tiisseda mar-cha que esse p"
089842,correio_manha,1906,per089842_1906_01901,1,1,886,903,3,0.1667,0, caixa rio conver,ereoira rio projooto rio sr. davi'! cam-pista instituindo et caixa rio conversao.ros debutes havidos na gamara ciiiran-to a segundei disc
089842,correio_manha,1906,per089842_1906_01901,1,1,3107,3124,3,0.1667,0, caixa rio conver,"in, e siiliiii |ie:'l'('il,:imeiitei|iie no conceitodeste, a caixa rio conversao nao seriamais ito i|ui! um complemento ela lein. ds!) do"
089842,correio_manha,1906,per089842_1906_01901,1,1,7090,7106,3,0.1667,0, caixarin conver,"co elas nossas vicissiludcsmonetarias o o ria' insiiluicaoda caixarin conversao nn ropubuctl ai-gonlina, 0se mostrou um defensor encarni"
089842,correio_manha,1906,per089842_1906_01902,2,1,28705,28723,3,0.1667,0, caixa ..le conver,"ciai'-',o mandato) si for apprpvado o projectoque instituo a caixa ..le conversao.-""-regressou do araoaju -i forca doexercito que pura nli"
089842,correio_manha,1906,per089842_1906_01902,5,1,10456,10471,3,0.1667,0,jaixa do convor,"potentes, «juo discutiram previamente o as-sum-ilo.e* nela fjaixa do convorsao o cswiilir-n-c:lo do cambio, porque considera problo-mas"
089842,correio_manha,1906,per089842_1906_01903,3,0,16245,16262,3,0.1667,0, caixa rio conver,ado.na 2* parto oecupou-se a camnrn rio pro-jbsto relativo a caixa rio conversao.em outra seccfto riamos turio quo se pas_jsuu na discuss
089842,correio_manha,1906,per089842_1906_01908,4,0,14207,14222,3,0.1667,0,calxaite conver,"culmito.mas i;;so bem o vu o sr. alvonso penrtn,nio a maisa calxaite conversao da argoii-tina, a qual attribiiiafii os' ea/o*^atfor«i a"
089842,correio_manha,1906,per089842_1906_01909,1,1,20533,20549,3,0.1667,0, caixad'. conver,ge pie sejam 53 nominimo.sera possivel que os far. .ticos da caixad'. conversao facam tao pouco caso doprojecto campicm que per mittam e
089842,correio_manha,1906,per089842_1906_01911,3,1,10197,10213,3,0.1667,0, caixa de cnnver," guerra; na segunda parte foi discutidon projeclo quo cria a caixa de cnnversfto,do qual damos noticia um outra local.foi prorngmla por "
089842,correio_manha,1906,per089842_1906_01912,1,1,9670,9687,3,0.1667,0,ocaixa tio conver," com que se vae agiraautorizar o governo a; transferir para ocaixa tio conversao os fundos de resgateode garantia nao representa, por seu"
089842,correio_manha,1906,per089842_1906_01914,1,1,40535,40552,3,0.1667,0, caixas de conver,njustica- jaouviu dizer que alguem se tenha lembrado defazer caixas de converaees? quebram cabec*».as vezes - maa nunca se lemlii-aram d«
089842,correio_manha,1906,per089842_1906_01916,1,1,34533,34549,3,0.1667,0, caixa de conven,s.— ora 1 pois sl «ue nio faz outra coisa...*- o proieeto da caixa de convenio e umaverdadeira vncolna obrigatoria.- vnccina 1 k' peor. 
089842,correio_manha,1906,per089842_1906_01916,3,0,6599,6615,3,0.1667,0, caixa dn convor,olal.lvre de rornambucn; rodncmo flnnl doprojecto ¦ toando a caixa dn convorsan;indinacio de deputados onulparando o por*teiro do salao 
089842,correio_manha,1906,per089842_1906_01940,3,0,10435,10452,3,0.1667,0, caixa rio conver," letras.temos presente um folheto contendo odiscurso sobro n caixa rio conversao, pro-ferido na gamara rios doputadoaitia spasflprie ,u u"
089842,correio_manha,1906,per089842_1906_01947,5,1,32434,32452,3,0.1667,0, caixa tle con-ver,"eiros esterlinos por mil reis, masno succealaneo, que crea a caixa tle con-versao, lixando a laxa de 15 dinlieirospor mil reis.consideremo"
089842,correio_manha,1906,per089842_1906_01947,5,1,33110,33126,3,0.1667,0, caixaile convor,"ambio de 15 dinlieiros es-terlinos por mil reis, visto que a caixaile convorsao recebe ouro, entregando,em troca, bilhetes ao portador d"
089842,correio_manha,1906,per089842_1906_01947,5,1,42045,42059,3,0.1667,0, caixadeconyer,iosos effcilot deaugmeiilo do meio circulante. constituida11 caixadeconyersao e iniciadas as suasmas encontrara a caixa de conversaoop
089842,correio_manha,1906,per089842_1906_01957,2,0,40689,40706,3,0.1667,0, caixa rie convor, assumptoo nrndor declara que na 3' dlseussao doprojecto ria caixa rie convorsao occupama tribuna para que o paiz saiba qual eoseu modo d
089842,correio_manha,1906,per089842_1906_01959,1,1,19644,19661,3,0.1667,0, caixa rio conver,"ioa.o vicloio inuriimento da cir-cill.lc.lll,«\s vantagem da caixa rio conversao,para v, cx, o para o sou joven e lllualradoministra «l.t"
089842,correio_manha,1906,per089842_1906_01959,3,1,33379,33396,3,0.1667,0, caixa rio conver,cnm-hio fixado sob a rosponsnbilldndo pessoaldos membros ria caixa rio conversao e coma garantia do thesouro nacional*o $ 8* passa a ser 
089842,correio_manha,1906,per089842_1906_01961,4,0,13093,13109,3,0.1667,0, caixa de conter,"» o nomo do fiscal do cltil». jsi.inte liaieium as poi lus a caixa de contera msr. jofio uorgcs, vomo um do*> i|uo maib-ku tem j o o>-s£"
089842,correio_manha,1906,per089842_1906_01965,1,1,19472,19488,3,0.1667,0, caixa de couver,"a deotlclo das creancas malrlearladutra.oiivliiim que para u caixa de couversilo¦ crio aproveitados, atim das servicos dosdrs. custodio "
089842,correio_manha,1906,per089842_1906_01967,1,1,28715,28730,3,0.1667,0,cnixa.do conver,"rito, o ine;i voto.primeiro; porque do farto funccloriando acnixa.do conversao 0 quebrado o padrllomonetario, a taxa baixa do 15 d .sen"
089842,correio_manha,1906,per089842_1906_01982,2,1,19887,19903,3,0.1667,0, caixa rieconver,"as sem a pre-seiica delles,ai-l. -'.'(. aos funecionarios da caixa rieconversao sio npplicavois as riisposicoosria socc.io xi (b> decret"
089842,correio_manha,1906,per089842_1906_01982,2,1,26409,26426,3,0.1667,0,acaixa riu conver,":ig.',>'7 notasrie 100"" o 00.830 rias de ai'.'., destinadas acaixa riu conversao,na proxima sogimdn-feira sorao recolhi-dns a thesourariu"
089842,correio_manha,1906,per089842_1906_01982,2,1,27378,27395,3,0.1667,0, caixa rio conver,"ao.foram designados para assignar, no tho-souro, as notas dn caixa rio conversao, ossfiiuinios funecionarios:candido costa, oustnvo oulma"
089842,correio_manha,1906,per089842_1906_01983,5,1,20268,20285,3,0.1667,0, caixa rio conver,"federal pm-minas geraes, para o cargo de viec-presi-dente da caixa rio conversao.t\ ti alvesrre ile ralam.uin i, i-itilo dc'iiiiiiii uy.i"
089842,correio_manha,1906,per089842_1906_01983,5,1,48419,48435,3,0.1667,0,caix-iide conver,"u ao ministro da fazendao recolhimento deouro em cnnhetcs a caix-iide conversao, tomando-se por b.ifse o pc.^oem bruto.s. ex. declarou-l"
089842,correio_manha,1906,per089842_1906_01988,6,0,17455,17470,3,0.1667,0,'aixa de convor,"n quaiitla dcijiiiuh, m.,s 11,11 i-eisvalor hecebidoi-sena ('aixa de convorsuo;e pngar.1  irirtador desta a quantia dequinhentos rnll r"
089842,correio_manha,1906,per089842_1906_01989,4,0,10325,10342,3,0.1667,0, caixa de con-ver,"icial. rin hoje, que pulilica tinomencfto, em comniissao, na caixa de con-versfto, do ;¦ escripturario olegario hlsbnolosllga-o desta icp"
089842,correio_manha,1906,per089842_1906_01989,6,0,3823,3839,3,0.1667,0, caixa do convcr,i|iuntla deouliilisiiioa mu llelavalor llarelildoli-ifl : na caixa do convcrslotie |i.i||aia un finimiliip »i* '. u tjiiaiilla deqiiliil
089842,correio_manha,1906,per089842_1906_01990,9,0,1772,1789,3,0.1667,0, caixa ile convnr,a imi''blypilinimiii.'. mu l<nota.no i  ns poium pigulnic-nn caixa ile convnrsao .(i«>g«i..ii'pnls in um traco l.irto encobriu'(1«. u [.i
089842,correio_manha,1906,per089842_1906_01992,1,1,16296,16312,3,0.1667,0, caixa dc convor,"idadio ministro da fazenda dclcrininou nma.s cinco chaves da caixa dc convorsuofossem entregues: uma 110 thesourelrii, 11111:ao vico-pro"
089842,correio_manha,1906,per089842_1906_01992,7,0,11999,12015,3,0.1667,0,.caixa du convir,"3|s » 15 nir'-tl-, contra o particular dc :i ,|i. a 15 *»¦ d.caixa du convirusaoconllliuaraniiia thesonrarlr. ju irai «t> ti piracconfer"
089842,correio_manha,1906,per089842_1906_01992,8,1,28337,28353,3,0.1667,0, caixa do convei," minislro tia fazenda, fazso publiconuo borftoomittidas pela caixa do convei-sao notas dos valores do uuinlicntos milreii ih005) o cem m"
089842,correio_manha,1906,per089842_1906_01994,6,1,31801,31818,3,0.1667,0, caixa rio conver,"om mil peis» :um pouco mais acima, os tlizcres se-guintos:nu caixa rio conversao(ing,. depois hn um traco l .rlc encobriu-rio a phrase no"
089842,correio_manha,1906,per089842_1906_01995,2,0,36701,36717,3,0.1667,0, caixa dc convcr,"o quadro dos conlereu-tos da mosado rendas.chegaram hontem a caixa dc convcriao,remetidas pela c';i-a da moeda, -1.000 notasato valor de"
089842,correio_manha,1907,per089842_1907_02003,5,1,24335,24352,3,0.1667,0, caixa dc con-ver,^¦..¦^_.___^._^ tcaixa de oonversuoforam hontem recolhidos a caixa dc con-vers_o lbs. 1.571; fra. 60; $ 180 ; e 6:0203cm moedas dc ouro n
089842,correio_manha,1907,per089842_1907_02008,1,0,17832,17849,3,0.1667,0, caixa «lc conver,"se repie-sentar nesse grande certamen.iic-iixa de conversaoa caixa «lc conversao emittitt licnlcin2.:25""i'. lii cm uola» conversiveis e f"
089842,correio_manha,1907,per089842_1907_02024,5,1,19774,19790,3,0.1667,0,cai.xa ua conver,feito.matrlcarln dutra u o mellior roillidlo rara'icntlcaoa cai.xa ua conversao ctnittiii liontem asomma de 45:3'_>55j01 corrcspondehtt 
089842,correio_manha,1907,per089842_1907_02025,5,0,4627,4644,3,0.1667,0, caixa tlc conver,"bras pu-hiii-.it>-, ai-uliiv») l-ublico, junia comuior-ciai, caixa tlc conversao o (.xliiiclos.2- ditt ii/ilsuproino tribunal l-.doral, c"
089842,correio_manha,1907,per089842_1907_02037,2,0,26237,26254,3,0.1667,0, caixa d--'conver," mnoliado—deferido.-o «ir heiirlque dinlui vicerprosidenteda caixa d--'conversao, oonferoncton ban-tem, na listrada, com o rir. aarao lie"
089842,correio_manha,1907,per089842_1907_02043,6,0,9509,9526,3,0.1667,0, caixa ilo conver,"shildebrando, costa k c.'43, avenida centra!, 43(em frento a caixa ilo conversao,):llllll§ sabioi)acosta|er|raaao-.marca cysne)ee ""toaq u"
089842,correio_manha,1907,per089842_1907_02047,8,0,11063,11078,3,0.1667,0,cnixa de convcr,"shildebrando, costa & c.43, avenida central, 43(em frento a cnixa de convcrsuo.) poly-formiato segsro terrestre""guia jwalicati, 0:1 a c"
089842,correio_manha,1907,per089842_1907_02054,1,1,9459,9475,3,0.1667,0, caixa de conven,"a-lluha.omlautrod» (areada foi proeuniila em  ».. *am-*»w dt caixa de convento hlot «s.: «enadotuv.hitlludaoto», klv» coouw. iildlo.do n"
089842,correio_manha,1907,per089842_1907_02054,1,1,19954,19970,3,0.1667,0, caixa de conven,"tiinpaetorclloeo alloiitiio jofto grundt.caixa de conversaoa caixa de convenio recebeu, hontem,lb». 3036 1(2, fa. 40» »». 200, dl». 10, "
089842,correio_manha,1907,per089842_1907_02057,6,0,7596,7612,3,0.1667,0, caixa do convei,"eshildebrando, costa & c43, -avenida centrai, 43(em frente a caixa do conveijao;. hf t.\ti!,0**l'rf**''(;*»elusivamente veco-h| tal dn p"
089842,correio_manha,1907,per089842_1907_02062,1,1,37809,37826,3,0.1667,0, caixa rio conver,tos eni quasi todos os cruzamentosdc rua.caixa de conversaoa caixa rio conversao recobou hanlen.£ .t.21-10: ...otioem moe *as rio ouro na
089842,correio_manha,1907,per089842_1907_02078,8,0,17572,17589,3,0.1667,0, caixa rio conver,"- ""¦ -i 5iisisiai^iiiiip^^i|s: .0TM,,,. w£i, .¦sumare, 8 , a caixa rio conversao - brilhantissima apotliooso2- acto -alfohm. silva o thin"
089842,correio_manha,1907,per089842_1907_02083,1,1,15277,15293,3,0.1667,0, caixa de conven,"a fixa   moral doaaoiaoa portoa «litoral.caixa de conversaoa caixa de convenio recebeu hotktcmlb. 2132 1|2 correspondentes a 3«:12(>*, t"
089842,correio_manha,1907,per089842_1907_02097,2,0,14696,14713,3,0.1667,0, caixa rio conver," llacpenily n. c?. o dr. henrique dlniz, vice-presidente ria caixa rio conversao.2 segue lioic, polo rapido, para n cidade rioulo novo, o"
089842,correio_manha,1907,per089842_1907_02098,1,1,480,496,3,0.1667,0,'caixa de convcr,"do senadoencartando no projecto, depois convertidoem lcl, da'caixa de convcraso, o diipoiltl-vo que autoriza o governo a insultar uotfhe"
089842,correio_manha,1907,per089842_1907_02255,1,1,7963,7979,3,0.1667,0, caixa de conven,"il,o ministro ilu inzcndn loi procurado em .eu -* <*'*ahe dn caixa de convenio pelou ira.: senadorlmllo do brasil, il.pntad-» jollo de m"
089842,correio_manha,1907,per089842_1907_02296,5,0,6606,6622,3,0.1667,0,cnixa ile conver,"d duu e cor-«jelio da fonseca.. .   «mlxa ilo cptitoi-siioa cnixa ile conversao recebeu t 806, francos i.iso.dollars 10 e uinrcos .'o. e"
089842,correio_manha,1907,per089842_1907_02298,1,0,10102,10117,3,0.1667,0,cnixa de conver,"ro,director da escola rolvictinica.fui x» t\o onnvor*i;""ioa cnixa de converafto recebeu £ 6s7, francos 200,correspoudcutes n tl;llf)fls"
089842,correio_manha,1907,per089842_1907_02340,2,0,9839,9855,3,0.1667,0, caixa de convor,pre3>>ft0 e tal.rico de i.ouis rio thosour» kuclontil ou ilu caixa de convorstio ?9.-podem os peritos doclarar em vir-turie d... exame f
089842,correio_manha,1907,per089842_1907_02343,1,0,20086,20103,3,0.1667,0, caixa tis conver,"er. ferrei-a llanios, pachenoe silva, murineliy, e outros. a caixa tis conversao rtci-beti fs« 530, .rancos m)e ?ii$0'i() cm ¦not-da?' de"
089842,correio_manha,1907,per089842_1907_02349,1,0,14796,14813,3,0.1667,0, caixa ilo conver,"nstituto ucnjamtusou^a aguiar, conuuandantfi de ionl.vn ,1.a caixa ilo conversao tcccbeu *ilolitli, 1.3.10, :niiri'c< (0 e 170$ oi1uaciou"
089842,correio_manha,1907,per089842_1907_02354,1,0,24433,24449,3,0.1667,0, caixa de cohver,"souro e adolpho per-reira dos sactos.cnixni (lo ccixwgv&tioa caixa de cohversijio recebeu £ l.;4s 1(2, francos 7,-udolars ss marcos 1100"
089842,correio_manha,1907,per089842_1907_03020,2,1,3211,3228,3,0.1667,0, caixa rio conver,"lixada.l.ntrotanlo no brasil, ao cenlrorlo da ar*goiillno, o caixa rio conversao teve desdeos primeiros dia*, e oto hojo mantom, de-poslt"
089842,correio_manha,1907,per089842_1907_03021,4,1,24417,24434,3,0.1667,0,.caixa1' deconver,"versaoem 22 de dezembro do anuo flndocomecou a funecionar a .caixa1' deconversao.ihstituida pela lei n.i.575,de g do mesmo mez. -0 pensam"
089842,correio_manha,1907,per089842_1907_03024,1,0,7657,7673,3,0.1667,0, caixa de conven,"ix*iludo, major jose/csqulm flruiluo,' «ortlxa da onnvoriaoa caixa de convento tecebeu t 36.610, correiuou-deules a s.-u.760». lendo tid"
089842,correio_manha,1907,per089842_1907_03075,1,1,7549,7565,3,0.1667,0, caixa de couver,"ssaopiniao sobre a materia. 1kosoiurzko'topicos e noticias a caixa de couvernso lerrclicii 17i6. iiiinco» .'o, dot-,lira 45 e tisssot em"
089842,correio_manha,1907,per089842_1907_03095,2,0,11915,11932,3,0.1667,0, caixa rio conver," 1007, supprimindooslogaresda presidento e vlco-presidenteda caixa rio conversao;km 2- discussao; n proposlc-io ria camarados deputados, "
089842,correio_manha,1907,per089842_1907_04018,2,0,17023,17039,3,0.1667,0, caixarie c.nver,"endai do scnad""» ao pro*jecto que .uppfimc e cri» logaie» na caixarie c.nversao, c o projecto do nu-smn qu>-c rerte uma pi-nsio 4. viuva"
089842,correio_manha,1907,per089842_1907_04032,1,0,13951,13968,3,0.1667,0," caixa, de conver","tiienaeni os leitores ? ai o domontem< .'nlxa de oonvorsfloa caixa, de conversfto recebeu £423. corre-mpuuden-les a 6:7(.ft(, tendo «ido "
089842,correio_manha,1907,per089842_1907_04052,1,0,9806,9822,3,0.1667,0, caixa de conven,"tereucijii com o dr. tavares je i.yrn.oulvn ilo con»-oi*«aoa caixa de convenio t'ec»bcu cl £67 1.2. (rancos8*0 c inar-oa 3j, corteiponde"
089842,correio_manha,1908,per089842_1908_02369,1,0,17354,17371,3,0.1667,0, caixa do con-ver,"puo i-auisiknsr — fiiiicvao variada.n_o ha muito, logo quu a caixa do con-vers&o foi liistulludti no predio construidona avenida contrai "
089842,correio_manha,1908,per089842_1908_02417,3,0,24407,24423,3,0.1667,0, caixa de convor,"r da repartlc&o dopovoamento, dr. henrique diniz, directorda caixa de convors.lo. dr. pedro luiz soa-ros iio souza, director da casa da "
089842,correio_manha,1908,per089842_1908_02419,1,0,10957,10973,3,0.1667,0, caixa de conven," fiaaelka veeicce, uwieutelmde tlkiouro.  jggtk^d^oontjrjjoa caixa de convento tecebeu 11.77m0o, maicoa>..'(., ii.tu.u< «mi, lii_« «0 e "
089842,correio_manha,1908,per089842_1908_02431,1,0,14213,14230,3,0.1667,0, caixa tie conver,",sabemos ser intencao do dr. david cam-pista nso transferira caixa tie conversa»pito o edikclo em qne ioncclona o suprem»tribunal federal"
089842,correio_manha,1908,per089842_1908_02435,5,0,6733,6749,3,0.1667,0, caixa de conven,"dt marco do 1908¦r i.i.. li -wwwhb wwwwimembmbmmg *******  a caixa de convento recebeu £ «43, (rancoa 780,dollar» 63.1 e '0$ em moeda de"
089842,correio_manha,1908,per089842_1908_02481,1,0,13493,13510,3,0.1667,0, caixa u*t conver,"i.-o coellio. koj.l-s""«.  ' '.'¦ ' 'ottixt» o«» c^onvursoo.a caixa u*t conversao tccclknt c -14£-.i)-(), truuccsc50 c dollors 95. corieip"
089842,correio_manha,1908,per089842_1908_02485,5,1,3383,3400,3,0.1667,0, caixa rie conver,"se ln/iai-eiuir om longo porlodo anterior a e.xlsteir»tia da caixa rie conversar., mas a oxptr*iioikia demonstrou qu.) os resulta,t..sob-"
089842,correio_manha,1908,per089842_1908_02502,1,1,19253,19269,3,0.1667,0, caixa de convcr,"ujo concurso, poderoso nao pode serdesconhecido c esse foi a caixa de convcr-afio.e1 iniitil insistir 11a demonstracao tntitasvezes c ta"
089842,correio_manha,1908,per089842_1908_02502,1,1,23262,23279,3,0.1667,0,cai-xa ile conver,"ambistas locaes que,obtendo a libra istcruna por loi 100 na cai-xa ile conversao, vc idcm-na pur preco mui-tu superior ao 1 um gr.mie.a e"
089842,correio_manha,1908,per089842_1908_02502,2,0,40967,40984,3,0.1667,0, caixa tio conver,"do ri. carlos.obteve 20 tli.is do licenca o escripturariorin caixa tio conversao, jofto thomaz demello alves. o desembargador edmundo mun"
089842,correio_manha,1908,per089842_1908_02502,5,1,30796,30812,3,0.1667,0, caixa da convar,"on-ilic*,,'.', ussonolaai: orgiiniiar iiiiiii.uiiatn-monto a caixa da convariaoi crear a ssoo&oh ipeclal .in ciunbb. no i li.isniiro o ,"
089842,correio_manha,1908,per089842_1908_02508,1,0,13305,13321,3,0.1667,0, caixa de ccnver," vfii*ciu, oo lulertur c da gxieira.cnlxa il«? coiivoi""--uoa caixa de ccnversiio recebeu £ .' £ 1. iritieeja j.300.do.lars. 35, marcos u"
089842,correio_manha,1908,per089842_1908_02553,1,0,15746,15761,3,0.1667,0,caixn dc conver,"ilacenidau un impurtanclu,ie aiusoon.furam iiiciiierad.w na caixn dc conversro; 10.69jnotas na iiupmtulicia de 911:6303 tes^stadns poic"
089842,correio_manha,1908,per089842_1908_02554,6,0,16187,16204,3,0.1667,0, caixa de con-ver,"o rin 12, valendo portanto a libra«tcrliua 20s000, quando na caixa de con-veruaa vigora o cambio de is e a me»ma li-bra esterlina i ali r"
089842,correio_manha,1908,per089842_1908_02554,6,0,16676,16690,3,0.1667,0,caiai deconver,"» alludidas fixacoes ar-bitraria* de taxas sao anteriores a caiai deconversao, e fazem parte de contrato» qaetiil.i podftu ser alterad"
089842,correio_manha,1908,per089842_1908_02601,1,0,23066,23081,3,0.1667,0,cjixa dc conver,"la estabilidade do cambio, como cou-sequencia da creacao da cjixa dc conver»sao. t~**cmi«.. .1 cia \\ run d o ir aren '.u do dia 27 :km"
089842,correio_manha,1908,per089842_1908_02617,3,0,45373,45389,3,0.1667,0, caixa de couver,"mimni.dns 114% notas no valor de i.190:92o$o0c;r .cada» pria caixa de couveraan, em ajjos-to ultimo, 4894 sao de 10i, 2434 de -iof,_42_ "
089842,correio_manha,1908,per089842_1908_02672,1,0,8224,8240,3,0.1667,0, caixa de conven," o presl--lente do tribunal de contas, dr. didlmo da veiga.  caixa de conveniofoi este o movimenta. ilnttamm: ouro tucional3::i9t'$. £ 1"
089842,correio_manha,1909,per089842_1909_02729,2,0,22807,22822,3,0.1667,0, caixa doconvor," do oheques, quo a sodo dos to->nontos par«*co mnis uma nova caixa doconvorsao que uma caverna diabolica.dragao disse-nos ja haver cont"
089842,correio_manha,1909,per089842_1909_02762,1,0,8636,8653,3,0.1667,0,.caixa ito conver, a i-uaulia de £0* dejuros de apolices do emprestimo dc 1903.caixa ito conversao chn.pcl.irlt- mollm-goncalvos dias 63.sempro novidades.e
089842,correio_manha,1909,per089842_1909_02776,5,1,21293,21310,3,0.1667,0, caixa tle conver,"upplonlo do de*legado rio 11 districto: avenida contrai, dai caixa tle conversa.) ao lloyd brasileiro.ouuhermo joaquim da costa, 2-supplo"
089842,correio_manha,1909,per089842_1909_02818,1,1,13121,13138,3,0.1667,0,ocaixa ilo conver,mpaio representa pu-tro eruco; e cabe-me amim a representacaocaixa ilo conversao a jardim botenlepentrevista com o coronei* be-  /nedicto
089842,correio_manha,1909,per089842_1909_02870,1,0,19054,19070,3,0.1667,0, caixa de coaver,-mii diiloro.-iiiiicnieteuiivcl em uma ucumiio cm «iuc nao . caixa de coaveraiioo movimento da cuixa dc conversao foio ceriiijntc: entra
089842,correio_manha,1909,per089842_1909_02879,1,1,14625,14641,3,0.1667,0,.caixa de conven,geiro.—o senado ila-nano approvou o orcamento da agricultura.caixa de convenio. foi o seguinte o movimento da caixa deconversao: entrara
089842,correio_manha,1909,per089842_1909_02893,1,1,14538,14554,3,0.1667,0, caixa de convtr,"didos de demissao i/s srs. drs. henrl-aue uinis, director da caixa de convtrsip',custodio de almeida magalhaes e americoflrmino de morae"
089842,correio_manha,1909,per089842_1909_02894,1,1,19935,19951,3,0.1667,0, caixa -4aconver,"4,proximo ao lar-,-0 da carioca.foi rcmeitfto no director da caixa -4aconversao o relatorio, do miniatcrio .das1'inatic.is da' franca, r"
089842,correio_manha,1909,per089842_1909_02901,1,1,28019,28035,3,0.1667,0, caixa de couver,"loinbctros.—o dr. joao domes rabcllo horta, thesoii.reiro da caixa de couverstlo, obteve quatrotu...', «d- licenca.—fot fioiiirmftj ijen"
089842,correio_manha,1909,per089842_1909_02908,1,0,15946,15963,3,0.1667,0, caixa de con*ver," paula bastai.caixa do conventopot o legulnte o movimento da caixa de con*ver»so: tntriram £ lo, 50 penai nrgentlnoi equl*valentes a 1:44"
089842,correio_manha,1909,per089842_1909_02913,1,1,2125,2140,3,0.1667,0, caixade convtr,"iredo, para ttib-ttituir, na iultrlnidade, o theioitrtirq da caixade convtriao, dr. carlot claudio da silva.—o tscripluario antonio rlb"
089842,correio_manha,1909,per089842_1909_02916,3,1,7565,7581,3,0.1667,0, caixa de conven,"pediiapelo sr, joilo comes rebello horta, lliesoii*reiro 'da caixa de convenio.—o miniilro dohxlerior recebeu conimitnicacilo de que are"
089842,correio_manha,1909,per089842_1909_02921,1,0,19579,19595,3,0.1667,0,caixii do conver,"ropa o vapor ""borborcma"", quese destina ao servico do lloyd.caixii do conversaoa caixa tte conversao recebeu i io libras,equivalentes a "
089842,correio_manha,1909,per089842_1909_02940,1,1,21783,21799,3,0.1667,0, caixa de conven," sicilia 1 da calabria.caixa do conversuofnr.im recolhtdoi - caixa de convenio300$, ouro, £ 92, fr*. 4»s«>0i marcos 150 e 11-ra* 140, co"
089842,correio_manha,1909,per089842_1909_02941,1,0,21237,21253,3,0.1667,0, caixa de conven,"ho f. do» san-ui o dr. j. 11. alve» c—u.oalm de cone «raloa' caixa de convenio entraram sof. ouro,£ r36 i|a * frantoe 80, importando eml"
089842,correio_manha,1909,per089842_1909_02944,3,1,16406,16422,3,0.1667,0,cnixa <ie conver,io cosia e as sras. carmendolores c cecilia dc vasconcellos.cnixa <ie conversaoo movimento da caixa dc conversao foio seguinte: entraram
089842,correio_manha,1909,per089842_1909_02946,1,0,17588,17605,3,0.1667,0,.caixa cf* conver,"e. cawltfo bilho, generalsouza aguiar e coronel sou»^ aguiar.caixa cf* conversao#a caixa de 'conver».1o reaeu hnntem:£ 371 y,, franco» 56"
089842,correio_manha,1909,per089842_1909_02965,5,0,13967,13983,3,0.1667,0, caixa dc conven,"n. 200;jornalista ary kcrncr penna firme,ii, 201;porlciro da caixa dc convencao, joaquimr;!nres vieira pisco, n. 202;jornalista, antonio"
089842,correio_manha,1909,per089842_1909_02974,1,0,22543,22559,3,0.1667,0,.caixa dc convor,"ferrao, dr. lassancecunha, dr. oscar lopes e dr. costa senna.caixa dc convorsuoo movimentei dc entradas na caixa de con-versao foi de 60"
089842,correio_manha,1909,per089842_1909_02985,1,1,11163,11180,3,0.1667,0, caixa <lo conver,te-coronela. lopes cardoso e arnaldo timothco pintomonteiro. caixa <lo conversaoas entradas na caixa de conversao foram:£ 130 c dollars 5
089842,correio_manha,1909,per089842_1909_03005,1,1,23106,23122,3,0.1667,0, caixa de convcr,"esidente da republica existirem actual-mente em deposito, na caixa de convcr-tao, 102.000 *ooo$ooo.aquelle secretario de estado communic"
089842,correio_manha,1909,per089842_1909_03006,1,1,13817,13833,3,0.1667,0,.caixa de conven," joao pires farinha e ca-pitao de fragata jose borges leitao.caixa de conveniona caixa de conversao entraram,-hontem,£ 40.299, francos 8"
089842,correio_manha,1909,per089842_1909_03023,1,0,20058,20075,3,0.1667,0,.caixa «lc conver,"co; cesario porelra, nor-borto ferreira e visconde de moraes.caixa «lc conversaopara caixa 'de conversao entraram: £2.011,dollars 100.000"
089842,correio_manha,1909,per089842_1909_03024,1,0,14798,14814,3,0.1667,0, caixa de ronver,"nha machado e dr. demo-tvio ribeiro.oaixn do conversaopara a caixa de ronversfto entraramir.s ouro, £ 2s1 li?, frs. 205 o dollnrs 40, na"
089842,correio_manha,1909,per089842_1909_03026,2,0,38858,38873,3,0.1667,0, caixa deconvcr,"tro tln eazendn commiinlrou aoprcsidonle «la kcpuhlica qnc a caixa deconvcrsio tem, presentemente, cm depositoi.v.ooo conto» «lc rei».f"
089842,correio_manha,1909,per089842_1909_03041,1,0,9685,9701,3,0.1667,0, caixa de conven,"ados ¦¦¦ : proprietarios da uniao escatas de conversaopara a caixa de convenio entrarem:11.151 i|a e deitara io, aa importancia «hs18:45"
089842,correio_manha,1909,per089842_1909_03053,1,0,10897,10914,3,0.1667,0,.caixa ilo conver,"avares, conselheiro lconeio dc carvalho c dr.gomes dc mattos.caixa ilo conversaoo movimento dc entradas na caixa dc convcr-sao foi dc: £ "
089842,correio_manha,1909,per089842_1909_03053,1,0,10943,10959,3,0.1667,0, caixa dc convcr,"omes dc mattos.caixa ilo conversaoo movimento dc entradas na caixa dc convcr-sao foi dc: £ )oo.20«, francos 1.680, dollnrs - 5,marcos 4:"
089842,correio_manha,1909,per089842_1909_03055,1,1,21718,21734,3,0.1667,0, caixa do convcr,"moreira, dr. alficdo llittencourt c general osoriodc paiva.. caixa do convcrsso, ;;|o movimento ile entradas nn caixa dc conver-sao foi "
089842,correio_manha,1909,per089842_1909_03059,1,0,10595,10612,3,0.1667,0,-caixa <|o conver,",.«ir. viikto de medeiros edr. ilenlo horges da 1-on.cca. . -caixa <|o conversao;. o movimento -tlc, -mirada-.: to!;;ilc- ?_.-mi--fi?_afr"
089842,correio_manha,1909,per089842_1909_03069,1,0,13830,13846,3,0.1667,0,.caixa de convem,"ei da crua e anlun-ii-ntil noibeit». coronelc. ile carvilliu.caixa de convemloo movimento de entrada.» fi_ «let i,3'.». 'rin-col j40 e -"
089842,correio_manha,1909,per089842_1909_03075,1,0,33095,33111,3,0.1667,0, caixa tleconver,"a faucnda informou, limitem,ao presidente da republica que a caixa tleconversao tem em-deposito _i:s mil contos,ou l_ milhoes e 21 mil l"
089842,correio_manha,1909,per089842_1909_03083,2,0,5005,5021,3,0.1667,0, caixa do convor,"oroa.tro cunha.calxn de converaloo movimento «le tntrada» na caixa do convor»ao foi dei ti i.ilt, luiico» i.ioo, dollars ss,marco» jio. "
089842,correio_manha,1910,per089842_1910_03152,5,0,23168,23184,3,0.1667,0, caixa(lo conver,"rtizacao o do the-souro, dois officiaes do 1"" regimento;, da caixa(lo conversao e da casa da moeda, dois officiaesdo 2o regimento, «3 do"
089842,correio_manha,1910,per089842_1910_03159,5,0,28911,28927,3,0.1667,0,ecaixa de conven,"to. , . „, ... .guardas d.i alltortizacaoi lhes..uro, moeda ecaixa de convenio, i ofuciaes do e"" regimciiti,v' do quartel sencial, um in"
089842,correio_manha,1910,per089842_1910_03171,1,0,16657,16674,3,0.1667,0, caixa ilo conver,"arrancasse das garras dos governos que asoppriniem'gil vidal caixa ilo conversaoentraram s:.t6o$ tm moedas dc ouro nacionaes,. vto, franc"
089842,correio_manha,1910,per089842_1910_03174,6,0,32865,32881,3,0.1667,0, caixa de conyer,"da cai.xa da amorliiacao, tia casada mncdu, do thesmiru c da caixa de conyer-san, quatro officiaes do e° regimento, e do quar-tel*f ener"
089842,correio_manha,1910,per089842_1910_03177,4,0,40869,40885,3,0.1667,0, caixa (lcconver," cavai-laria; ,„, _,-"", ,guardas da amortizacao, thcsouro. c caixa (lcconversao, tres officiaes do 1° regimento; damoeda, mn official do"
089842,correio_manha,1910,per089842_1910_03181,3,1,39989,40006,3,0.1667,0, caixa dc con-ver," barao de alencar,5.706; todos eleitos.oe amanha cm uttntc a caixa dc con-versio fiinccionara 110 nhlicio da rua l'ri-meiro dc marco, ond"
089842,correio_manha,1910,per089842_1910_03181,6,0,30267,30283,3,0.1667,0, caixa rteconver," regimento deetv» liaria.trtiardas da amortizaclo, thewuro c caixa rteconversao, tre» officiaes do^ t* regimento; damobcuj om t ffivial "
089842,correio_manha,1910,per089842_1910_03188,4,0,28499,28513,3,0.1667,0,caia ue conver," 37 d, — em que p«eno »r.-ministro da fasenda acabarei com acaia ue converso e elevarei a taxa, tiarepublica dos estados unidos do bra"
089842,correio_manha,1910,per089842_1910_03193,1,0,1483,1498,3,0.1667,0, caixa deconvcr,"dc minas geraes. _¦¦„"", ,' o dr. henrique diniz, director da caixa deconvcrsjo, fez entrega ao ministro da fazendado seu relatorio.   ."
089842,correio_manha,1910,per089842_1910_03208,2,1,2845,2861,3,0.1667,0,caix.-'de conver,"ebra ia se deu. quandoa laxa d'' '"" tl. foi adoptada para a caix.-'de conversao, apenas o que suceedera eniriiilerio o que. item ou mal,"
089842,correio_manha,1910,per089842_1910_03208,2,1,3057,3073,3,0.1667,0, caixa ilrconver,"imos neste ponto, nue e, rs-sencial: a nffluenria ile ouro > caixa ilrconversao nao representa, como falsamentesc lem a'iei>:nlo. aiieme"
089842,correio_manha,1910,per089842_1910_03211,5,0,36747,36763,3,0.1667,0, caixa de conven," da caixa dc amortizacao, da casaila moeda, do thesouro e da caixa de convenio,quatro oificuc* do 1* rcfftmento, e du quartel te*-neral,"
089842,correio_manha,1910,per089842_1910_03212,1,1,38801,38817,3,0.1667,0, caixaiu: conver," rf.'is are. as vam.ra'|8$7s0, uf.reri-.to--/os a's notas ha caixaiu: conversao, hem cntimiioo.os bancos estrangeiros, aos quaes se dove"
089842,correio_manha,1910,per089842_1910_03212,1,1,39771,39787,3,0.1667,0,»caixa de convcr,"nct jtrn_idl»,d** toda a geiire, rmfim. qtie possuir notas d»caixa de convcrtio. w um roubo friti» xquem nao explora tm cambios, a quem "
089842,correio_manha,1910,per089842_1910_03212,2,1,3695,3710,3,0.1667,0, caixa decpnver," afastar a possibilidade dadiminuicao do sloclt metallico da caixa decpnversso, visto como, tendo parle dessechpilal di volver aos paiz"
089842,correio_manha,1910,per089842_1910_03212,2,1,6039,6053,3,0.1667,0,cai*a deconver," maioria cm panei a i;o d;v.o limite maximo iia cntissso da cai*a deconversdo ao cambio tle 13 d. c, portanto,it btuc principal cm qm*"
089842,correio_manha,1910,per089842_1910_03212,2,1,6205,6221,3,0.1667,0, caixa tleconver,"e se c*.!« fatenda no e.imbio.como, porem, a lei que creou a caixa tleconversao nso dispoe, imperativamente,quea taxa da cmissso seia al"
089842,correio_manha,1910,per089842_1910_03215,1,1,35035,35051,3,0.1667,0, caixa dc convcr,"ffluindo, como aos demais bancos, porportadores das notas da caixa dc convcr-sao, inimoseados pelo governo do sr. niiopecanha com o prej"
089842,correio_manha,1910,per089842_1910_03221,2,0,37355,37369,3,0.1667,0, caixao conver,"tre esses facloros sejaperttirbadoramente accelerada. isso a caixao conversao podera fazer.nuo retroceder, nem par.ir, ne:n prect-pila"
089842,correio_manha,1910,per089842_1910_03223,1,1,14627,14642,3,0.1667,0, caixa decanver,"em levar a effeito as mo-dificacoes que propoz ao regimen da caixa decanversaa, e, portanto, em elevar a taxa eam-bial de 15 a 16. o co"
089842,correio_manha,1910,per089842_1910_03227,4,0,20069,20085,3,0.1667,0, caixa de conven,"da caixa de amortizacao, da ca.=ada moeda, do thesouro e ila caixa de convento,quatro officiaes do i* regimento, c do quartel-general, u"
089842,correio_manha,1910,per089842_1910_03228,2,1,2633,2649,3,0.1667,0, caixa (lcconver,"fazenda pnra clovarn taxapara rrcebiincntn dos depositos tia caixa (lcconversao, tle 15 d. para 16 (i, esterlinospor ijooo. .oi elemento"
089842,correio_manha,1910,per089842_1910_03229,2,0,15341,15358,3,0.1667,0, caixa tle co-ver," e' um civilista que esta pagando emmoeda mais cam que a 'da caixa tle co-versao o peccado que coirimetteu, lulahdocom denodo e galhardia"
089842,correio_manha,1910,per089842_1910_03232,1,0,9061,9077,3,0.1667,0, caixatlc conver,"las que ilatiui temrecebido solire o projecio dc reforma tia caixatlc conversao c alta ilo cambio. i.oro t]tic ossrs. uullldes, pinheiro"
089842,correio_manha,1910,per089842_1910_03234,2,0,1290,1306,3,0.1667,0, caixa(lc conver,"mandou vir grande partedo saldo que -tinha.em londres para a caixa(lc conversao, c.tendo sacado quantia avulta-da a laxa de 16 d., e pos"
089842,correio_manha,1910,per089842_1910_03247,2,1,2057,2073,3,0.1667,0, caixa de convcr,"ca 1 no cambio quo ja nao lera con-ira el1""- o correctivo da caixa de convcr-sa o, di'.1'!'' f|i'e as anieacas de abas sticccs-sivaj da "
089842,correio_manha,1910,per089842_1910_03247,2,1,3405,3422,3,0.1667,0," caixa tl"" conver","xo. ¦s.f nao forii a idea' .d .s.v>trada. dc elevara taxa da caixa tl"" conversao- a 16 il, cfosse fi.xhdp' o liniiie dh 'emissao da caixa"
089842,correio_manha,1910,per089842_1910_03251,5,0,9079,9093,3,0.1667,0,.aixadc conver,"alferes souza: ilothesouro, alieres auguito ile l.ima; «la l.aixadc conversao, alieres gilberto, c «jo quartel ceu-trai, 11111 inferio"
089842,correio_manha,1910,per089842_1910_03258,4,0,38230,38246,3,0.1667,0, caixa de convcr,".y' c dacois.eiiienc.ia tli mahtiteitcao da i.iva de 15pan a caixa de convcr.-ao.s. paulo. 18 (a. al - o esiudanieamaral, que foi ferido"
089842,correio_manha,1910,per089842_1910_03271,3,0,5152,5169,3,0.1667,0, caixa de con-ver,"a; tenente gardet; dq tie.«suro, «ifere» augusto de lima; da caixa de con-vertoo, alteres santa barbara, e do quartel cen-trai,, um infer"
089842,correio_manha,1910,per089842_1910_03276,1,1,21664,21680,3,0.1667,0, caixa tleconver,a-se que o ministro da fa-renda do brasil nao autorize ate a caixa tleconversao a receber depositos de ouro iittcsubstituam as retiradas
089842,correio_manha,1910,per089842_1910_03287,6,1,26541,26558,3,0.1667,0, caixa tic conver,"var e irnh.is do convenientemente escolhida .1 taxa limita.a caixa tic conversao aciuoii, pois. gracas .isnotas ouro que atirou uo circul"
089842,correio_manha,1910,per089842_1910_03290,4,0,32244,32262,3,0.1667,0, caixa d.- con.ver," moeda, alferes themlitoclmid„ thesouro, tenente liittro; da caixa d.- con.versao, alfrrt» souto mayor, e do quartel gene-ral. um infeiior"
089842,correio_manha,1910,per089842_1910_03292,1,1,22802,22819,3,0.1667,0,cai-xa tle conver,"tt a ide.i da valoriza-cao ilo cafe. conjuntamente com a da cai-xa tle conversao. para o bom exito davalorizacao era, porem, preciso capi"
089842,correio_manha,1910,per089842_1910_03299,4,0,20039,20056,3,0.1667,0," caixa, de convcr"," moeda, alfcre». albino^ ao the*souro, tenente aristjdes; da caixa, de convcrsso,alferes messias, e do qtiarlel-geiijaal, ura inferior,to"
089842,correio_manha,1910,per089842_1910_03311,4,0,16309,16326,3,0.1667,0, caixa -a2 conver,"rwt beiieral, um inferior, '.odordo i"" lygimcntn. 'ouarda ua caixa -a2 conversao; alferes soullomayor, do a» rcgiinaotn.lvitado-maior: nn"
089842,correio_manha,1910,per089842_1910_03313,2,0,49798,49815,3,0.1667,0, caixa ilc conver,"tlestitirt-, e at espccitlntjbes des-ruvtilviibs cm redor da caixa ilc conversaopelos bancos estrangeiros.e' dinhairo «jue lira tlc ser r"
089842,correio_manha,1910,per089842_1910_03337,5,0,19798,19815,3,0.1667,0, caixa de con-ver,"ottto, alferes somtlo; na casa<ln moeda, tenente odonico; na caixa de con-versftoi tenente aristides c no quartel general,uni inferlot to"
089842,correio_manha,1910,per089842_1910_03340,4,0,33044,33060,3,0.1667,0, caixa<lc conver,"rei silva telles! nacasa- ib moeda, alferes souito mayorj na caixa<lc conversao, alferes dcnigno e nu quartel «*e-neral. um inferior, to"
089842,correio_manha,1910,per089842_1910_03350,1,1,23032,23048,3,0.1667,0, caixa dcvconver,"idavel bandalheira que *se pretende rea-lizar, cada nota d.i caixa dcvconvers-o terao desconto qtte ac:ma direnibllr.' chegado o niotn-."
089842,correio_manha,1910,per089842_1910_03360,6,1,1764,1780,3,0.1667,0,acaixa de conven,"jurar uma questao dealta relevancia, como e a qu. se refere acaixa de convenio, c a taxa cambial, a umasiliiacso de politica inlemn, a u"
089842,correio_manha,1910,per089842_1910_03368,4,0,29078,29094,3,0.1667,0,acaixa dc convcr,"eres llieims|o-cios: ma casa eki moeda, alicies  jlcnignn; nacaixa dc convcreao, alferes limoeiro c no epiartelgeneral, um inferior, toi"
089842,correio_manha,1910,per089842_1910_03383,5,1,33896,33911,3,0.1667,0, caixa ikconver,"nte aristidcs; na cas:,da moeda, alferes augusto de lima; nn caixa ikconversao, tenente odorieo c 110 quartel general,um inicriort todo"
089842,correio_manha,1910,per089842_1910_03395,4,0,1567,1583,3,0.1667,0, caixa tlcconver,"s augusto ele lima; nacasa da rjot-da, alferes junqueira; na caixa tlcconversao, alferes miillrr c no quartel b""iiei;;l,um inic-rior, to"
089842,correio_manha,1910,per089842_1910_03398,2,1,4662,4680,3,0.1667,0, caixa (ie con-ver,"s, j'.'.-ti ficando o aphorismo do sr.leopoido de buuiocs, n caixa (ie con-versao tem um milhao esterlino demenos nos seus cofres, c o gov"
089842,correio_manha,1910,per089842_1910_03405,3,0,23032,23046,3,0.1667,0,catxa dcconver,"o, convem registrar cotn or-etillio a adhcsao do ""jornal"" a catxa dcconversao. elle foi. com a sua autoridade,um dos mais violentos ad"
089842,correio_manha,1910,per089842_1910_03408,3,1,4760,4776,3,0.1667,0,\caixa mi convkr,"a iii! 15 t a expansao do podill! aiisouvk.vtl! no ouro, 1).\caixa mi convkrsao. que diria -o grande orgao il.i imprensa irritice-*a ao "
089842,correio_manha,1910,per089842_1910_03411,4,0,17869,17883,3,0.1667,0, caixat conver,"rei junqueira; na lasai- m.cda alferes aiuzusto-de l..ma; na caixat conversao, alferes liiiller p no quartel central,u'^otli3sd^^e!d.."
089842,correio_manha,1910,per089842_1910_03411,7,0,19464,19478,3,0.1667,0,cuixa dcconver,"ria a diai-.i.iinina. cara in-forinacues, com o porteiro da cuixa dcconversao. e senhofittais!nio comprem mnis ch.-«|i«*os! sem pri-me"
089842,correio_manha,1910,per089842_1910_03421,5,0,34861,34877,3,0.1667,0, caixa de convcr,"_v-ift_ iibino: do thesouro. altere:moeda, alferes soido; da caixa de convcrsi)., te-nente odorlco, c do quartel central, om inferior,tn"
089842,correio_manha,1910,per089842_1910_03428,3,0,32690,32706,3,0.1667,0, caixa (leconver,"ura o regimeii federativo numsystema de oppris.iao, quanto a caixa (leconversao, nao me parece que cila sejanecessaria- para preparar .1"
089842,correio_manha,1910,per089842_1910_03440,7,1,16368,16383,3,0.1667,0,caixu de conver,"o a apoloiria tf«r»e*!a de dvs erros.o(aodata da creacao da caixu de converl-oialtica moxf.taiuavazia de dados praticos, clauilicante e"
089842,correio_manha,1910,per089842_1910_03445,5,0,44004,44020,3,0.1667,0, caixaiu' conver,"amortliacso, tenenteteixeira; no thesouro, tc.lvate danz; na caixaiu' conversao, alferes jaj'me e no quartel cen-trai, um inferior, todo"
089842,correio_manha,1910,per089842_1910_03449,2,1,38245,38261,3,0.1667,0, caixa de convcr,"iva,como principal responsavel' pela vida epelo andamento da caixa de convcr.-ao,quando ella comecou a funecionar regu-larmcnte.o consel"
089842,correio_manha,1910,per089842_1910_03449,6,0,18499,18515,3,0.1667,0, caixa dc convcr,"mortizacao, tenente bastos;nn thesouro. alferes paninhos; na caixa dc convcr*sao, alferes sffido e 110 quartel central, um inferiortodos"
089842,correio_manha,1910,per089842_1910_03450,2,1,33747,33762,3,0.1667,0,ca:xa de conver,"pativel com a nossa situacao economi-ca, fixado o cambio da ca:xa de conver=a,»em,.16. nao podera haver sinao pequeno de-posito em .our"
089842,correio_manha,1911,per089842_1911_03482,5,0,53551,53567,3,0.1667,0, caixa de convcr,"ro, alteres souto major; nl cisada moeda, alferes ferra»; na caixa de convcrlio,alferes faustino c no quartel central, um inftritr,iodos"
089842,correio_manha,1911,per089842_1911_03491,1,0,6244,6260,3,0.1667,0,.caixa de conven,"josi de carvauio filho e ea-pitao de correta rap-ael brasqne.caixa de convenioentrada»; libras 1.798 i|a, franco» 100 e doi-lar» ss. enu"
089842,correio_manha,1911,per089842_1911_03492,1,1,6906,6922,3,0.1667,0,.caixa de conven,"a vianna filho, ciccio seabra c tenente-ooro-nel rego barros.caixa de convenioentrada»; 44] libras, 60 dollars e 1.020 mar-cos, equivale"
089842,correio_manha,1911,per089842_1911_03498,1,1,28221,28237,3,0.1667,0, caixa dc convcr,"egacia fiscal no pairana, rccttsan-«lo-sc a receber nalas da caixa dc convcr-sao que «eiih.1111 o mais stmrios nt?gao, oininisiro da faz"
089842,correio_manha,1911,per089842_1911_03501,5,0,15057,15073,3,0.1667,0, caixa de convcr,"esouro, tenente odorico: na casada moeda, alferes gardel; na caixa de convcr-sto, alferes barrio e no quartel-general, um in-ferlor, tod"
089842,correio_manha,1911,per089842_1911_03506,1,1,8221,8238,3,0.1667,0,.caixa ttc conver,"ve; 'machado, dr. paisos de mirando, cmuitas outras 'pessoas.caixa ttc conversaoo movimento ila caixa de conversao foi o sc-guinte:kntrar"
089842,correio_manha,1911,per089842_1911_03508,1,1,6422,6438,3,0.1667,0, caixa de conven,"a e _,uixpinto de andrade.  caixa de convergio0 movlm-nto da caixa de convenio for o «e-f.ntradasi libras i.ij; t|i.. franco» iaa.e doll"
089842,correio_manha,1911,per089842_1911_03519,1,0,8262,8277,3,0.1667,0,caixi.do conver,"ueiia c ubtijino dtassis; srs. nuno dc andrade, director da caixi.do conversao; luiz von erven, director dos telcgrapho»; general anton"
089842,correio_manha,1911,per089842_1911_03522,4,0,32214,32231,3,0.1667,0, caixa de con-ver,"uro, alferei brnigno: da ca» damoeda, alfere» sa peixoto; da caixa de con-vertio, alferes barbo», e do qu«rtel central, uminferior, todos"
089842,correio_manha,1911,per089842_1911_03526,5,0,22269,22285,3,0.1667,0, caixa <ieconver,"lferes pereira de mello;na casa da moeda, alferes ferraz; na caixa <ieconversao, amcres telles e no quartel central,um inferior todos do"
089842,correio_manha,1911,per089842_1911_03535,1,1,8060,8076,3,0.1667,0,ocaixa de convcr,"hefe damissao instiuctara alieius.    ... c_l_n tio conversaocaixa de convcriso io! o sc-<\\u*. o si'sr, borgc-g.entilia fiuulatla p-l_ "
089842,correio_manha,1911,per089842_1911_03536,1,1,5664,5681,3,0.1667,0,.caixa «lo conver,"io jouvin, nunes ribeiro, gastao da cunhae joao de ivioerila.caixa «lo conversaoo movimento da caixa de conversso foi o «e-ffuinte:entrar"
089842,correio_manha,1911,per089842_1911_03537,6,0,9046,9063,3,0.1667,0, caixa 'de conver,"um, ulieie» gardcl; na (.asa d.i mnrda, nlicrr» pni.l.i: n.i caixa 'de converias,cilfcrts snvutii r nu quartel central, uni inter or,itn."
