familia,padrao,confianca,justificativa
realeza_bancaria,"re[iy]s?\s*d[oa]s\s*banqueiros",alta,"o caso que fundou a varredura: Gazeta de Noticias 1906 ed. 282 p1 chama Rothschild de rei dos banqueiros londrinos. O espaco e opcional porque o OCR colou rei e dos na quebra de linha"
realeza_bancaria,"princip[e3]s?\s*d[oa]s\s*banqueiros",alta,"variante do mesmo topos monarquico aplicado ao credor"
realeza_bancaria,"soberanos?\s*d[ao]\s*finan[cs]a",alta,"mesmo topos, registrado na retorica de epoca"
realeza_bancaria,"grande\s*banca",alta,"na mesma pagina de 1906: prestigio dos banqueiros directores da grande banca do jogo universal"
agente_financeiro,"agentes?\s*financeiros?",alta,"designacao por CARGO da casa Rothschild, agente financeiro oficial do Tesouro em Londres"
agente_financeiro,"agencia\s*financeira\s*d[oa]\s*(?:brasil|uniao|thesouro|tesouro)",alta,"variante institucional da mesma designacao"
banqueiro_estrangeiro,"banqueiros?\s*(?:de\s*|em\s*|d[oa]\s*)?londr(?:es|in[oa]s?)",alta,"o credor pela praca, sem nome"
banqueiro_estrangeiro,"banqueiros?\s*ingle[sz]e?s?",alta,"o credor pela nacionalidade"
banqueiro_estrangeiro,"banqueiros?\s*estrangeiros?",alta,"designacao generica corrente no debate"
banqueiro_estrangeiro,"banqueiros?\s*(?:de\s*)?(?:arbitros|directores|credores)",alta,"na pagina de 1906: banqueiros arbitros de cotacoes dos nossos titulos"
banqueiro_estrangeiro,"banqueiros?\s*europ[e3]us?",media,"pode designar praca continental, nao necessariamente o credor britanico"
banqueiro_estrangeiro,"banqueiros?\s*de\s*nova\s*[yi]ork",media,"credor norte-americano, outro ator"
casa_bancaria,"casa\s*banc[a4]ri[ao]",media,"pode designar casa nacional; exige leitura"
casa_bancaria,"grande\s*casa\s*(?:de\s*)?londr(?:es|ina)",alta,"perifrase direta da casa Rothschild"
casa_bancaria,"alta\s*finan[cs]a",media,"classe, nao pessoa"
credor,"credores?\s*(?:externos?|estrangeiros?)",alta,"o credor pela relacao, sem nome"
credor,"nossos\s*credores",alta,"forma possessiva corrente no debate sobre divida externa"
credor,"portadores\s*d[eo]s?\s*(?:nossos\s*)?(?:titulos|fundos|apolices)",media,"pode designar portador nacional"
praca,"pra[cs]a\s*de\s*londres",media,"ja medido na sondagem de 26/07; entra aqui para cruzamento"
praca,"mercado\s*(?:ingle[sz]|de\s*londres|europeu|monetario\s*ingle)",media,"substitui o padrao mercado de, que na primeira rodada casou 2.312 vezes por pegar mercado de cafe e mercado de cambio"
capital_externo,"capitali[sz]tas?\s*(?:estrangeiros?|ingle[sz]e?s?|europ[e3]us?)",media,"classe, nao pessoa"
syndicato,"s[yi]ndicato\s*(?:bancario|de\s*banqueiros|financeiro)",alta,"forma organizada do credor no periodo"
syndicato,"consorcio\s*(?:bancario|financeiro|de\s*banqueiros)",alta,"variante do mesmo"
