id,tema,jornal,ano,fonte_tipo,bib,objeto,pagina,designacao,citacao_verbatim,observacao,conferido_na_imagem
cm1906-recusa,Convênio de Taubaté,Correio da Manhã,1906,pagina,089842,per089842_1906_01703,1,trecho,"o sr. RodriguesAlves recusou a sua ápprovação ao convc-nio dc Tanbaté, primeiro, porqnc julga nãeter competência para o fazer",o nucleo factual: Rodrigues Alves recusa aprovar o Convenio,nao
cm1906-quebra,Convênio de Taubaté,Correio da Manhã,1906,pagina,089842,per089842_1906_01703,1,trecho,"segundo, por-que s. cx. «1 contrario, 4 vista dos compro-missos do Brasil com os seus credores iuter-nos c externes, áquebrado nosso padrão mo-netarlo.",o Convenio equiparado a quebra do padrao perante credores internos e externos,nao
cm1906-aventura,Convênio de Taubaté,Correio da Manhã,1906,pagina,089842,per089842_1906_01703,1,trecho,com pcífeita fidelidade o pen-samento do povíi brasileiro que não estAdisposto a embarcar em novas e desconhe-,o registro de aventura; a frase e cortada pela sangria da coluna vizinha,nao
cm1906-competencia,Convênio de Taubaté,Correio da Manhã,1906,pagina,089842,per089842_1906_01703,1,trecho,Na conferência chegon-sc a duvidar dacompetência do Congresso para alterar opadrão monetário com relação aos compro-nilssos do governo com os portadores detítulos de sua divida externa c interna.,duvida sobre a competencia do proprio Congresso para alterar o padrao,nao
cm1906-naoconvoca,Convênio de Taubaté,Correio da Manhã,1906,pagina,089842,per089842_1906_01703,1,trecho,"O Congresso não será convocado extra-ordinariamente c o sr. presidente da Kepit-Mica sc dirigirá aos tres presidentes de8. Paulo, Rio de Janeiro « Minas Geraesdando as mzOcs por que não convocará Congresso para tratar do convênio.",a recusa de convocar sessao extraordinaria,nao
gn1912-retiradas,retiradas de 1912,Gazeta de Notícias,1912,pagina,103730,per103730_1912_00017,1,trecho,"dias têm sido re-{irados da Caixa de Conversão trêsn)j| c tantos contos. A sóniiria des-(Z3 retiradas representa cerca deum Por cento, uni I501"" cento só-mente, dos depósitos existentes.",minimiza as retiradas de tres mil e tantos contos como 1% dos depositos,nao
gn1912-emissao,retiradas de 1912,Gazeta de Notícias,1912,pagina,103730,per103730_1912_00017,1,trecho,"Essa e uma funeção normal daCaixa, (jue não ( de depósitos, inasdf eniinsão.","a tese central: a Caixa e de emissao, nao de depositos",nao
gn1912-bulhoes,retiradas de 1912,Gazeta de Notícias,1912,pagina,103730,per103730_1912_00017,1,trecho,"Mais tarje, quando a impruden-cia do ministro Bulhões ia inutili-siiido a obra patriótica",recuperacao retrospectiva da oposicao a Bulhoes,nao
gn1912-bancoemissor,retiradas de 1912,Gazeta de Notícias,1912,pagina,103730,per103730_1912_00017,1,trecho,"Nem sequer o seu -ca-racter e* o caracter de um bancoemissor; cila não garante a cii culaçao íidiiciaria total, mus apennas a parte da circulação fepresen-t;n!.t. por ouro. e representada tia",nem banco emissor: garante so a parte representada por ouro,nao
gn1912-sangria,retiradas de 1912,Gazeta de Notícias,1912,pagina,103730,per103730_1912_00017,1,trecho,Sem a existência da Caixa osres dão a nova revolução em de-flnitivo triumpho.,"CASO DIFICIL DE PROPOSITO: span do OCR que atravessa a sangria de coluna, juntando o fim do editorial com a coluna do Paraguay; nao e frase real da peca",nao
