token_chave,variante,ocorrencias
abreu,abreu,4542
affonso,affonso,7905
affonso,alfonso,180
affonso,afionso,102
affonso,aifonso,79
affonso,aftonso,72
affonso,aflonso,56
affonso,ffonso,37
affonso,afonso,32
affonso,affonao,25
affonso,atfonso,22
affonso,affonsos,21
affonso,affonio,20
affonso,eaffonso,18
affonso,affons,14
affonso,affouso,14
affonso,affonbo,13
affonso,acfonso,13
affonso,aiffonso,12
affonso,affohso,11
affonso,affonsn,9
affonso,affunso,9
affonso,afifonso,8
affonso,affonsoa,8
affonso,affonsi,8
affonso,oaffonso,8
affonso,affonsoe,8
affonso,iaffonso,7
affonso,affnnso,7
affonso,aaffonso,7
affonso,caffonso,6
affonso,affonto,6
affonso,affpnso,6
affonso,affonsp,6
affonso,affoaso,6
affonso,affoneo,6
affonso,arfonso,5
affonso,affonsc,5
affonso,affcnso,5
affonso,affonse,5
affonso,affonsd,5
affonso,affonsop,5
affonso,affonson,4
affonso,affonsu,4
affonso,affonsot,4
affonso,affenso,4
affonso,affoxso,4
affonso,iffonso,4
affonso,aufonso,4
affonso,affonsb,3
affonso,laffonso,3
affonso,vffonso,3
affonso,jaffonso,3
affonso,affonsor,3
affonso,affonsa,3
affonso,affanso,3
affonso,affbnso,3
affonso,axfonso,3
affonso,affomso,3
affonso,affonsoi,3
affonso,affonsoj,3
affonso,affonsoo,2
affonso,uaffonso,2
affonso,anfonso,2
affonso,affqnso,2
affonso,affoinso,2
affonso,affonjo,2
affonso,afconso,2
affonso,ajffonso,2
affonso,afronso,2
affonso,afeonso,2
affonso,affonuo,2
affonso,affonco,2
affonso,affooso,2
affonso,aftfonso,2
affonso,aefonso,2
affonso,vaffonso,2
affonso,affrnso,1
affonso,aoffonso,1
affonso,arffonso,1
affonso,affopso,1
affonso,affoso,1
affonso,taffonso,1
affonso,afponso,1
affonso,affodso,1
affonso,ajfonso,1
affonso,maffonso,1
affonso,adfonso,1
affonso,affonsou,1
affonso,affonsl,1
affonso,daffonso,1
affonso,affonsol,1
affonso,affonsod,1
affonso,affonmo,1
affonso,affoeso,1
affonso,affocso,1
affonso,afjonso,1
affonso,asfonso,1
affonso,aflfonso,1
affonso,affonss,1
affonso,affwnso,1
affonso,affonsr,1
affonso,affonho,1
affonso,affoiso,1
affonso,xffonso,1
affonso,affongo,1
affonso,raffonso,1
affonso,naffonso,1
affonso,aofonso,1
affonso,afftnso,1
affonso,affonyo,1
affonso,afsonso,1
affonso,affonsoh,1
affonso,affoonso,1
affonso,affdnso,1
affonso,affinso,1
affonso,affonrso,1
affonso,affonno,1
affonso,afffonso,1
affonso,afxonso,1
affonso,affonfo,1
alberto,alberto,7074
alberto,aberto,1908
alberto,alborto,242
alberto,albert,207
alberto,alberlo,166
alberto,aiberto,30
alberto,alberio,28
alberto,ealberto,26
alberto,alberti,21
alberto,alherto,18
alberto,albertoi,11
alberto,oalberto,10
alberto,aliberto,9
alberto,aalberto,9
alberto,lberto,9
alberto,alierto,8
alberto,albertoa,7
alberto,ajberto,5
alberto,aluerto,5
alberto,calberto,5
alberto,dalberto,5
alberto,albertod,4
alberto,albertl,4
alberto,albertob,4
alberto,alerto,4
alberto,albarto,4
alberto,vlberto,4
alberto,lalberto,4
alberto,allberto,4
alberto,albcrto,4
alberto,albirto,3
alberto,albertu,3
alberto,arberto,3
alberto,albertot,3
alberto,alburto,3
alberto,albeito,3
alberto,alberts,3
alberto,albertoc,3
alberto,alberton,3
alberto,ialberto,3
alberto,albertof,3
alberto,albertd,3
alberto,aaberto,2
alberto,asberto,2
alberto,ailberto,2
alberto,alberta,2
alberto,albertp,2
alberto,albearto,2
alberto,ahberto,2
alberto,albertmo,2
alberto,albertn,2
alberto,albefto,2
alberto,albertos,2
alberto,albetto,2
alberto,rlberto,2
alberto,albero,2
alberto,albjrto,1
alberto,malberto,1
alberto,albepto,1
alberto,salberto,1
alberto,anberto,1
alberto,albento,1
alberto,albhrto,1
alberto,albeirto,1
alberto,albertov,1
alberto,albnrto,1
alberto,avberto,1
alberto,albertok,1
alberto,alberfo,1
alberto,talberto,1
alberto,albertt,1
alberto,alferto,1
alberto,halberto,1
alberto,alberco,1
alberto,alberjo,1
alberto,albertoe,1
alberto,albkrto,1
alberto,albertoh,1
alberto,valberto,1
alberto,ilberto,1
alberto,albertco,1
alberto,ualberto,1
alberto,alberte,1
alberto,albexto,1
alberto,albertol,1
alberto,jalberto,1
alberto,aleerto,1
alberto,atberto,1
alberto,auberto,1
alberto,albeto,1
alberto,albertop,1
alberto,albertio,1
alberto,albertoj,1
alberto,afberto,1
alberto,albecto,1
alberto,albeuto,1
alberto,albejto,1
alberto,ulberto,1
alberto,albyrto,1
alberto,albrrto,1
alberto,falberto,1
alberto,albevto,1
alberto,mlberto,1
alberto,albergo,1
alberto,alwerto,1
alberto,kalberto,1
alberto,aoberto,1
alberto,alberso,1
alcindo,alcindo,601
alcindo,alcino,163
alcindo,alclndo,43
alcindo,aluindo,26
alcindo,aleindo,25
alcindo,alciudo,17
alcindo,alcando,12
alcindo,aloindo,11
alcindo,alcinda,10
alcindo,ealcindo,4
alcindo,alcinio,4
alcindo,allindo,4
alcindo,aicindo,4
alcindo,atcindo,3
alcindo,lcindo,3
alcindo,ajcindo,2
alcindo,alcind,2
alcindo,alcindu,2
alcindo,calcindo,2
alcindo,alcindn,2
alcindo,alciado,2
alcindo,alcindoi,2
alcindo,alcihdo,1
alcindo,alindo,1
alcindo,alcindoc,1
alcindo,alrindo,1
alcindo,alyindo,1
alcindo,alciodo,1
alcindo,altindo,1
alcindo,almindo,1
alcindo,alciedo,1
alcindo,alcinoo,1
alcindo,alcindd,1
alcindo,vlcindo,1
alcindo,alctndo,1
alcindo,dalcindo,1
alcindo,alcindos,1
alcindo,alcirdo,1
alcindo,aalcindo,1
alcindo,alcido,1
alcindo,alcinao,1
alcindo,alzindo,1
alcindo,alcndo,1
alcindo,aliindo,1
alcindo,acindo,1
alcindo,alcinso,1
alfredo,alfredo,12210
alfredo,allredo,307
alfredo,alfrodo,281
alfredo,aliredo,89
alfredo,alfred,86
alfredo,altredo,32
alfredo,aifredo,22
alfredo,lfredo,19
alfredo,alfredoe,11
alfredo,alfredoi,10
alfredo,alifredo,10
alfredo,alfrcdo,9
alfredo,alfiedo,7
alfredo,alfredn,7
alfredo,aalfredo,7
alfredo,alfreno,7
alfredo,alfredoc,7
alfredo,alfredor,7
alfredo,alfrido,6
alfredo,atfredo,6
alfredo,aufredo,6
alfredo,alfrejo,5
alfredo,calfredo,5
alfredo,alfreuo,4
alfredo,valfredo,4
alfredo,alfreao,4
alfredo,alfredof,4
alfredo,alfreio,4
alfredo,alfredu,3
alfredo,alfredog,3
alfredo,alfrado,3
alfredo,alfredov,3
alfredo,ajfredo,3
alfredo,alfiredo,3
alfredo,alrredo,3
alfredo,alcredo,3
alfredo,ailfredo,3
alfredo,afredo,3
alfredo,aljredo,3
alfredo,lalfredo,3
alfredo,alfreda,3
alfredo,alfredb,3
alfredo,alffedo,3
alfredo,abfredo,3
alfredo,vlfredo,3
alfredo,alfrrdo,2
alfredo,alfrelo,2
alfredo,alfrdo,2
alfredo,alfrfdo,2
alfredo,alfrkdo,2
alfredo,alfvedo,2
alfredo,alfledo,2
alfredo,alfredoj,2
alfredo,alfreoo,2
alfredo,alfrsdo,2
alfredo,alfredol,2
alfredo,aluredo,2
alfredo,jalfredo,2
alfredo,alfredd,2
alfredo,alfreso,2
alfredo,salfredo,2
alfredo,affredo,2
alfredo,alfrerdo,2
alfredo,alfredoo,2
alfredo,alfredob,2
alfredo,alfredoa,2
alfredo,alfredio,2
alfredo,alfredod,1
alfredo,ilfredo,1
alfredo,alfredr,1
alfredo,alfredom,1
alfredo,alfredp,1
alfredo,alfredoq,1
alfredo,alfredq,1
alfredo,alfreddo,1
alfredo,alfrddo,1
alfredo,alfredc,1
alfredo,alfreldo,1
alfredo,anfredo,1
alfredo,alfedo,1
alfredo,alftedo,1
alfredo,alfnedo,1
alfredo,halfredo,1
alfredo,aldredo,1
alfredo,alfredon,1
alfredo,amfredo,1
alfredo,alfredv,1
alfredo,alfreqo,1
alfredo,alfredop,1
alfredo,nalfredo,1
alfredo,alfredi,1
alfredo,alfredeo,1
alfredo,alfsedo,1
alfredo,alfreido,1
alfredo,asfredo,1
alfredo,alfyedo,1
alfredo,alfrndo,1
alfredo,allfredo,1
alfredo,alfredto,1
alfredo,alfcedo,1
alfredo,alfredos,1
alfredo,avfredo,1
alfredo,alvredo,1
alfredo,falfredo,1
alfredo,malfredo,1
alfredo,flfredo,1
alfredo,alfredok,1
alfredo,alfredot,1
altino,altino,384
alves,alves,15168
antonio,antonio,40932
antonio,anlonio,3151
antonio,anionio,696
antonio,autonio,228
antonio,ntonio,183
antonio,eantonio,152
antonio,antonlo,116
antonio,antouio,96
antonio,antoni,89
antonio,antenio,79
antonio,antcnio,62
antonio,antonto,60
antonio,oantonio,57
antonio,aantonio,53
antonio,antonin,42
antonio,antonioi,36
antonio,antunio,36
antonio,vntonio,36
antonio,antono,35
antonio,amtonio,35
antonio,iantonio,30
antonio,cantonio,25
antonio,jantonio,24
antonio,antnnio,23
antonio,antoniu,20
antonio,anfonio,20
antonio,antonioc,19
antonio,antoniol,19
antonio,lantonio,18
antonio,antonico,18
antonio,antomio,18
antonio,antoaio,17
antonio,antoniof,17
antonio,antoniom,16
antonio,antonioa,16
antonio,antonic,16
antonio,aatonio,15
antonio,antonip,14
antonio,antoniop,14
antonio,antoniot,14
antonio,antpnio,14
antonio,antonioe,14
antonio,antonioj,13
antonio,antoniod,12
antonio,antonjo,11
antonio,tantonio,11
antonio,antorio,11
antonio,antonioo,10
antonio,antonie,10
antonio,antonfo,10
antonio,antanio,9
antonio,antonios,9
antonio,antonii,9
antonio,antoiio,9
antonio,aintonio,9
antonio,intonio,9
antonio,santonio,8
antonio,antopio,8
antonio,antonior,7
antonio,antooio,7
antonio,antonion,7
antonio,antoniog,6
antonio,artonio,6
antonio,aptonio,5
antonio,antinio,5
antonio,antonid,5
antonio,anonio,5
antonio,antoniov,5
antonio,antohio,5
antonio,antonit,5
antonio,anronio,5
antonio,antoniob,5
antonio,ahtonio,5
antonio,anrtonio,5
antonio,antoniq,4
antonio,atonio,4
antonio,mantonio,4
antonio,nantonio,4
antonio,antoniio,4
antonio,rantonio,4
antonio,aotonio,4
antonio,antoinio,4
antonio,aitonio,4
antonio,avntonio,4
antonio,antoniou,4
antonio,anitonio,3
antonio,antonib,3
antonio,anconio,3
antonio,antonro,3
antonio,astonio,3
antonio,anatonio,3
antonio,wantonio,3
antonio,vantonio,3
antonio,antoniuo,3
antonio,antonuo,3
antonio,antonis,3
antonio,antornio,3
antonio,attonio,3
antonio,antoeio,2
antonio,antrnio,2
antonio,antonir,2
antonio,adtonio,2
antonio,antonif,2
antonio,xantonio,2
antonio,antondo,2
antonio,uantonio,2
antonio,antqnio,2
antonio,anltonio,2
antonio,bantonio,2
antonio,antobio,2
antonio,alntonio,2
antonio,yantonio,2
antonio,awtonio,2
antonio,fantonio,2
antonio,antonij,2
antonio,anuonio,2
antonio,atntonio,2
antonio,hantonio,2
antonio,antonioh,2
antonio,antjnio,2
antonio,actonio,2
antonio,antoio,2
antonio,antonho,2
antonio,anjonio,1
antonio,antonix,1
antonio,qantonio,1
antonio,anvtonio,1
antonio,antonao,1
antonio,sntonio,1
antonio,abtonio,1
antonio,antoniv,1
antonio,antonmo,1
antonio,antogio,1
antonio,antonlio,1
antonio,aytonio,1
antonio,annonio,1
antonio,ajntonio,1
antonio,antoniox,1
antonio,ajtonio,1
antonio,antsnio,1
antonio,agtonio,1
antonio,antlonio,1
antonio,anjtonio,1
antonio,antoxio,1
antonio,anutonio,1
antonio,kntonio,1
antonio,anttonio,1
antonio,antonil,1
antonio,antonjio,1
antonio,lntonio,1
antonio,dntonio,1
antonio,antynio,1
antonio,antonimo,1
antonio,anotonio,1
antonio,antonoo,1
antonio,antosio,1
antonio,antjonio,1
antonio,antnio,1
antonio,kantonio,1
antonio,untonio,1
antonio,aktonio,1
antonio,altonio,1
antonio,entonio,1
antonio,anxonio,1
antonio,anvonio,1
antonio,dantonio,1
antunes,antunes,1900
antunes,aantunes,19
antunes,antune,15
antunes,antunos,10
antunes,anlunes,10
antunes,actunes,9
antunes,antunea,7
antunes,aniunes,5
antunes,ntunes,4
antunes,annunes,4
antunes,antuues,2
antunes,amtunes,2
antunes,antunesa,2
antunes,aetunes,2
antunes,antunss,2
antunes,atunes,1
antunes,antuneso,1
antunes,aptunes,1
antunes,iantunes,1
antunes,antunei,1
antunes,antones,1
antunes,fantunes,1
antunes,oantunes,1
antunes,antnnes,1
antunes,antunest,1
antunes,antunas,1
antunes,vntunes,1
antunes,antunet,1
antunes,cantunes,1
antunes,antuncs,1
antunes,ahtunes,1
antunes,antunesi,1
antunes,antuneb,1
antunes,antanes,1
antunes,antunep,1
antunes,eantunes,1
antunes,antiunes,1
arantes,abrantes,431
arantes,arantes,339
arantes,amantes,191
arantes,grantes,145
arantes,rantes,142
arantes,brantes,38
arantes,arantcs,35
arantes,arantos,16
arantes,arante,16
arantes,aranles,10
arantes,trantes,8
arantes,arantea,5
arantes,aruntes,5
arantes,aantes,5
arantes,ahrantes,5
arantes,arnntes,4
arantes,arandes,3
arantes,orantes,3
arantes,irantes,3
arantes,drantes,3
arantes,garantes,3
arantes,aurantes,3
arantes,crantes,2
arantes,atantes,2
arantes,arautes,2
arantes,srantes,2
arantes,arentes,2
arantes,arantis,2
arantes,aranies,2
arantes,frantes,1
arantes,arfantes,1
arantes,jrantes,1
arantes,zrantes,1
arantes,vrantes,1
arantes,arantus,1
arantes,arahtes,1
arantes,aranteso,1
arantes,arates,1
arantes,arantess,1
arantes,alantes,1
arantes,ajantes,1
arantes,lrantes,1
arantes,hrantes,1
arantes,anantes,1
arantes,airantes,1
arantes,afantes,1
arantes,adantes,1
arantes,rrantes,1
arantes,asantes,1
arantes,araentes,1
arthur,arthur,7671
augusto,augusto,14069
augusto,auguslo,420
augusto,august,303
augusto,augusio,68
augusto,eaugusto,39
augusto,auguito,32
augusto,ugusto,28
augusto,angusto,26
augusto,auguato,25
augusto,augustos,21
augusto,aucusto,20
augusto,oaugusto,18
augusto,aususto,17
augusto,auguste,14
augusto,augubto,13
augusto,augnsto,13
augusto,augustoi,12
augusto,aupusto,12
augusto,aueusto,9
augusto,augusti,9
augusto,augustom,9
augusto,jaugusto,8
augusto,augustu,8
augusto,augustop,7
augusto,auigusto,7
augusto,auuusto,7
augusto,agusto,7
augusto,augustol,6
augusto,auguisto,6
augusto,augustoo,5
augusto,augunto,5
augusto,augustoe,5
augusto,augrusto,5
augusto,aurusto,5
augusto,augustoc,5
augusto,caugusto,5
augusto,augustp,4
augusto,augustoa,4
augusto,aukusto,4
augusto,laugusto,4
augusto,augustov,4
augusto,augustoj,4
augusto,raugusto,4
augusto,augasto,4
augusto,iaugusto,4
augusto,auyusto,3
augusto,aunusto,3
augusto,aaugusto,3
augusto,taugusto,3
augusto,auausto,3
augusto,auiusto,3
augusto,augustb,3
augusto,avgusto,3
augusto,aiugusto,3
augusto,augufto,3
augusto,augueto,3
augusto,augusito,3
augusto,augusro,3
augusto,augutto,3
augusto,augustc,2
augusto,augustao,2
augusto,augustor,2
augusto,augustow,2
augusto,vaugusto,2
augusto,augustod,2
augusto,auqusto,2
augusto,augustox,2
augusto,aufusto,2
augusto,augurto,2
augusto,augcsto,2
augusto,vugusto,2
augusto,augusfo,2
augusto,sugusto,2
augusto,auguoto,2
augusto,augustot,2
augusto,auvusto,2
augusto,aagusto,2
augusto,augustn,2
augusto,aujusto,2
augusto,augusco,2
augusto,augustof,2
augusto,augustog,2
augusto,waugusto,2
augusto,augustd,2
augusto,augmsto,1
augusto,augisto,1
augusto,gaugusto,1
augusto,atugusto,1
augusto,augesto,1
augusto,iugusto,1
augusto,xugusto,1
augusto,axugusto,1
augusto,ausgusto,1
augusto,augustob,1
augusto,auagusto,1
augusto,augustq,1
augusto,naugusto,1
augusto,augusty,1
augusto,auguslto,1
augusto,auguscto,1
augusto,asgusto,1
augusto,augwsto,1
augusto,aigusto,1
augusto,kaugusto,1
augusto,fugusto,1
augusto,augusjo,1
augusto,apgusto,1
augusto,auguston,1
augusto,auusto,1
augusto,augukto,1
augusto,tugusto,1
augusto,auousto,1
augusto,yugusto,1
augusto,autgusto,1
augusto,faugusto,1
augusto,xaugusto,1
augusto,auguto,1
augusto,augsto,1
augusto,awgusto,1
augusto,uugusto,1
augusto,autusto,1
augusto,auxusto,1
augusto,auguso,1
augusto,audusto,1
augusto,lugusto,1
augusto,atgusto,1
augusto,auugusto,1
barbosa,barbosa,12491
barbosa,uarbosa,149
barbosa,barbos,80
barbosa,harbosa,66
barbosa,rarbosa,54
barbosa,barboza,51
barbosa,babosa,47
barbosa,arbosa,45
barbosa,darbosa,44
barbosa,bnrbosa,42
barbosa,barbosae,42
barbosa,barbosao,37
barbosa,garbosa,35
barbosa,barhosa,24
barbosa,barbosaa,20
barbosa,borbosa,18
barbosa,barbosas,13
barbosa,barboia,12
barbosa,barbota,11
barbosa,barbosn,10
barbosa,baibosa,10
barbosa,banbosa,10
barbosa,barbosai,10
barbosa,earbosa,9
barbosa,ibarbosa,9
barbosa,parbosa,9
barbosa,batbosa,9
barbosa,barbosal,9
barbosa,abarbosa,9
barbosa,barboaa,9
barbosa,barboea,8
barbosa,burbosa,8
barbosa,barboso,7
barbosa,baroosa,6
barbosa,ebarbosa,6
barbosa,barbosu,6
barbosa,barbcsa,5
barbosa,barbosac,5
barbosa,barbosan,5
barbosa,jbarbosa,5
barbosa,barnosa,5
barbosa,barboba,5
barbosa,barbasa,5
barbosa,bartosa,5
barbosa,barbosap,4
barbosa,cbarbosa,4
barbosa,narbosa,4
barbosa,obarbosa,4
barbosa,bairbosa,4
barbosa,baruosa,4
barbosa,birbosa,4
barbosa,barbosi,4
barbosa,bsrbosa,4
barbosa,barbosat,4
barbosa,oarbosa,4
barbosa,baribosa,4
barbosa,barbosad,4
barbosa,baubosa,4
barbosa,barlosa,3
barbosa,bambosa,3
barbosa,sbarbosa,3
barbosa,bapbosa,3
barbosa,barbosaj,3
barbosa,larbosa,3
barbosa,barrosa,3
barbosa,barbora,3
barbosa,barbnsa,3
barbosa,marbosa,2
barbosa,barbisa,2
barbosa,barposa,2
barbosa,carbosa,2
barbosa,barrbosa,2
barbosa,bardosa,2
barbosa,barbqsa,2
barbosa,barlbosa,2
barbosa,bakbosa,2
barbosa,barboca,2
barbosa,vbarbosa,2
barbosa,bariosa,2
barbosa,fbarbosa,2
barbosa,karbosa,2
barbosa,barbesa,2
barbosa,bacbosa,2
barbosa,sarbosa,1
barbosa,barbosh,1
barbosa,btrbosa,1
barbosa,barbosav,1
barbosa,brarbosa,1
barbosa,barbosab,1
barbosa,barbbsa,1
barbosa,barbgsa,1
barbosa,nbarbosa,1
barbosa,barosa,1
barbosa,tarbosa,1
barbosa,farbosa,1
barbosa,bprbosa,1
barbosa,barbossa,1
barbosa,barbjsa,1
barbosa,barbpsa,1
barbosa,bargosa,1
barbosa,varbosa,1
barbosa,bvrbosa,1
barbosa,barobosa,1
barbosa,mbarbosa,1
barbosa,barbooa,1
barbosa,yarbosa,1
barbosa,barbosak,1
barbosa,bdrbosa,1
barbosa,barabosa,1
barbosa,barboa,1
barbosa,barbosah,1
barbosa,jarbosa,1
barbosa,babbosa,1
barbosa,bartbosa,1
barbosa,barfosa,1
barbosa,barcosa,1
barbosa,lbarbosa,1
barbosa,barboga,1
barbosa,barbosar,1
barbosa,ybarbosa,1
barbosa,barbusa,1
barbosa,barbosr,1
barbosa,bhrbosa,1
barbosa,barboisa,1
barbosa,barbosia,1
barbosa,rbarbosa,1
barcellos,barcellos,566
barcellos,barccllos,41
barcellos,bareellos,21
barcellos,barcollos,19
barcellos,barcelios,17
barcellos,barcello,8
barcellos,darcellos,6
barcellos,barceilos,6
barcellos,rarcellos,6
barcellos,uarcellos,6
barcellos,bnrcellos,5
barcellos,harcellos,5
barcellos,baroellos,5
barcellos,bacellos,5
barcellos,marcellos,3
barcellos,barcellose,3
barcellos,baicellos,2
barcellos,parcellos,2
barcellos,barcelloi,2
barcellos,barcellcs,2
barcellos,barceltos,2
barcellos,barceljos,2
barcellos,barcelos,2
barcellos,baercellos,1
barcellos,barcelloh,1
barcellos,barcelloe,1
barcellos,barcellus,1
barcellos,barcellosa,1
barcellos,barcellns,1
barcellos,barcetlos,1
barcellos,arcellos,1
barcellos,earcellos,1
barcellos,bavcellos,1
barcellos,barcelfos,1
barcellos,bdrcellos,1
barcellos,barcnllos,1
barcellos,barcellosj,1
barcellos,barcellob,1
barcellos,bercellos,1
barcellos,larcellos,1
barcellos,bhrcellos,1
baring,baring,6
bulhoes,bulhoes,2539
bulhoes,bulhoos,13
bulhoes,bulcoes,12
bulhoes,bulhses,12
bulhoes,bulhos,9
bulhoes,hulhoes,8
bulhoes,bulhoe,8
bulhoes,rulhoes,7
bulhoes,bulhocs,6
bulhoes,bulhoese,5
bulhoes,buihoes,5
bulhoes,uulhoes,4
bulhoes,bulhbes,3
bulhoes,bulhoas,3
bulhoes,bulhoea,3
bulhoes,bulhoeso,3
bulhoes,bulhoesc,2
bulhoes,bulhoesa,2
bulhoes,bulhues,2
bulhoes,mulhoes,2
bulhoes,bulhoesi,2
bulhoes,buloes,2
bulhoes,bulihoes,2
bulhoes,bulboes,2
bulhoes,buluoes,2
bulhoes,bulhoesj,1
bulhoes,bulheoes,1
bulhoes,buljoes,1
bulhoes,bulhogs,1
bulhoes,belhoes,1
bulhoes,eulhoes,1
bulhoes,ebulhoes,1
bulhoes,bulhies,1
bulhoes,bulhoei,1
bulhoes,bnlhoes,1
bulhoes,oulhoes,1
bulhoes,blulhoes,1
bulhoes,bulhoesn,1
bulhoes,bulhors,1
bulhoes,ulhoes,1
bulhoes,jbulhoes,1
bulhoes,bulhoet,1
bulhoes,bjlhoes,1
bulhoes,bulhoeb,1
bulhoes,bulqoes,1
bulhoes,bullhoes,1
bulhoes,bulhoss,1
bulhoes,cbulhoes,1
bulhoes,mbulhoes,1
bulhoes,bulhoen,1
bulhoes,bulhges,1
bulhoes,buthoes,1
bulhoes,bulhces,1
bulhoes,bulnoes,1
bulhoes,nulhoes,1
bulhoes,bulhois,1
bulhoes,dulhoes,1
bulhoes,lulhoes,1
bulhoes,bulhdes,1
bulhoes,bulhoest,1
calmon,calmon,1343
calogeras,calogeras,248
calogeras,calogcras,46
calogeras,callogeras,26
calogeras,calogoras,14
calogeras,caiogeras,9
calogeras,calageras,4
calogeras,calogerase,3
calogeras,cslogeras,3
calogeras,calogerns,2
calogeras,galogeras,2
calogeras,calojeras,2
calogeras,calogera,2
calogeras,culogeras,2
calogeras,calogeraa,2
calogeras,caloceras,1
calogeras,calogerus,1
calogeras,calugeras,1
calogeras,caloberas,1
calogeras,calogeraso,1
calogeras,calogerasc,1
calogeras,oalogeras,1
calogeras,calpgeras,1
calogeras,calogtras,1
calogeras,cailogeras,1
calogeras,calogeris,1
calogeras,calogerai,1
calogeras,catogeras,1
calogeras,calcgeras,1
calogeras,calogecas,1
calogeras,calogerap,1
calogeras,ecalogeras,1
calogeras,caloperas,1
calogeras,caloyeras,1
calogeras,calogefas,1
campista,campista,2301
campista,camplsta,145
campista,campisla,136
campista,campisia,33
campista,oampista,18
campista,cnmpista,16
campista,campisto,11
campista,campistao,9
campista,campistn,9
campista,campiata,9
campista,cumpista,8
campista,campistaa,8
campista,compista,8
campista,camptsta,8
campista,campistu,7
campista,campiita,6
campista,gampista,6
campista,camnista,5
campista,camipista,5
campista,campist,5
campista,campisfa,4
campista,campistae,4
campista,icampista,3
campista,cimpista,3
campista,ampista,3
campista,camtpista,2
campista,campieta,2
campista,campisca,2
campista,camoista,2
campista,camposta,2
campista,campiste,2
campista,camjpista,2
campista,dcampista,2
campista,caimpista,2
campista,eampista,2
campista,campistac,2
campista,campistai,2
campista,campistaj,2
campista,campibta,2
campista,campifta,1
campista,campinta,1
campista,camprsta,1
campista,camrpista,1
campista,camcista,1
campista,cvmpista,1
campista,campistr,1
campista,campicta,1
campista,campjsta,1
campista,cmpista,1
campista,campistj,1
campista,lampista,1
campista,campistta,1
campista,campitta,1
campista,campikta,1
campista,ocampista,1
campista,uampista,1
campista,pampista,1
campista,cpmpista,1
campista,tampista,1
campista,ecampista,1
campista,campisti,1
campista,campigta,1
campista,ctmpista,1
campista,campilsta,1
campos,campos,12554
carlos,carlos,23351
carvalhal,carvalhal,724
carvalhal,carvalhai,12
carvalhal,carvaihal,11
carvalhal,carvalhol,11
carvalhal,carvalbal,9
carvalhal,carvalhnl,7
carvalhal,curvalhal,6
carvalhal,oarvalhal,6
carvalhal,carvnlhal,6
carvalhal,carvalhalo,5
carvalhal,jarvalhal,5
carvalhal,carvolhal,5
carvalhal,carvalhale,4
carvalhal,arvalhal,4
carvalhal,caryalhal,4
carvalhal,corvalhal,4
carvalhal,cnrvalhal,4
carvalhal,garvalhal,3
carvalhal,carvulhal,2
carvalhal,carvalhao,2
carvalhal,carvalhala,2
carvalhal,carvalhas,2
carvalhal,carralhal,1
carvalhal,carvaehal,1
carvalhal,carcalhal,1
carvalhal,carvalhul,1
carvalhal,carvalhalt,1
carvalhal,iarvalhal,1
carvalhal,carvalhaa,1
carvalhal,cairvalhal,1
carvalhal,carvalhac,1
carvalhal,carvalhae,1
carvalhal,ecarvalhal,1
carvalhal,uarvalhal,1
carvalhal,icarvalhal,1
carvalhal,carvslhal,1
carvalhal,earvalhal,1
carvalhal,carfalhal,1
carvalhal,caxvalhal,1
carvalhal,carvahal,1
carvalhal,caivalhal,1
carvalhal,carvalhil,1
cincinato,cincinato,445
cincinato,cincinnato,22
cincinato,cineinato,18
cincinato,cincinalo,15
cincinato,cinoinato,15
cincinato,cinclnato,12
cincinato,clncinato,8
cincinato,cincinnto,8
cincinato,oincinato,5
cincinato,cinciuato,4
cincinato,ciucinato,3
cincinato,cincinaio,3
cincinato,cincinati,2
cincinato,ecincinato,2
cincinato,cinctnato,2
cincinato,incinato,2
cincinato,gincinato,2
cincinato,cincinjto,1
cincinato,uincinato,1
cincinato,cincinafo,1
cincinato,cancinato,1
cincinato,cincinatoe,1
cincinato,cincinatot,1
cincinato,cincinuto,1
cincinato,rcincinato,1
cincinato,cincjnato,1
cincinato,cincinatt,1
cincinato,nincinato,1
cincinato,vincinato,1
cincinato,cincinate,1
cincinato,cinvcinato,1
cincinato,cicinato,1
cincinato,ocincinato,1
coelho,coelho,7980
costa,costa,20119
custodio,custodio,1524
custodio,cuslodio,9
custodio,custoio,7
custodio,custodo,6
custodio,ecustodio,5
custodio,custoaio,3
custodio,cusiodio,3
custodio,ustodio,3
custodio,acustodio,3
custodio,gustodio,3
custodio,custodlo,2
custodio,oustodio,2
custodio,custudio,2
custodio,icustodio,2
custodio,custodii,2
custodio,custodioa,2
custodio,ocustodio,2
custodio,custodioe,2
custodio,custodis,1
custodio,dcustodio,1
custodio,custodiov,1
custodio,ctstodio,1
custodio,cbstodio,1
custodio,scustodio,1
custodio,crstodio,1
custodio,custodioc,1
custodio,cuatodio,1
custodio,custouio,1
custodio,custodiop,1
custodio,custosdio,1
custodio,custodiol,1
custodio,custodiot,1
custodio,custotdio,1
custodio,custojio,1
custodio,custidio,1
custodio,iustodio,1
custodio,cuitodio,1
custodio,cusetodio,1
custodio,custodie,1
custodio,tcustodio,1
custodio,custodi,1
custodio,custldio,1
custodio,custodioi,1
custodio,custodif,1
de,de,1604397
deutsche,deutsche,52
deutsche,deutsch,25
deutsche,deutscher,9
deutsche,odeutsche,3
deutsche,deutsches,1
deutsche,dectsche,1
deutsche,deutschde,1
deutsche,adeutsche,1
deutsche,deuttche,1
deutsche,deutiche,1
duarte,duarte,3489
ellis,ellis,603
felisbello,felisbello,207
felisbello,fclisbello,35
felisbello,felisbcllo,15
felisbello,felisbollo,10
felisbello,felisberlo,10
felisbello,folisbello,10
felisbello,felisbella,7
felisbello,felisbeilo,5
felisbello,feiisbello,4
felisbello,felishello,4
felisbello,fellsbello,4
felisbello,feliibello,3
felisbello,efelisbello,3
felisbello,elisbello,2
felisbello,felisuello,2
felisbello,feltsbello,1
felisbello,felisbetlo,1
felisbello,felisbtllo,1
felisbello,pelisbello,1
felisbello,felisbelto,1
felisbello,ifelisbello,1
felisbello,feliabello,1
felisbello,felisbelloi,1
felisbello,felisrello,1
felisbello,velisbello,1
filho,filho,15401
francisco,francisco,33843
francisco,francisca,986
francisco,franoisco,352
francisco,rancisco,291
francisco,prancisco,173
francisco,efrancisco,160
francisco,franeisco,105
francisco,francisoo,85
francisco,frnncisco,85
francisco,franciseo,75
francisco,erancisco,73
francisco,ofrancisco,62
francisco,ifrancisco,52
francisco,fraucisco,51
francisco,francesco,47
francisco,krancisco,45
francisco,franciico,40
francisco,franciaco,33
francisco,francisc,31
francisco,froncisco,29
francisco,afrancisco,29
francisco,franciscoi,27
francisco,francsco,24
francisco,fiancisco,23
francisco,cfrancisco,22
francisco,vrancisco,21
francisco,franciscoa,19
francisco,jfrancisco,18
francisco,rrancisco,16
francisco,framcisco,16
francisco,franciscod,16
francisco,fruncisco,15
francisco,irancisco,14
francisco,francitco,13
francisco,francibco,12
francisco,franciscof,12
francisco,franclsco,12
francisco,franciscol,12
francisco,franciscn,12
francisco,sfrancisco,11
francisco,franccsco,11
francisco,brancisco,11
francisco,franciscoo,11
francisco,franciscoe,10
francisco,francisci,9
francisco,franrisco,9
francisco,franciso,9
francisco,franciscoj,9
francisco,trancisco,9
francisco,franciscom,8
francisco,francisro,8
francisco,frahcisco,8
francisco,hrancisco,8
francisco,francico,8
francisco,tfrancisco,7
francisco,franciscc,7
francisco,firancisco,7
francisco,franciscoc,7
francisco,franciscu,7
francisco,franciscot,7
francisco,francieco,7
francisco,rfrancisco,6
francisco,franciscox,6
francisco,urancisco,6
francisco,francifco,6
francisco,frantisco,6
francisco,francirco,6
francisco,francosco,6
francisco,fraacisco,6
francisco,franciscob,6
francisco,fvancisco,6
francisco,franctsco,5
francisco,vfrancisco,5
francisco,franciscor,5
francisco,ftancisco,5
francisco,ufrancisco,5
francisco,franciscon,5
francisco,franciscos,5
francisco,lfrancisco,4
francisco,franciisco,4
francisco,franciscp,4
francisco,lrancisco,4
francisco,fraocisco,4
francisco,franicisco,4
francisco,franciscr,4
francisco,francisico,3
francisco,fraincisco,3
francisco,fancisco,3
francisco,fuancisco,3
francisco,ffrancisco,3
francisco,franciscog,3
francisco,francisct,3
francisco,fraxcisco,3
francisco,francisce,3
francisco,franuisco,3
francisco,fyancisco,3
francisco,franciscop,3
francisco,fracisco,3
francisco,franciscov,3
francisco,francisjo,2
francisco,ffancisco,2
francisco,francisao,2
francisco,nfrancisco,2
francisco,wfrancisco,2
francisco,francjsco,2
francisco,frsncisco,2
francisco,frncisco,2
francisco,frrancisco,2
francisco,franciscj,2
francisco,franciuco,2
francisco,francisto,2
francisco,franscisco,2
francisco,dfrancisco,2
francisco,franiisco,2
francisco,francasco,2
francisco,francisio,2
francisco,francisso,2
francisco,francipco,2
francisco,franciscio,2
francisco,francijco,2
francisco,francusco,2
francisco,francrsco,2
francisco,francioco,2
francisco,franciscf,1
francisco,fratncisco,1
francisco,fraicisco,1
francisco,frencisco,1
francisco,fransisco,1
francisco,franciscco,1
francisco,franciscoq,1
francisco,francimco,1
francisco,franyisco,1
francisco,gfrancisco,1
francisco,mfrancisco,1
francisco,frincisco,1
francisco,frtncisco,1
francisco,flrancisco,1
francisco,francisrco,1
francisco,francfsco,1
francisco,francitsco,1
francisco,francvsco,1
francisco,fratcisco,1
francisco,franpisco,1
francisco,fhancisco,1
francisco,francivco,1
francisco,frascisco,1
francisco,fpancisco,1
francisco,fkancisco,1
francisco,fcancisco,1
francisco,feancisco,1
francisco,franciscb,1
francisco,flancisco,1
francisco,francidco,1
francisco,orancisco,1
francisco,frawcisco,1
francisco,frabcisco,1
francisco,franciscao,1
francisco,fbancisco,1
francisco,hfrancisco,1
francisco,franciscou,1
francisco,franfcisco,1
francisco,frfancisco,1
francisco,franciscgo,1
francisco,franvisco,1
francisco,francssco,1
francisco,jrancisco,1
francisco,frsancisco,1
francisco,francispo,1
francisco,fraancisco,1
francisco,francisqo,1
francisco,franisco,1
francisco,crancisco,1
francisco,ftrancisco,1
francisco,franciasco,1
francisco,frarcisco,1
francisco,franaisco,1
francisco,francisdo,1
francisco,pfrancisco,1
freire,freire,5070
glycerio,glycerio,1131
glycerio,glyccrio,135
glycerio,glycorio,97
glycerio,glycerlo,40
glycerio,glyeerio,37
glycerio,clycerio,24
glycerio,giycerio,20
glycerio,glvcerio,19
glycerio,olycerio,19
glycerio,glyoerio,15
glycerio,lycerio,7
glycerio,ilycerio,6
glycerio,qlycerio,5
glycerio,glycerioo,4
glycerio,glycero,4
glycerio,glyceria,4
glycerio,gllcerio,3
glycerio,glyceiio,3
glycerio,glycerioe,3
glycerio,glycerios,3
glycerio,glycerioa,3
glycerio,glycerip,3
glycerio,glicerio,2
glycerio,glycerfo,2
glycerio,glycerto,2
glycerio,glyceris,2
glycerio,glycerid,2
glycerio,eglycerio,2
glycerio,glycerib,2
glycerio,llycerio,1
glycerio,ulycerio,1
glycerio,gtycerio,1
glycerio,tglycerio,1
glycerio,gkycerio,1
glycerio,glycerioj,1
glycerio,glygerio,1
glycerio,glyckrio,1
glycerio,gsycerio,1
glycerio,glycetio,1
glycerio,ghycerio,1
glycerio,grlycerio,1
glycerio,jlycerio,1
glycerio,glyceriu,1
glycerio,glyrerio,1
glycerio,iglycerio,1
glycerio,glycenio,1
glycerio,elycerio,1
glycerio,glyceric,1
glycerio,glyceri,1
glycerio,glyceriq,1
glycerio,glycefio,1
glycerio,oglycerio,1
goschen,goschen,4
goschen,boschen,3
goschen,ioschen,1
goschen,goschon,1
goschen,goschem,1
goschen,oschen,1
hasslocher,hasslocher,296
hasslocher,hasslochcr,38
hasslocher,hasslochor,25
hasslocher,hassloeher,11
hasslocher,hasslocker,8
hasslocher,hasslooher,5
hasslocher,hnsslocher,4
hasslocher,hasilocher,3
hasslocher,hasslocber,3
hasslocher,haaslocher,3
hasslocher,hasblocher,2
hasslocher,masslocher,2
hasslocher,hassiocher,2
hasslocher,habslocher,2
hasslocher,haslocher,2
hasslocher,uasslocher,1
hasslocher,hasstocher,1
hasslocher,hassloche,1
hasslocher,hasslocheu,1
hasslocher,hasslocheo,1
hasslocher,husslocher,1
hasslocher,hasslecher,1
hasslocher,hasslochen,1
hasslocher,hasslociher,1
hasslocher,asslocher,1
hasslocher,hisslocher,1
hasslocher,hasalocher,1
hermes,hermes,10636
homero,homero,935
lewandowski,lewandowski,3
lewandowski,lewandowsky,1
lewandowski,eewandowski,1
lewandowski,clewandowski,1
lima,lima,14398
lindolpho,lindolpho,442
lindolpho,indolpho,31
lindolpho,llndolpho,28
lindolpho,lyndolpho,22
lindolpho,liudolpho,9
lindolpho,liodolpho,7
lindolpho,lindolpbo,7
lindolpho,lindoipho,6
lindolpho,lndolpho,4
lindolpho,elindolpho,4
lindolpho,landolpho,3
lindolpho,dindolpho,2
lindolpho,liindolpho,2
lindolpho,lindolph,2
lindolpho,lindojpho,2
lindolpho,lindolnho,2
lindolpho,lihdolpho,2
lindolpho,licdolpho,1
lindolpho,ltndolpho,1
lindolpho,lidolpho,1
lindolpho,lindolipho,1
lindolpho,lindolphol,1
lindolpho,liadolpho,1
lindolpho,lvndolpho,1
lindolpho,lindoupho,1
lindolpho,ljndolpho,1
lindolpho,lsndolpho,1
lindolpho,linuolpho,1
lindolpho,lindotpho,1
lindolpho,alindolpho,1
lindolpho,lindolpuo,1
lindolpho,bindolpho,1
lindolpho,lindoilpho,1
lindolpho,lindulpho,1
lindolpho,lindolpno,1
lindolpho,lindnlpho,1
lindolpho,eindolpho,1
lindolpho,lindoloho,1
lindolpho,lindolphq,1
lindolpho,lindolphn,1
lindolpho,linddlpho,1
luiz,luiz,22301
lyonnais,lyonnais,7
lyonnais,lyonais,3
lyonnais,lyonnaise,1
machado,machado,14489
machado,achado,258
machado,maohado,85
machado,machadoe,56
machado,malhado,42
machado,machados,38
machado,maehado,30
machado,mnchado,25
machado,marchado,25
machado,manchado,24
machado,machadoa,24
machado,machadoo,22
machado,manhado,18
machado,machndo,17
machado,machadoc,16
machado,pachado,15
machado,tachado,14
machado,machad,14
machado,amachado,14
machado,macbado,13
machado,muchado,12
machado,imachado,12
machado,rachado,11
machado,macado,10
machado,machudo,9
machado,machadoi,9
machado,machauo,8
machado,machadon,8
machado,machadi,7
machado,marhado,7
machado,maichado,6
machado,machaoo,6
machado,macnado,6
machado,cachado,6
machado,omachado,5
machado,madhado,5
machado,macihado,5
machado,machadoj,4
machado,oachado,4
machado,machao,4
machado,lachado,4
machado,iachado,4
machado,dachado,4
machado,machaido,4
machado,machido,4
machado,uachado,3
machado,miachado,3
machado,macaado,3
machado,machadp,3
machado,machada,3
machado,machadod,3
machado,maihado,3
machado,maahado,3
machado,machadof,3
machado,machodo,3
machado,fachado,3
machado,mlachado,3
machado,machalo,3
machado,machador,2
machado,jmachado,2
machado,emachado,2
machado,machadb,2
machado,machaco,2
machado,machadc,2
machado,machadu,2
machado,machadq,2
machado,mabhado,2
machado,cmachado,2
machado,mjachado,2
machado,umachado,2
machado,macjhado,2
machado,machano,2
machado,machadov,2
machado,mauhado,2
machado,machadt,2
machado,machaio,2
machado,machaao,2
machado,mochado,2
machado,machato,2
machado,mathado,2
machado,machapo,1
machado,mavhado,1
machado,vachado,1
machado,machiado,1
machado,michado,1
machado,machafdo,1
machado,macpado,1
machado,mchado,1
machado,macuado,1
machado,maclado,1
machado,dmachado,1
machado,machsdo,1
machado,hachado,1
machado,machadl,1
machado,eachado,1
machado,machajo,1
machado,rmachado,1
machado,kmachado,1
machado,machadoq,1
machado,machadol,1
machado,mxchado,1
machado,machbdo,1
machado,vmachado,1
machado,wachado,1
machado,machadn,1
machado,mashado,1
machado,machldo,1
machado,maciado,1
machado,mauchado,1
machado,mcchado,1
machado,machaso,1
machado,machadj,1
machado,aachado,1
machado,machamo,1
machado,matchado,1
maciel,maciel,1557
martim,martim,264
miguel,miguel,6151
moniz,moniz,1506
murtinho,murtinho,994
murtinho,murlinho,41
murtinho,murtlnho,35
murtinho,mnrtinho,19
murtinho,murtinbo,14
murtinho,muriinho,13
murtinho,murtiuho,11
murtinho,urtinho,6
murtinho,mortinho,5
murtinho,murtinhoe,4
murtinho,imurtinho,4
murtinho,murtimho,3
murtinho,murrinho,3
murtinho,murtinuo,3
murtinho,lurtinho,2
murtinho,murttnho,2
murtinho,murtinno,2
murtinho,mirtinho,2
murtinho,murtfnho,1
murtinho,murtxnho,1
murtinho,murtiiho,1
murtinho,curtinho,1
murtinho,murtinhoi,1
murtinho,muntinho,1
murtinho,murtinhoc,1
murtinho,emurtinho,1
murtinho,murtinhoo,1
murtinho,murtinhoa,1
murtinho,murtinko,1
murtinho,mureinho,1
murtinho,omurtinho,1
murtinho,msrtinho,1
murtinho,murtihho,1
murtinho,murtinhn,1
murtinho,jmurtinho,1
murtinho,murtinha,1
murtinho,murtiaho,1
murtinho,murtiinho,1
murtinho,muirtinho,1
murtinho,murtjnho,1
murtinho,lmurtinho,1
orlando,orlando,932
orlando,orcando,156
orlando,orlado,22
orlando,orlindo,17
orlando,oreando,12
orlando,oriando,11
orlando,oroando,8
orlando,rlando,8
orlando,orlandi,7
orlando,oslando,7
orlando,ormando,4
orlando,aorlando,4
orlando,olando,4
orlando,orlnndo,4
orlando,oorlando,3
orlando,orlanda,3
orlando,eorlando,3
orlando,orlaudo,3
orlando,oilando,3
orlando,oolando,2
orlando,iorlando,2
orlando,irlando,2
orlando,ortando,2
orlando,ordando,2
orlando,porlando,2
orlando,orlano,2
orlando,orlandio,2
orlando,corlando,1
orlando,orlandoe,1
orlando,ordlando,1
orlando,orlandoo,1
orlando,orlanao,1
orlando,orlandmo,1
orlando,orlanlo,1
orlando,oclando,1
orlando,orlsndo,1
orlando,orlundo,1
orlando,sorlando,1
orlando,orjando,1
orlando,vorlando,1
orlando,orrando,1
orlando,arlando,1
orlando,orland,1
orlando,orlndo,1
orlando,oflando,1
orlando,orllndo,1
orlando,oalando,1
orlando,orlandoc,1
orlando,orlandoh,1
orlando,orvando,1
orlando,orlandt,1
paixao,paixao,1444
paula,paula,7326
paulo,paulo,37146
pecanha,pecanha,2338
pecanha,pccanha,225
pecanha,pocanha,58
pecanha,pecanba,22
pecanha,peeanha,15
pecanha,pecauha,14
pecanha,pecanhae,14
pecanha,pecnnha,13
pecanha,peconha,12
pecanha,pecanhn,10
pecanha,ecanha,8
pecanha,pecanhaa,7
pecanha,tecanha,7
pecanha,pacanha,6
pecanha,pecanhao,6
pecanha,pecahha,6
pecanha,pecanhi,5
pecanha,pecaaha,5
pecanha,pecanh,5
pecanha,fecanha,5
pecanha,peanha,4
pecanha,pecanua,4
pecanha,peqanha,4
pecanha,pecamha,3
pecanha,pecanho,3
pecanha,pecunha,3
pecanha,peoanha,3
pecanha,pecinha,2
pecanha,pecanhac,2
pecanha,pecanhaj,2
pecanha,pecaniha,2
pecanha,pecanna,2
pecanha,pecanhai,2
pecanha,ptcanha,2
pecanha,recanha,2
pecanha,pecanhs,2
pecanha,pfcanha,2
pecanha,pecaqha,1
pecanha,tpecanha,1
pecanha,pecaxha,1
pecanha,pecanhu,1
pecanha,pecanhar,1
pecanha,pecanhan,1
pecanha,pwcanha,1
pecanha,pecainha,1
pecanha,prcanha,1
pecanha,pecapha,1
pecanha,lecanha,1
pecanha,pecanhak,1
pecanha,ppcanha,1
pecanha,pfecanha,1
pecanha,pncanha,1
pecanha,cpecanha,1
pecanha,pecanlha,1
pecanha,epecanha,1
pecanha,peganha,1
pecanha,pucanha,1
pecanha,pelanha,1
pecanha,pecenha,1
pecanha,jpecanha,1
pecanha,ipecanha,1
pecanha,pcanha,1
peixoto,peixoto,4803
peixoto,poixoto,139
peixoto,peixolo,89
peixoto,eixoto,28
peixoto,peixoton,14
peixoto,peixotoe,13
peixoto,peixoio,12
peixoto,peixotoo,9
peixoto,ipeixoto,8
peixoto,peixot,7
peixoto,pcixoto,5
peixoto,peixotoi,5
peixoto,peixotoc,4
peixoto,peixotos,4
peixoto,epeixoto,4
peixoto,peixotoa,4
peixoto,pexoto,3
peixoto,apeixoto,3
peixoto,ptixoto,3
peixoto,speixoto,3
peixoto,peiaoto,3
peixoto,paixoto,2
peixoto,peixeto,2
peixoto,pelxoto,2
peixoto,peixto,2
peixoto,peuxoto,2
peixoto,reixoto,2
peixoto,peixito,2
peixoto,peixotop,1
peixoto,peixuto,1
peixoto,peixoo,1
peixoto,pejxoto,1
peixoto,pefxoto,1
peixoto,ppixoto,1
peixoto,peioto,1
peixoto,peisoto,1
peixoto,peilxoto,1
peixoto,peicoto,1
peixoto,dpeixoto,1
peixoto,peixofo,1
peixoto,peixtoto,1
peixoto,opeixoto,1
peixoto,heixoto,1
peixoto,pfeixoto,1
peixoto,peiroto,1
peixoto,peimoto,1
peixoto,peixotou,1
peixoto,peixwto,1
peixoto,ceixoto,1
peixoto,peixotom,1
peixoto,peivoto,1
peixoto,pfixoto,1
peixoto,peixoro,1
peixoto,pedxoto,1
peixoto,peixoao,1
peixoto,peixato,1
peixoto,perxoto,1
peixoto,peixotol,1
peixoto,ieixoto,1
peixoto,pevixoto,1
peixoto,peixote,1
peixoto,bpeixoto,1
peixoto,peiixoto,1
peixoto,veixoto,1
peixoto,petxoto,1
peixoto,peixoito,1
peixoto,pbixoto,1
peixoto,peaxoto,1
peixoto,peikoto,1
peixoto,peitoto,1
peixoto,peixotoj,1
pena,pena,4137
penna,penna,5308
pinheiro,pinheiro,10047
pinheiro,pinhoiro,130
pinheiro,panheiro,92
pinheiro,rinheiro,67
pinheiro,pinheira,45
pinheiro,inheiro,27
pinheiro,pinheiroe,22
pinheiro,opinheiro,14
pinheiro,pinheiroo,12
pinheiro,tinheiro,12
pinheiro,finheiro,10
pinheiro,pinheir,9
pinheiro,pinheirom,9
pinheiro,epinheiro,8
pinheiro,linheiro,8
pinheiro,pinteiro,8
pinheiro,ipinheiro,7
pinheiro,pinbeiro,6
pinheiro,pinhciro,6
pinheiro,pineiro,5
pinheiro,pinhtiro,5
pinheiro,pjnheiro,5
pinheiro,piuheiro,5
pinheiro,iinheiro,5
pinheiro,cpinheiro,4
pinheiro,ainheiro,4
pinheiro,pinhriro,3
pinheiro,pinhelro,3
pinheiro,pinheiroi,3
pinheiro,pinheiron,3
pinheiro,pinheirov,3
pinheiro,binheiro,3
pinheiro,piniheiro,3
pinheiro,spinheiro,3
pinheiro,pinhuiro,3
pinheiro,pinneiro,3
pinheiro,pinheiio,3
pinheiro,pinheirb,2
pinheiro,oinheiro,2
pinheiro,prnheiro,2
pinheiro,zinheiro,2
pinheiro,pinhiro,2
pinheiro,pinueiro,2
pinheiro,ptnheiro,2
pinheiro,pinheiroj,2
pinheiro,pimheiro,2
pinheiro,pinheiroc,2
pinheiro,pinkeiro,2
pinheiro,jpinheiro,2
pinheiro,picheiro,2
pinheiro,piaheiro,2
pinheiro,pirnheiro,2
pinheiro,pinhero,2
pinheiro,pinherro,2
pinheiro,pinhpiro,2
pinheiro,pinheico,2
pinheiro,rpinheiro,2
pinheiro,pinheuro,2
pinheiro,pinheino,2
pinheiro,pinlheiro,2
pinheiro,cinheiro,1
pinheiro,pinheird,1
pinheiro,pinhfiro,1
pinheiro,plnheiro,1
pinheiro,pinjeiro,1
pinheiro,sinheiro,1
pinheiro,psnheiro,1
pinheiro,pinheimo,1
pinheiro,pitnheiro,1
pinheiro,pnnheiro,1
pinheiro,hinheiro,1
pinheiro,punheiro,1
pinheiro,pinheirox,1
pinheiro,pinhbiro,1
pinheiro,pinheirou,1
pinheiro,pinheiru,1
pinheiro,pinheiroa,1
pinheiro,pinhejro,1
pinheiro,pinheito,1
pinheiro,pinhieiro,1
pinheiro,pinheirp,1
pinheiro,pidheiro,1
pinheiro,pinheirs,1
pinheiro,pinhkiro,1
pinheiro,pipheiro,1
pinheiro,piwheiro,1
pinheiro,pioheiro,1
pinheiro,pinheirof,1
pinheiro,pinhetro,1
pinheiro,apinheiro,1
pinheiro,vinheiro,1
pinheiro,ginheiro,1
pinheiro,npinheiro,1
pinheiro,gpinheiro,1
pinheiro,piheiro,1
ramiro,ramiro,263
ramos,ramos,6602
rodolpho,rodolpho,2238
rodolpho,rodoipho,34
rodolpho,hodolpho,24
rodolpho,kodolpho,24
rodolpho,rodolpbo,16
rodolpho,bodolpho,15
rodolpho,uodolpho,13
rodolpho,erodolpho,10
rodolpho,rodolnho,10
rodolpho,odolpho,9
rodolpho,rcdolpho,8
rodolpho,rodolphoa,6
rodolpho,rodolph,5
rodolpho,rodojpho,5
rodolpho,rudolpho,5
rodolpho,rodotpho,4
rodolpho,rouolpho,4
rodolpho,rodolpuo,3
rodolpho,roiolpho,3
rodolpho,rodolphb,3
rodolpho,rodolphp,3
rodolpho,frodolpho,2
rodolpho,rpdolpho,2
rodolpho,rodnlpho,2
rodolpho,rodoilpho,2
rodolpho,rodulpho,2
rodolpho,rodolipho,2
rodolpho,rodolphoo,2
rodolpho,rndolpho,2
rodolpho,nodolpho,2
rodolpho,rodopho,2
rodolpho,rodolfpho,2
rodolpho,rodofpho,2
rodolpho,rodolphom,2
rodolpho,rtodolpho,2
rodolpho,rodelpho,2
rodolpho,rodolphoi,2
rodolpho,rodblpho,2
rodolpho,rojolpho,2
rodolpho,podolpho,2
rodolpho,rodolcho,2
rodolpho,roidolpho,1
rodolpho,rdolpho,1
rodolpho,rodolphou,1
rodolpho,rodolphos,1
rodolpho,rodolphq,1
rodolpho,rodolrho,1
rodolpho,rodolphi,1
rodolpho,rododpho,1
rodolpho,rodoloho,1
rodolpho,radolpho,1
rodolpho,trodolpho,1
rodolpho,roddlpho,1
rodolpho,rodolphy,1
rodolpho,vodolpho,1
rodolpho,rodolphoj,1
rodolpho,rodolphn,1
rodolpho,orodolpho,1
rodolpho,rodoepho,1
rodolpho,rotolpho,1
rodolpho,rodplpho,1
rodolpho,jrodolpho,1
rodolpho,rodovpho,1
rodolpho,rodolphc,1
rodolpho,vrodolpho,1
rodolpho,rodwlpho,1
rodolpho,rojdolpho,1
rodolpho,riodolpho,1
rodolpho,dodolpho,1
rodolpho,iodolpho,1
rodolpho,rodoliho,1
rodolpho,arodolpho,1
rodolpho,rodolvho,1
rodolpho,rodclpho,1
rodolpho,rodolpwo,1
rodolpho,rondolpho,1
rodolpho,rodolphop,1
rodolpho,redolpho,1
rodolpho,rodolphu,1
rodrigues,rodrigues,12615
rodrigues,rodriguos,147
rodrigues,bodrigues,50
rodrigues,hodrigues,47
rodrigues,rodrigue,32
rodrigues,kodrigues,31
rodrigues,odrigues,24
rodrigues,rodriguese,23
rodrigues,uodrigues,18
rodrigues,erodrigues,17
rodrigues,rodriguei,13
rodrigues,rodriguesa,11
rodrigues,rodrigueb,10
rodrigues,rodriguea,10
rodrigues,rodriguesi,10
rodrigues,rodrignes,9
rodrigues,rodrieues,9
rodrigues,orodrigues,8
rodrigues,irodrigues,8
rodrigues,rodrigueso,7
rodrigues,rodricues,7
rodrigues,rodriaues,6
rodrigues,rtodrigues,6
rodrigues,rodrgues,6
rodrigues,rodriuues,6
rodrigues,rcdrigues,6
rodrigues,rudrigues,5
rodrigues,rodriguesc,5
rodrigues,rodiigues,4
rodrigues,rodrlgues,4
rodrigues,roirigues,4
rodrigues,arodrigues,4
rodrigues,rodrisues,4
rodrigues,rodrigucs,4
rodrigues,rodirigues,4
rodrigues,rodrirues,4
rodrigues,lrodrigues,3
rodrigues,rodriguesn,3
rodrigues,rodripues,3
rodrigues,rodtigues,3
rodrigues,rodlrigues,3
rodrigues,rojrigues,3
rodrigues,todrigues,3
rodrigues,trodrigues,3
rodrigues,eodrigues,3
rodrigues,radrigues,3
rodrigues,rodriguesl,2
rodrigues,rbdrigues,2
rodrigues,rodrinues,2
rodrigues,rocrigues,2
rodrigues,jrodrigues,2
rodrigues,rdrigues,2
rodrigues,roarigues,2
rodrigues,rodrigrues,2
rodrigues,rodriguas,2
rodrigues,rodrirgues,2
rodrigues,rodriguet,2
rodrigues,rodrioues,2
rodrigues,rodriguee,2
rodrigues,rourigues,2
rodrigues,ridrigues,2
rodrigues,rodigues,2
rodrigues,rodriguesj,2
rodrigues,crodrigues,2
rodrigues,rodriguesm,2
rodrigues,rodrigiues,2
rodrigues,roorigues,1
rodrigues,rtdrigues,1
rodrigues,rodriguesp,1
rodrigues,dodrigues,1
rodrigues,rodrigmes,1
rodrigues,rodrigoes,1
rodrigues,rodpigues,1
rodrigues,roduigues,1
rodrigues,rlodrigues,1
rodrigues,rodriguesf,1
rodrigues,rodrjgues,1
rodrigues,rolrigues,1
rodrigues,rodritues,1
rodrigues,rodriguesv,1
rodrigues,rddrigues,1
rodrigues,drodrigues,1
rodrigues,rodrigus,1
rodrigues,redrigues,1
rodrigues,rodriques,1
rodrigues,iodrigues,1
rodrigues,modrigues,1
rodrigues,rodriguesd,1
rodrigues,rrodrigues,1
rodrigues,rodrijues,1
rodrigues,rodrifgues,1
rodrigues,rodriiues,1
rodrigues,nodrigues,1
rodrigues,rodrrigues,1
rodrigues,rodriguts,1
rodrigues,jodrigues,1
rodrigues,qrodrigues,1
rodrigues,riodrigues,1
rodrigues,rodriguess,1
rodrigues,rodritgues,1
rodrigues,rodrigaes,1
rodrigues,rodriguesb,1
rodrigues,rodriguns,1
rodrigues,rodrvgues,1
rodrigues,roidrigues,1
rodrigues,aodrigues,1
rodrigues,nrodrigues,1
rodrigues,rndrigues,1
rodrigues,rodxigues,1
rodrigues,roddrigues,1
rodrigues,rpdrigues,1
rodrigues,rodrigpes,1
rodrigues,rotrigues,1
rodrigues,rodrikues,1
rodrigues,rodrigueg,1
rothschild,rothschild,93
rothschild,rotschild,24
rothschild,rothschilds,15
rothschild,rothsohild,14
rothschild,rothschlld,9
rothschild,rottschild,4
rothschild,roteschild,2
rothschild,kothschild,2
rothschild,bothschild,1
rothschild,ruthschild,1
rothschild,roihschild,1
rothschild,rothsghild,1
rothschild,rothshild,1
rothschild,rothbchild,1
rothschild,rothchild,1
rothschild,rothschildl,1
rothschild,rothschtld,1
rothschild,rothschiid,1
rothschild,rolhschild,1
rothschild,rothischild,1
rothschild,rothscbild,1
rothschild,uothschild,1
rothschild,rothschitd,1
rothschild,prothschild,1
rothschild,rcthschild,1
rothschild,rothtchild,1
rothschild,rothscild,1
rothschild,rotchschild,1
rothschild,rothsehild,1
rui,rui,1565
ruy,ruy,5397
sa,sa,31258
salles,salles,5308
santos,santos,32513
sarmento,sarmento,676
sarmento,samento,207
sarmento,saimento,22
sarmento,sarmonto,16
sarmento,sarsento,10
sarmento,sarmlento,8
sarmento,sareento,7
sarmento,sarpento,6
sarmento,sarcento,5
sarmento,salmento,5
sarmento,sarrento,4
sarmento,armento,3
sarmento,sarjento,3
sarmento,sarmentoe,3
sarmento,surmento,2
sarmento,sardento,2
sarmento,sarvento,2
sarmento,saruento,2
sarmento,sarmnto,2
sarmento,saraento,2
sarmento,snrmento,2
sarmento,sarminto,1
sarmento,sarmente,1
sarmento,sarfento,1
sarmento,sarmenta,1
sarmento,sanmento,1
sarmento,carmento,1
sarmento,sarnento,1
sarmento,sarmenlo,1
sarmento,sarmaento,1
sarmento,esarmento,1
sarmento,narmento,1
sarmento,larmento,1
sarmento,isarmento,1
sarmento,sarmentoo,1
sarmento,sarxento,1
sarmento,sarmentot,1
sarmento,scrmento,1
sarmento,tarmento,1
schroder,schrader,5
schroder,schroder,5
schroder,sehroder,3
schroder,schrodcr,2
schroder,schrocder,2
schroder,scbroder,1
schroder,schloder,1
schroder,schrodor,1
schroder,schrooder,1
schroder,schroter,1
schroder,schnoder,1
schroder,schrnder,1
schroder,scihroder,1
serzedello,serzedello,937
serzedello,serzcdello,57
serzedello,scrzedello,49
serzedello,serzedcllo,46
serzedello,sorzedello,33
serzedello,serzodello,17
serzedello,serzedollo,15
serzedello,serzedelio,14
serzedello,seraedello,5
serzedello,serzedeilo,4
serzedello,seriedello,3
serzedello,oserzedello,2
serzedello,sersedello,2
serzedello,sarzedello,2
serzedello,serzedelle,2
serzedello,sirzedello,2
serzedello,serzedell,2
serzedello,sertedello,2
serzedello,rerzedello,1
serzedello,serzedelto,1
serzedello,serredello,1
serzedello,serzedelld,1
serzedello,seruedello,1
serzedello,serzedbllo,1
serzedello,serzeiello,1
serzedello,serzedellq,1
serzedello,serzeoello,1
serzedello,jerzedello,1
serzedello,serzedeflo,1
serzedello,serzedetlo,1
serzedello,aserzedello,1
serzedello,serzedeldo,1
serzedello,uerzedello,1
serzedello,serzedillo,1
serzedello,iserzedello,1
serzedello,seuzedello,1
serzedello,seizedello,1
serzedello,sercedello,1
serzedello,serzedellof,1
serzedello,serzedelloo,1
serzedello,serzvdello,1
severino,severino,1121
severino,sevcrino,77
severino,severlno,63
severino,soverino,57
severino,scverino,48
severino,sevorino,30
severino,severina,18
severino,severiuo,17
severino,seyerino,6
severino,severin,5
severino,eseverino,5
severino,beverino,4
severino,everino,4
severino,cseverino,3
severino,severiuno,3
severino,severiino,2
severino,severinoe,2
severino,keverino,2
severino,sererino,2
severino,stverino,2
severino,severtno,2
severino,severine,1
severino,seferino,1
severino,severinor,1
severino,siverino,1
severino,severinno,1
severino,steverino,1
severino,ieverino,1
severino,iseverino,1
severino,sevirino,1
severino,severinu,1
severino,severono,1
severino,severinot,1
severino,seveiino,1
severino,feverino,1
severino,sevrrino,1
severino,severinov,1
severino,oeverino,1
severino,sverino,1
severino,sevejino,1
severino,sevtrino,1
severino,heverino,1
severino,severno,1
severino,severiao,1
severino,saverino,1
severino,seveuino,1
severino,severinc,1
severino,severinb,1
severino,ceverino,1
severino,severinos,1
severino,severiho,1
speyer,speyer,3
urbano,urbano,1696
vieira,vieira,9456
wenceslao,wenceslao,1327
wenceslao,wenceslau,431
wenceslao,wenccslao,128
wenceslao,wcnceslao,110
wenceslao,weneeslao,34
wenceslao,ewenceslao,14
wenceslao,venceslao,10
wenceslao,wenceslio,10
wenceslao,wencesiao,9
wenceslao,wencesla,7
wenceslao,weuceslao,7
wenceslao,wencoslao,5
wenceslao,wencestao,5
wenceslao,enceslao,4
wenceslao,wesceslao,4
wenceslao,wenoeslao,4
wenceslao,wonceslao,4
wenceslao,wenceslaoa,3
wenceslao,wenceilao,3
wenceslao,owenceslao,3
wenceslao,wencesluo,3
wenceslao,wfnceslao,2
wenceslao,weinceslao,2
wenceslao,wenceslaa,2
wenceslao,wienceslao,2
wenceslao,wencesjao,2
wenceslao,wenceslap,2
wenceslao,wenceslad,1
wenceslao,wvnceslao,1
wenceslao,tenceslao,1
wenceslao,wenceolao,1
wenceslao,wenceslan,1
wenceslao,wjenceslao,1
wenceslao,wenceslaof,1
wenceslao,wenceslaon,1
wenceslao,webceslao,1
wenceslao,wenceslaj,1
wenceslao,wenceslaoc,1
wenceslao,wtnceslao,1
wenceslao,wemceslao,1
wenceslao,wencesilao,1
wenceslao,iwenceslao,1
wenceslao,swenceslao,1
wenceslao,wencesldo,1
wenceslao,menceslao,1
wenceslao,wenceslaao,1
wenceslao,weoceslao,1
wenceslao,wunceslao,1
wenceslao,weaceslao,1
wenceslao,wenceslno,1
wenceslao,wenceslaq,1
wenceslao,wenceslai,1
wenceslao,wenceslso,1
wenceslao,wrnceslao,1
wenceslao,wencetlao,1
wenceslao,wencslao,1
wenceslao,wanceslao,1
wenceslao,wencrslao,1
wenceslao,wenceslac,1
wenceslao,wencejlao,1
wenceslau,wenceslao,1327
wenceslau,wenceslau,431
wenceslau,wcnceslau,44
wenceslau,wonceslau,41
wenceslau,wenccslau,32
wenceslau,weneeslau,17
wenceslau,wencoslau,16
wenceslau,wenoeslau,11
wenceslau,wencesla,7
wenceslau,wenceslnu,3
wenceslau,wencesiau,3
wenceslau,wenceslou,3
wenceslau,wencealau,2
wenceslau,wenceslaa,2
wenceslau,owenceslau,2
wenceslau,venceslau,2
wenceslau,wencesluu,2
wenceslau,weuceslau,2
wenceslau,wenceslap,2
wenceslau,wenceslad,1
wenceslau,wenteslau,1
wenceslau,enceslau,1
wenceslau,wencesfau,1
wenceslau,wenceslaui,1
wenceslau,wenceslan,1
wenceslau,wesceslau,1
wenceslau,wengeslau,1
wenceslau,wenceslaj,1
wenceslau,wencelau,1
wenceslau,wencseslau,1
wenceslau,wenceslaq,1
wenceslau,wenceslai,1
wenceslau,nwenceslau,1
wenceslau,ewenceslau,1
wenceslau,wtnceslau,1
wenceslau,wenceslac,1
wenceslau,wsnceslau,1
wenceslau,wenceblau,1
wileman,wileman,20
wileman,wilman,6
wileman,wlleman,3
wileman,wiloman,3
wileman,wilcman,2
wileman,willman,2
wileman,wikeman,1
wileman,wiliman,1
wileman,wilieman,1
wileman,wilemnn,1
wileman,wiluman,1
wileman,wiheman,1
wileman,wilemani,1
wileman,wiltman,1
wileman,ileman,1
wileman,wilemau,1
wileman,wildeman,1
