forma_canonica,ocorrencias,paginas,variantes_fundidas,ano_1906,ano_1907,ano_1908,ano_1909,ano_1910,ano_1911,ano_1912,ano_1913,ano_1914
david campista,349,309,david campisla|david campista|david camplsta|david oampista|davidcampista|davld campista|davld camplsta,52,70,86,69,13,9,1,7,2
leopoldo,250,179,leopoldo|loopoldo,7,1,4,43,94,4,5,12,9
hermes,217,192,hermes|hormes,5,8,6,36,45,36,31,15,10
dafazenda,184,175,dafazenda,13,26,39,24,32,19,7,5,10
pinheiro machado,169,97,pinheiro machado|pinheiromachado,7,4,8,11,10,8,7,32,10
nilo pecanha,163,133,nilo pccanha|nilo pecanha|nilo pocanha|nilopecanha,7,1,1,41,55,9,3,10,6
tavares,146,129,tavares,4,39,48,30,0,0,1,3,4
francisco,136,124,francisco,1,6,10,42,30,10,10,11,4
affonso penna,133,111,affonso penna|affonso ponna|affonsopenna,9,15,25,42,3,6,1,8,2
francisco salles,132,114,francisco sailes|francisco salles|franciscosalles,1,0,0,1,18,47,32,15,0
ger,116,115,fer|ger|hen|her|men|ser,5,1,5,19,28,22,21,7,7
joao,112,108,joa|joao|joso,7,11,7,21,18,14,7,9,14
cam,109,108,bar|bor|cam|cama|can|car|mar,14,5,8,27,17,9,6,10,12
miguel calmon,108,101,miguel calmon|miguel calmou|miguelcalmou|miguol calmon,7,35,32,15,1,0,0,11,0
meira,106,105,meira|mira,0,1,0,0,34,51,19,0,0
bulhoes,100,75,bulhoes,0,2,2,3,54,2,3,4,5
alferes,96,74,alfere|alferes,0,0,0,0,17,31,26,0,0
minislro,84,72,minislro,8,47,9,1,3,3,0,0,1
ruy barbosa,83,72,ruy barbosa|ruybarbosa,5,2,4,11,29,4,6,4,7
minis,83,81,min|mini|minis,4,12,6,25,14,12,2,1,5
frota,77,77,frota,0,0,0,0,24,26,20,1,6
jose,77,77,cos|jos|jose|josi,7,10,7,11,15,12,7,3,5
camara,75,62,camara,0,2,5,2,30,15,0,1,7
pedro,75,69,pedra|pedro|podro,4,5,3,6,4,24,13,7,3
galeao carvalhal,75,51,galeao carvalha|galeao carvalhal|galeaocarvalhal,6,5,4,11,23,1,1,0,0
lima,71,71,lima,0,0,0,0,27,31,13,0,0
pinto vieira,71,71,pinto vieira|pintovieira,0,0,0,0,29,22,9,9,2
barbosa lima,70,56,barbosa lima,14,1,7,7,23,4,0,0,0
souza aguiar,67,65,sousa aguiar|souza aguiar|souzaaguiar,3,12,7,25,0,6,4,4,4
pre,65,63,pie|pre|pro,6,7,3,9,19,10,1,4,4
ministroda fazenda,63,60,ministroda fazenda,1,5,7,14,19,7,1,2,4
fran,58,56,fran,2,4,4,14,8,9,6,5,4
floriano,58,58,floriano|florlano,0,3,0,7,40,3,2,0,3
campista,56,44,campista,7,3,9,11,7,6,0,1,0
paulo,54,52,paula|paulo,6,2,0,6,9,9,6,7,7
david cam,53,52,david cam,11,7,22,4,2,5,0,1,0
presi,53,51,presi,10,11,6,10,5,4,1,2,2
rodrigues alves,53,43,rodrigues alves|rodriguesalves,13,4,4,0,4,7,3,6,2
carlos,51,51,carlos,2,6,6,6,6,4,10,4,7
rio,51,51,cia|cio|dia|fio|ria|rio|tia,4,12,4,8,8,7,3,1,4
relacoes,50,50,relacoes,3,4,3,11,11,5,5,5,3
daviacao,47,47,daviacao,1,5,4,5,12,13,3,4,0
antonio,46,46,antonio,1,2,7,8,5,6,5,10,2
darepublica,46,44,darepublica,2,3,5,9,11,10,1,2,1
ayres,45,45,ayres,0,1,0,0,1,17,25,0,1
