volume,corte,pdf_page,familia,padrao,confianca,trecho_casado,posicao,contexto
1,1906_criacao,66,banqueiro_estrangeiro,banqueiros?\s*estrangeiros?,alta,banqueiros estrangeiros,598,"na nossa circulacao. por esse motivo extranhou o competente director da carteira de cambio do banco da republica que o estado de s. ·paulo, que tao impressionado se mostrara com as elevacoes do cambio, tentasse junto de banqueiros estrangeiros uma grande operacao de credito, que determinaria certamente gravissimas perturbacoes, como ja acontecera em virtude de dous emprestimos contrahidos por aquelle estado no valor de!lbs. 4.800.000 (1). fosse com o intuito de evitar a brusc"
1,1906_criacao,142,credor,nossos\s*credores,alta,nossos credores,1603,"8.000 28.077 1896. ' 9,18 ' 295 711.641 27.057 1897...... 7,87 345 720:962 23.187 1898 •.. j~,75 471 788.364 ' 23.537 foi nesta posicao desgq:tcada, neste momento infeliz, que o governo se viu obrigado a celebrar cqm os nossos credores em londres o contracto conhecido pelo nome de funding-loan, entrando-se, dahi e~ deante, como e preciso que se diga cqm toda a justica, no regimen de severas economias. dos orcamentos fqram cortadas avultadas verbas e adiadas muitas obra. s pub"
1,1906_criacao,213,credor,portadores\s*d[eo]s?\s*(?:nossos\s*)?(?:titulos|fundos|apolices),media,portadores de apolices,1085,"a indagar: de um lado, si os actuaes portadores das ·apolices sao 'os primitivos compradores,. e de outro lado, si esses prejuizos nao teriam compensadores beneficios por outros meios. nao ha contestar que, desde.que os portadores de apolices continuem a residir no paiz, soffrerao uma depreciacao no preco real, 0'uro, em seus titulos,.mas nao uma depreciacao equivalente no seu valor. os seus precos,nominaes 0u em pa.pel permanecerf\o inalterad.os e cortinuarao a c0mprar, sina"
1,1906_criacao,284,realeza_bancaria,grande\s*banca,alta,grande banca,370,"itados nas. questoes moneta;rias, pe1as su.as obras e pela grande par te.que tomou na reforma nessa materia,..uperada pela allema nha em 1873, diz, re'llerindo-se a qliebra do padrao, decretada pefa aust ·ria em 1811, a grande bancarrota da auslria. e paul cahen, referindo-se ao pmced<irnento analogo,.que t eve a russia em 1839, sencro ministro icancrine, · o qual co11j.soliidou a <lepreciacao d0 rnbfo, papel, na proporcao de 3,50 p:ara.lilm rublo., p~ata, diz: c'.elaii peur."
1,1906_criacao,398,credor,credores?\s*(?:externos?|estrangeiros?),alta,credores externos,352,"m de facto, os mais promptos e funestos resultados. o cambio attingiu a taxa de 5 5 /8, levando a perturbacao a todas as classes productoras do paiz e trazendo como consequencia fatal para o thesouro a concordata com os credores externos, a suspensao das amortizacoes e do pagamento dos juros. naquelles dias amargurados, esta ·c(lmara estava dividida em dous; campos oppostos. o governo do' dr. prudente de moraes era combatido por uma opposicao formidavel; eu pertencia aquella "
1,1906_criacao,500,credor,credores?\s*(?:externos?|estrangeiros?),alta,credores estrangeiros,2691,"r regras ao brazil, esquecidos de que somos os devedores e elles os credores hypothecarios..., nao · me parece que isto seja de grande moralidade, mas emfim damos de barato que ~e ja uma prova de que sao abelhudos estes credores estrangeiros, e~ tes banqueiros que se preoccupam com as condicoes em que vae ficar 1) seu ouro. mas a inglaterr ~, de onde ponhficam estes b'anqueiros - copfesso a v. ex. que nos poucos livros que pude adquirii:, pois, nao · e focif no brazil alcanca"
1,1906_criacao,636,banqueiro_estrangeiro,banqueiros?\s*estrangeiros?,alta,banqueiros estrangeiros,781,"sa circulacao. · > por esse motivo extranhou o competente director da carteira de cambio do banco da republica que o estado de s. paulo; que tao impressionado se mostrara com 1 as elevacoes d,o cambio, tentasse junto de banqueiros estrangeiros uma grande operacao de credito, que, determinaria certamente gravissimas perturbacoes, como j-a acontecera em virtude de dous emprestimos contrahidos por aquelle estado no valor de ~ 4.800.000 (1). 1: fosse com o intuito de evitar a bru"
1,1906_criacao,689,agente_financeiro,agentes?\s*financeiros?,alta,agentes financeiros,1142,"gacias.. _fiscaes e outras reparticoes de fazenda em 30 de marco ultimo, dia em que se encerraram os pagamentos relativos ao exercicio de 1906, verifiquei o seguinte resultado: ',,. ' ·.ouro: saldo da eonta geral com os agentes financeiros do ~rasil em londres, comprehendida a · remessa de cambiaes feita em 1 12 de marco ro valor de f. 913. 724-6-4 ................. . . . saldo de conta - cc obras do porto n - londres.. titulos de divida externa pertencentes ao thesouro. empr"
2,1910_taxa_16d,59,credor,credores?\s*(?:externos?|estrangeiros?),alta,credores estrangeiros,1285,"que fomos arrastados peles erros accumulados... (apoiados, apartes)· e pelos movimentos militares, que embaracaram a ii/-archa progressiva da republica. nao preciso rememorar as causas, que nos levaram ao accordo com os credores estrangeiros. r ' ' 1 • a ca:m:ara as conhece em seus detalhes. o governo d0 du ~ prudente d. e moraes encontrou naquelle contracto a, ~oluca0 b~nefica da tremenda crise. apezar de opposicionista naque ll!l. epoea, apoiei sinceramente a moratoria, e. "
2,1910_taxa_16d,70,credor,nossos\s*credores,alta,nossos credores,1631,":000$, que circulavam em 1892, 789.364:000$, total das emissoes em 1898, quando o cambio desceu a 5 1 /2 e o bom nome do brazil e as exigencias de uma l'?ituacao pre ~ mente e inquietadora nqs impuzeram o accordo com os nossos credores, firmando-se o ajuste qup n'a nossa historia financeira tompu o nome de funding-loan. fora dura a experi pncia, vencende>, afinal, a boa doutrina; estava desfeita a enganadora nliragem do papel-meeda, mas ahi estava o cortejo numeroso das perni"
2,1910_taxa_16d,152,casa_bancaria,casa\s*banc[a4]ri[ao],media,casa bancaria,178,",) -146 1 desde que o governo se retira dg merca<;lo, ·as flj.ictuacoes deixam de existir. ja uma occasiao o governo, em vez de tomar cambiaes ao banco do brazil, tomou-as a uma casa bancaria particular. outra vez o sr. visconde de ouro ·preto, em vez de passar cambiaes em lettras, passou-as em carregamento de cafe, isso com o intuito de evitar as fluctuacoes. portanto, retirado o governo do mercado, cobrando parte das renda s em ouro"
2,1910_taxa_16d,178,capital_externo,capitali[sz]tas?\s*(?:estrangeiros?|ingle[sz]e?s?|europ[e3]us?),media,capitalistas europeus,695,"si o agio do ouro subindo a 28 %, nao lhes tivesse · mostrado que era tempo de parar. nao nos queixamos da politica si a baixa do cambio continua a accentuar-se. emquanto se quizer comprar as industrias exploradas pelos capitalistas europeus, em fogar de crear novas industrias, o agio do ouro continuara a subir; e essas industrias custam muito caro, custam os olhos da cara. ii · dizia o le 'bresil, jornal da epoca, que se publicava jm paris: <<a politica tem talvez mais do qu"
2,1910_taxa_16d,277,praca,pra[cs]a\s*de\s*londres,media,praca de londres,2399," . ........... . pounds 334,765 2. 702,785 4.158,962 10.613,078 pois bem. essa progressao ja e atemorizadora para o brazil. os capitaes.afiluem para o enriquecimento dessa lavoura no oriente. e' sabido que tem havido na praca de londres um grande encilhamento em torno da fundacao de companhias para cultura da seringueira. e os \ encilhamentos em londres contam-se por milhoes 'e milhoes esterlinos. deveriamos ter aproveitado essa corrente sympathica da bolsa de ~on­ dres para "
2,1910_taxa_16d,311,capital_externo,capitali[sz]tas?\s*(?:estrangeiros?|ingle[sz]e?s?|europ[e3]us?),media,capitalistas estrangeiros,173,"- 305 chuvas, uma escassez de colheitas, uma crise alhures, o edificio esboroa-se. quem sae ganhando com isso? apenas os operarios, que o levantaram: apenas os banqueiros e capitalistas estrangeiros, com alguns jogadores nacionaes. examinemos agora qual deve ser a, taxa a adoptar.. se· de tudo quanto vimos expondo, intuitivamente se conclue que nao temos elem entos para taxa superior a de 15 d. por mil reis. antes de demonstrarmo"
