jornal,ano,paginas,paginas_caixa,paginas_roth,paginas_roth_e_caixa,pg_banco_ingles,pg_banco_ingles_e_caixa,pg_banque_paris,pg_banque_paris_e_caixa,pg_banqueiros_generico,pg_banqueiros_generico_e_caixa,pg_baring,pg_baring_e_caixa,pg_credit_lyonnais,pg_credit_lyonnais_e_caixa,pg_deutsche_bank,pg_deutsche_bank_e_caixa,pg_dresdner,pg_dresdner_e_caixa,pg_emprestimo_externo,pg_emprestimo_externo_e_caixa,pg_funding,pg_funding_e_caixa,pg_london_brazilian,pg_london_brazilian_e_caixa,pg_praca_londres,pg_praca_londres_e_caixa,pg_schroder,pg_schroder_e_caixa,pg_speyer,pg_speyer_e_caixa
Correio Paulistano,1906,2074,116,33,3,42,7,4,0,3,1,3,0,0,0,2,0,0,0,4,1,13,4,21,1,0,0,1,1,0,0
Correio Paulistano,1907,2183,152,68,8,20,4,5,1,1,1,0,0,1,0,19,2,4,1,31,3,64,0,8,3,1,0,3,0,0,0
Correio Paulistano,1908,1688,220,60,9,12,2,3,1,5,3,2,1,1,1,21,0,0,0,20,8,18,2,1,0,0,0,3,0,0,0
Correio Paulistano,1909,2586,276,82,9,15,0,1,0,3,2,6,2,1,0,16,3,1,0,63,2,9,2,11,0,1,0,2,0,0,0
Correio Paulistano,1910,2800,268,93,22,11,1,1,0,7,4,2,0,0,0,24,7,1,0,45,6,13,5,38,4,3,2,3,0,0,0
Correio Paulistano,1911,3556,227,95,9,12,1,3,0,2,0,3,0,0,0,19,4,2,0,40,4,29,10,13,2,0,0,2,0,1,1
Correio Paulistano,1912,3904,200,63,6,8,2,0,0,7,2,1,0,2,0,18,2,1,0,87,2,10,0,5,1,0,0,1,0,1,1
Correio Paulistano,1913,4064,87,59,1,4,0,2,0,9,2,5,0,0,0,47,7,0,0,110,2,46,0,29,0,1,0,1,0,0,0
Correio Paulistano,1914,3168,221,30,4,12,1,1,0,15,9,1,0,0,0,70,11,2,1,74,7,58,7,34,2,3,0,3,0,0,0
Correio da Manhã,1906,2690,133,6,2,4,2,1,0,6,2,0,0,1,0,6,0,1,0,14,4,3,2,1,0,2,0,0,0,0,0
Correio da Manhã,1907,2958,200,17,6,2,1,1,0,2,1,0,0,1,0,2,2,0,0,8,1,1,1,1,0,3,0,0,0,0,0
Correio da Manhã,1908,3298,59,5,2,2,0,0,0,3,0,3,1,0,0,5,0,0,0,9,0,3,0,0,0,1,0,1,0,0,0
Correio da Manhã,1909,3198,204,16,3,1,0,3,0,4,0,1,0,0,0,8,0,0,0,16,1,4,1,0,0,3,0,4,0,0,0
Correio da Manhã,1910,3485,336,26,3,9,2,4,0,7,2,1,0,2,0,6,2,2,0,19,5,6,5,1,0,4,2,6,0,0,0
Correio da Manhã,1911,4157,295,14,2,7,1,4,0,10,1,1,0,2,0,12,2,3,0,26,5,3,2,2,0,1,0,2,0,0,0
Correio da Manhã,1912,4810,254,16,1,6,1,2,0,7,0,1,0,11,0,10,1,1,0,11,2,2,2,4,0,0,0,1,0,1,0
Correio da Manhã,1913,5032,302,22,9,2,0,0,0,10,2,0,0,7,0,16,5,4,2,24,7,2,2,4,0,2,1,1,0,0,0
Correio da Manhã,1914,4248,252,21,2,10,1,0,0,14,3,0,0,0,0,7,1,1,0,29,2,27,9,1,0,1,0,3,0,0,0
Gazeta de Notícias,1906,2696,219,24,2,5,1,1,0,12,4,3,1,2,0,9,1,0,0,18,5,35,16,3,1,2,0,3,0,0,0
Gazeta de Notícias,1907,2428,275,14,3,8,2,0,0,5,2,0,0,1,0,6,3,0,0,11,7,40,4,0,0,3,1,0,0,1,0
Gazeta de Notícias,1908,2513,150,1,0,3,0,1,0,1,0,1,0,0,0,2,1,0,0,11,2,6,0,0,0,2,0,0,0,0,0
Gazeta de Notícias,1909,2860,221,11,4,1,0,3,0,2,0,1,0,1,1,9,2,0,0,3,0,26,1,7,1,1,0,3,0,1,0
Gazeta de Notícias,1910,2912,406,20,4,13,7,1,0,10,2,0,0,9,0,7,1,8,0,9,2,40,16,1,0,4,1,4,0,2,1
Gazeta de Notícias,1911,2848,320,18,5,7,0,9,2,6,0,2,0,1,0,20,6,1,0,11,3,15,8,1,0,1,0,2,1,2,0
Gazeta de Notícias,1912,1850,95,16,1,2,1,5,0,5,0,1,0,2,0,13,0,1,0,2,0,6,2,1,0,1,0,5,0,0,0
Gazeta de Notícias,1914,2436,89,13,0,5,1,1,0,9,1,2,0,0,0,11,1,0,0,15,2,34,9,1,0,1,0,2,0,1,0
O Paiz,1906,2472,102,3,1,0,0,0,0,2,0,0,0,0,0,2,1,0,0,6,2,5,4,0,0,0,0,0,0,0,0
O Paiz,1907,1886,200,20,7,4,0,2,2,7,3,0,0,0,0,4,2,0,0,8,2,2,1,0,0,0,0,0,0,0,0
O Paiz,1908,3376,258,27,6,5,0,1,0,3,2,0,0,4,1,16,0,1,0,32,5,15,5,1,0,4,2,5,0,1,0
O Paiz,1909,3816,344,27,6,6,2,5,0,4,1,2,0,2,0,16,4,1,0,29,5,8,4,12,1,2,0,4,1,1,0
O Paiz,1910,5007,442,35,8,27,2,1,0,8,3,1,0,1,0,20,2,4,0,24,9,27,17,8,4,6,3,1,0,0,0
O Paiz,1911,4924,518,58,8,17,2,7,1,7,2,7,1,1,0,44,10,1,0,23,1,6,3,6,2,5,1,3,1,0,0
O Paiz,1912,4694,281,44,2,7,0,5,0,5,0,2,0,1,0,14,0,2,1,8,1,6,3,4,0,2,1,3,0,3,0
O Paiz,1913,6045,343,78,10,8,1,1,0,8,0,4,0,4,0,50,3,1,0,32,3,7,0,12,2,7,0,3,0,1,0
O Paiz,1914,5041,266,37,2,26,1,0,0,22,3,7,0,2,0,28,3,0,0,46,8,33,10,6,0,4,0,7,1,1,1
