variante,ocorrencias
rothschild,712
rotschild,211
rothsohild,64
rothscliild,46
rotlischild,33
rothschlld,33
rothsehild,32
rottschild,27
rotbschild,25
rolhschild,17
rothscbild,14
rolschild,13
rotsohild,12
rotsehild,11
rotscbild,9
rothschiid,8
bothschild,8
rothscild,7
roihschild,6
rothsciiild,6
rotschiid,6
rothchild,6
rothschtld,6
rotschlld,6
rothischild,5
rothshild,5
roischild,4
rothsehiid,4
rottscbild,3
rottsehild,3
rotchild,3
rotechild,3
rolhschlld,3
rouischild,2
rotuchild,2
rotlichild,2
rolhsohild,2
rothsdhild,2
rothsdiild,2
rotfischild,2
roteschild,2
rothechild,2
rotbsohild,2
rotchschild,2
rotbscbild,2
rottschlld,2
rotbchild,2
rofhschild,2
rothsoild,2
rotscnild,2
rothsohiid,2
rotlschild,2
rottischild,2
rothchlld,1
bothschlld,1
rothfohild,1
rothsctiild,1
rothscjiild,1
rottchild,1
rothichild,1
rotbschlld,1
rotltschild,1
rothtchild,1
rothsckild,1
rotischild,1
rotscrild,1
rotsthild,1
rotochild,1
rotichild,1
rothiachild,1
rotscaild,1
rolchschild,1
rotbschiid,1
rotnschild,1
rotbichild,1
rotachild,1
rothesschild,1
rothcschild,1
rothachild,1
rottsohild,1
rothsohlld,1
r0thsohild,1
rothsclild,1
rotlmchild,1
rothsobild,1
rotsbhild,1
rothohild,1
rothsnhild,1
rofchschild,1
rotrhschild,1
rofhsehild,1
rotcchild,1
rothschilo,1
rothehild,1
rolhshild,1
rolhscbild,1
rothsclrild,1
rothscblld,1
rothrschild,1
rotscthild,1
rothbchild,1
rothsghild,1
roltischild,1
rotaschild,1
roibschild,1
ro4thschild,1
rothscuild,1
rotfhsahild,1
rofihschild,1
rohhsohild,1
rosthschild,1
rotfaschild,1
rothsrbild,1
rohschild,1
rouschild,1
rorhsuhild,1
rotdhsjhild,1
rothscihild,1
rothsiehild,1
rolhsehild,1
rothhchild,1
rotihschlld,1
rotlhschild,1
rotcschild,1
rottichild,1
rottochild,1
