source_identifier,jornal,source_year,fase,achou_mencao_na_leitura,observacao
per089842_1906_01653,correio_manha,1906,F1,,
per089842_1906_01665,correio_manha,1906,F1,,
per089842_1906_01759,correio_manha,1906,F1,,
per089842_1906_01845,correio_manha,1906,F1,,
per090972_1906_15258,correio_paulistano,1906,F1,,
per090972_1906_15298,correio_paulistano,1906,F1,,
per090972_1906_15331,correio_paulistano,1906,F1,,
per090972_1906_15404,correio_paulistano,1906,F1,,
per103730_1906_00062,gazeta_noticias,1906,F1,,
per103730_1906_00141,gazeta_noticias,1906,F1,,
per103730_1906_00205,gazeta_noticias,1906,F1,,
per103730_1906_00254,gazeta_noticias,1906,F1,,
per178691_1906_07828,o_paiz,1906,F1,,
per178691_1906_07841,o_paiz,1906,F1,,
per178691_1906_07980,o_paiz,1906,F1,,
per178691_1906_08069,o_paiz,1906,F1,,
per089842_1908_02533,correio_manha,1908,F2,,
per089842_1908_02588,correio_manha,1908,F2,,
per089842_1908_02617,correio_manha,1908,F2,,
per089842_1909_02909,correio_manha,1909,F2,,
per090972_1907_15665,correio_paulistano,1907,F2,,
per090972_1907_15684,correio_paulistano,1907,F2,,
per090972_1908_16011,correio_paulistano,1908,F2,,
per090972_1908_16135,correio_paulistano,1908,F2,,
per103730_1907_00252,gazeta_noticias,1907,F2,,
per103730_1907_00332,gazeta_noticias,1907,F2,,
per103730_1908_00049,gazeta_noticias,1908,F2,,
per103730_1908_00248,gazeta_noticias,1908,F2,,
per178691_1907_08341,o_paiz,1907,F2,,
per178691_1908_08497,o_paiz,1908,F2,,
per178691_1908_08787,o_paiz,1908,F2,,
per178691_1909_09219,o_paiz,1909,F2,,
per089842_1910_03113,correio_manha,1910,F3,,
per089842_1911_03455,correio_manha,1911,F3,,
per089842_1911_03626,correio_manha,1911,F3,,
per089842_1911_03729,correio_manha,1911,F3,,
per090972_1910_16959,correio_paulistano,1910,F3,,
per090972_1911_17130,correio_paulistano,1911,F3,,
per090972_1911_17307,correio_paulistano,1911,F3,,
per090972_1913_18018,correio_paulistano,1913,F3,,
per103730_1911_00019,gazeta_noticias,1911,F3,,
per103730_1911_00264,gazeta_noticias,1911,F3,,
per103730_1911_00340,gazeta_noticias,1911,F3,,
per103730_1912_00019,gazeta_noticias,1912,F3,,
per178691_1910_09318,o_paiz,1910,F3,,
per178691_1911_09829,o_paiz,1911,F3,,
per178691_1913_10437,o_paiz,1913,F3,,
per178691_1913_10445,o_paiz,1913,F3,,
per089842_1914_05499,correio_manha,1914,F4,,
per089842_1914_05500,correio_manha,1914,F4,,
per089842_1914_05517,correio_manha,1914,F4,,
per089842_1914_05615,correio_manha,1914,F4,,
per090972_1914_18157,correio_paulistano,1914,F4,,
per090972_1914_18265,correio_paulistano,1914,F4,,
per090972_1914_18373,correio_paulistano,1914,F4,,
per090972_1914_18396,correio_paulistano,1914,F4,,
per103730_1914_00223,gazeta_noticias,1914,F4,,
per103730_1914_00267,gazeta_noticias,1914,F4,,
per103730_1914_00273,gazeta_noticias,1914,F4,,
per103730_1914_00316,gazeta_noticias,1914,F4,,
per178691_1914_10748,o_paiz,1914,F4,,
per178691_1914_10760,o_paiz,1914,F4,,
per178691_1914_10855,o_paiz,1914,F4,,
per178691_1914_10948,o_paiz,1914,F4,,
