id,debate,objeto_politica,periodo_inicio,periodo_fim,polo_1,polo_2,agentes_observados,veiculos_observados,fonte_ref,status
D01,Nível da taxa de fixação da Caixa,taxa,1906,1906,"Manter o par legal de 27 dinheiros e a política deflacionária","Fixar em 15 dinheiros a taxa vigente de mercado","David Campista; Barbosa Lima; Alcindo Guanabara; Custodio Coelho; Rodolpho Paixão","correio_manha; correio_paulistano; o_paiz",per090972_1906_15399:p002:i0,aberto
D02,Limite de emissão da Caixa,limite_emissao,1906,1906,"Limite estreito para permitir apreciação legítima","Limite amplo para acomodar o ouro que afluir",David Campista,correio_paulistano,per090972_1906_15499:p001:i0,aberto
D03,Sobrevivência dos fundos de resgate e garantia da lei 581 de 1899,lastro,1906,1910,"Preservar os fundos intactos como aparelho da volta ao regime metálico","Incorporá-los à Caixa como elementos de vida do novo instituto","Joaquim Murtinho; Rodolpho Paixão; David Campista; Galeão Carvalhal; Leopoldo de Bulhões",correio_manha; o_paiz; gazeta_noticias,per089842_1906_01901:p001:i0,aberto
D04,Quem fixa a taxa cambial,competencia_institucional,1906,1910,"Competência privativa do Congresso Nacional","Delegação ao Poder Executivo","Alberto Sarmento; Barbosa Lima; David Campista; Leopoldo de Bulhões",correio_manha; o_paiz,per089842_1906_01901:p001:i0,aberto
D05,Agência da Caixa em Londres e emissão de notas conversíveis no exterior,arranjo_institucional,1906,1906,"Evitar transporte de ouro e saques cambiais","Risco de esvaziar o controle nacional sobre o lastro",David Campista,correio_manha; correio_paulistano,per090972_1906_15499:p001:i0,pouco_documentado
D06,Cobrança de direitos aduaneiros à taxa da Caixa ou ao padrão legal,alfandega,1908,1910,"Manter a cobrança ao padrão legal de 20$000 por libra","Cobrar à taxa efetiva de 15, que o próprio governo pratica","Barbosa Lima; David Campista",correio_manha,per089842_1908_02556:p005:i0,aberto
D07,Elevação da taxa de 15 para 16 dinheiros,taxa,1910,1911,"Elevar, acompanhando a valorização do papel e o mercado","Manter 15, que exprime o nível econômico real do país","Leopoldo de Bulhões; João Luiz Alves; Wenceslau Braz; Galeão Carvalhal; Cincinato Braga; David Campista; Rui Barbosa; Affonso Costa",correio_manha; o_paiz; gazeta_noticias; correio_paulistano,per178691_1910_09576:p005:i0,aberto
D08,Existência e destino do fundo de garantia,lastro,1910,1910,"O fundo cumpre função de lastro e valorização","O fundo não existe ou está desfalcado, gasto para sustentar a taxa","Leopoldo de Bulhões; Galeão Carvalhal; Barbosa Lima",o_paiz; gazeta_noticias,per178691_1910_09581:p011:i1,aberto
D09,Empréstimos externos dos estados sem autorização federal,divida_externa,1913,1914,"Autonomia financeira dos estados","Centralização federal para proteger o câmbio e o crédito externo",,correio_paulistano,per090972_1913_18066:p001:i0,pouco_documentado
D10,Suspensão do troco das notas por ouro,conversibilidade,1914,1914,"Suspender para preservar o lastro diante da corrida","Não suspender, por honra contratual ou por querer o fim do câmbio fixo","Martim Francisco; Serzedello Corrêa; Carlos Peixoto Filho; Antonio Carlos",gazeta_noticias,per103730_1914_00345:p002:i0,aberto
D11,Imposto sobre exportação de ouro amoedado como alternativa à suspensão,conversibilidade,1914,1914,"Taxar a saída de ouro","Suspender o troco",Carlos Peixoto Filho,gazeta_noticias,per103730_1914_00345:p002:i0,pouco_documentado
D12,Responsabilidade pelo excesso de notas sobre o depósito,lastro,1914,1914,"A Caixa responde moral e juridicamente pelo excedente","Revogam-se as disposições em contrário",Martim Francisco,gazeta_noticias,per103730_1914_00345:p002:i0,pouco_documentado
