item_id,camada,estrato,motivo_selecao,fase,jornal,data,data_confiavel,source_identifier,page_number,forma,secao,titulo,registro,data_masthead,voz,objeto_politica,direcao_por_objeto,posicao_declarada,argumento,atores_nomeados,interesses_invocados,vocabulario_epoca,citacao_ancora,localizacao,confianca,dificuldade,dialogo_historiografia,minutos
per089842_1906_01646:p001:i0,0_censo_editorial_artigo,substantivo_artigo,censo do material mais proximo do construto,F1,correio_manha,1906-01-13,1,per089842_1906_01646,1,artigo,,FIXAÇÃO DO CAMBIO,substantivo,,,,,,,,,,,,,,,
per089842_1906_01646:p001:i1,0_censo_editorial_artigo,substantivo_artigo,censo do material mais proximo do construto,F1,correio_manha,1906-01-13,1,per089842_1906_01646,1,artigo,,,substantivo,,,,,,,,,,,,,,,
per089842_1906_01890:p001:i0,0_censo_editorial_artigo,substantivo_artigo,censo do material mais proximo do construto,F1,correio_manha,1906-09-14,1,per089842_1906_01890,1,artigo,,ASPECTOS DA CAMARA,substantivo,,,,,,,,,,,,,,,
per089842_1906_01901:p001:i0,0_censo_editorial_artigo,substantivo_editorial,censo do material mais proximo do construto,F1,correio_manha,1906-09-25,1,per089842_1906_01901,1,editorial,NA CAMARA,A CAIXA DE CONVERSÃO,substantivo,,,,,,,,,,,,,,,
per089842_1906_01901:p001:i1,0_censo_editorial_artigo,substantivo_artigo,censo do material mais proximo do construto,F1,correio_manha,1906-09-25,1,per089842_1906_01901,1,artigo,,,substantivo,,,,,,,,,,,,,,,
per089842_1906_01901:p001:i2,0_censo_editorial_artigo,substantivo_artigo,censo do material mais proximo do construto,F1,correio_manha,1906-09-25,1,per089842_1906_01901,1,artigo,,,substantivo,,,,,,,,,,,,,,,
per089842_1906_01902:p001:i1,0_censo_editorial_artigo,substantivo_editorial,censo do material mais proximo do construto,F1,correio_manha,1906-09-26,1,per089842_1906_01902,1,editorial,,,substantivo,,,,,,,,,,,,,,,
per089842_1906_01947:p001:i0,0_censo_editorial_artigo,substantivo_editorial,censo do material mais proximo do construto,F1,correio_manha,1906-11-10,1,per089842_1906_01947,1,editorial,,O RELATORIO,substantivo,,,,,,,,,,,,,,,
per089842_1906_01947:p001:i1,0_censo_editorial_artigo,substantivo_editorial,censo do material mais proximo do construto,F1,correio_manha,1906-11-10,1,per089842_1906_01947,1,editorial,O RELATORIO,,substantivo,,,,,,,,,,,,,,,
per089842_1906_01965:p001:i0,0_censo_editorial_artigo,substantivo_artigo,censo do material mais proximo do construto,F1,correio_manha,1906-11-28,1,per089842_1906_01965,1,artigo,ASPECTOS DA CAMARA,,substantivo,,,,,,,,,,,,,,,
per090972_1906_15399:p001:i2,0_censo_editorial_artigo,substantivo_artigo,censo do material mais proximo do construto,F1,correio_paulistano,1906-07-03,1,per090972_1906_15399,1,artigo,,,substantivo,,,,,,,,,,,,,,,
per090972_1906_15399:p001:i3,0_censo_editorial_artigo,substantivo_artigo,censo do material mais proximo do construto,F1,correio_paulistano,1906-07-03,1,per090972_1906_15399,1,artigo,,,substantivo,,,,,,,,,,,,,,,
per090972_1906_15399:p001:i5,0_censo_editorial_artigo,substantivo_artigo,censo do material mais proximo do construto,F1,correio_paulistano,1906-07-03,1,per090972_1906_15399,1,artigo,,,substantivo,,,,,,,,,,,,,,,
per090972_1906_15399:p002:i0,0_censo_editorial_artigo,substantivo_editorial,censo do material mais proximo do construto,F1,correio_paulistano,1906-07-03,1,per090972_1906_15399,2,editorial,,,substantivo,,,,,,,,,,,,,,,
per090972_1906_15399:p002:i1,0_censo_editorial_artigo,substantivo_artigo,censo do material mais proximo do construto,F1,correio_paulistano,1906-07-03,1,per090972_1906_15399,2,artigo,,Em synthese:,substantivo,,,,,,,,,,,,,,,
per090972_1906_15399:p002:i2,0_censo_editorial_artigo,substantivo_artigo,censo do material mais proximo do construto,F1,correio_paulistano,1906-07-03,1,per090972_1906_15399,2,artigo,,,substantivo,,,,,,,,,,,,,,,
per090972_1906_15494:p002:i0,0_censo_editorial_artigo,substantivo_artigo,censo do material mais proximo do construto,F1,correio_paulistano,1906-10-06,1,per090972_1906_15494,2,artigo,,Caixa de Conversão,substantivo,,,,,,,,,,,,,,,
per090972_1906_15499:p001:i0,0_censo_editorial_artigo,substantivo_editorial,censo do material mais proximo do construto,F1,correio_paulistano,1906-10-11,1,per090972_1906_15499,1,editorial,,Caixa de Conversão,substantivo,,,,,,,,,,,,,,,
per103730_1906_00239:p005:i0,0_censo_editorial_artigo,substantivo_artigo,censo do material mais proximo do construto,F1,gazeta_noticias,1906-08-27,1,per103730_1906_00239,5,artigo,CHRONICA DA PRAÇA E DOS MERCADOS,,substantivo,,,,,,,,,,,,,,,
per178691_1906_07832:p001:i0,0_censo_editorial_artigo,substantivo_artigo,censo do material mais proximo do construto,F1,o_paiz,1906-03-14,1,per178691_1906_07832,1,artigo,,VALORIZAÇÃO DO CAFÉ,substantivo,,,,,,,,,,,,,,,
per178691_1906_07890:p001:i0,0_censo_editorial_artigo,substantivo_artigo,censo do material mais proximo do construto,F1,o_paiz,1906-05-11,1,per178691_1906_07890,1,artigo,,A REFORMA MONETARIA NA ARGENTINA,substantivo,,,,,,,,,,,,,,,
per178691_1906_07943:p006:i1,0_censo_editorial_artigo,substantivo_artigo,censo do material mais proximo do construto,F1,o_paiz,1906-07-03,1,per178691_1906_07943,6,artigo,SECÇÃO LIVRE,A' lavoura de Minas,substantivo,,,,,,,,,,,,,,,
per178691_1906_08005:p004:i0,0_censo_editorial_artigo,substantivo_artigo,censo do material mais proximo do construto,F1,o_paiz,1906-09-03,1,per178691_1906_08005,4,artigo,,APOLICE DE SEGURO SOBRE A VIDA,substantivo,,,,,,,,,,,,,,,
per178691_1906_08028:p006:i0,0_censo_editorial_artigo,substantivo_editorial,censo do material mais proximo do construto,F1,o_paiz,1906-09-20,1,per178691_1906_08028,6,editorial,,APOLICE DE SEGURO SOBRE A VIDA,substantivo,,,,,,,,,,,,,,,
per089842_1907_04023:p001:i1,0_censo_editorial_artigo,substantivo_editorial,censo do material mais proximo do construto,F2,correio_manha,1907-08-14,1,per089842_1907_04023,1,editorial,POLITICA E POLITICOS,MELHORAR PELO FOGO,substantivo,,,,,,,,,,,,,,,
per089842_1908_02365:p001:i1,0_censo_editorial_artigo,substantivo_artigo,censo do material mais proximo do construto,F2,correio_manha,1908-01-04,1,per089842_1908_02365,1,artigo,A situação financeira,,substantivo,,,,,,,,,,,,,,,
per089842_1908_02556:p005:i0,0_censo_editorial_artigo,substantivo_editorial,censo do material mais proximo do construto,F2,correio_manha,1908-07-14,1,per089842_1908_02556,5,editorial,Linhas e Entrelinhas,,substantivo,,,,,,,,,,,,,,,
per103730_1907_00124:p005:i0,0_censo_editorial_artigo,substantivo_artigo,censo do material mais proximo do construto,F2,gazeta_noticias,1907-05-04,1,per103730_1907_00124,5,artigo,MINISTERIO DA FAZENDA,Caixa de Conversão,substantivo,,,,,,,,,,,,,,,
per103730_1907_00124:p005:i1,0_censo_editorial_artigo,substantivo_artigo,censo do material mais proximo do construto,F2,gazeta_noticias,1907-05-04,1,per103730_1907_00124,5,artigo,Situação financeira,,substantivo,,,,,,,,,,,,,,,
per103730_1907_00294:p001:i0,0_censo_editorial_artigo,substantivo_artigo,censo do material mais proximo do construto,F2,gazeta_noticias,1907-10-29,1,per103730_1907_00294,1,artigo,OPINIÕES PESSOAES,,substantivo,,,,,,,,,,,,,,,
per103730_1907_00315:p003:i0,0_censo_editorial_artigo,substantivo_artigo,censo do material mais proximo do construto,F2,gazeta_noticias,1907-11-11,1,per103730_1907_00315,3,artigo,,Areas Monaziticas,substantivo,,,,,,,,,,,,,,,
per103730_1908_00018:p003:i1,0_censo_editorial_artigo,substantivo_artigo,censo do material mais proximo do construto,F2,gazeta_noticias,1908-01-18,1,per103730_1908_00018,3,artigo,VIDA COMMERCIAL,,substantivo,,,,,,,,,,,,,,,
per103730_1908_00020:p005:i0,0_censo_editorial_artigo,substantivo_artigo,censo do material mais proximo do construto,F2,gazeta_noticias,1908-01-20,1,per103730_1908_00020,5,artigo,PARTE COMMERCIAL,Chronica da praça e dos mercados,substantivo,,,,,,,,,,,,,,,
per103730_1908_00020:p005:i1,0_censo_editorial_artigo,substantivo_artigo,censo do material mais proximo do construto,F2,gazeta_noticias,1908-01-20,1,per103730_1908_00020,5,artigo,,,substantivo,,,,,,,,,,,,,,,
per103730_1908_00114:p007:i1,0_censo_editorial_artigo,substantivo_artigo,censo do material mais proximo do construto,F2,gazeta_noticias,1908-04-03,1,per103730_1908_00114,7,artigo,,,substantivo,,,,,,,,,,,,,,,
per103730_1909_00270:p006:d0,0_censo_editorial_artigo,substantivo_artigo,censo do material mais proximo do construto,F2,gazeta_noticias,1909-09-27,1,per103730_1909_00270,6,artigo,Chronica da praça e dos mercados,,substantivo,,,,,,,,,,,,,,,
per103730_1909_00312:p005:i0,0_censo_editorial_artigo,substantivo_artigo,censo do material mais proximo do construto,F2,gazeta_noticias,1909-11-08,1,per103730_1909_00312,5,artigo,PARTE COMMERCIAL,Chronica da praça e dos mercados,substantivo,,,,,,,,,,,,,,,
per103730_1909_00312:p005:i2,0_censo_editorial_artigo,substantivo_artigo,censo do material mais proximo do construto,F2,gazeta_noticias,1909-11-08,1,per103730_1909_00312,5,artigo,,,substantivo,,,,,,,,,,,,,,,
per103730_1909_00319:p005:i0,0_censo_editorial_artigo,substantivo_artigo,censo do material mais proximo do construto,F2,gazeta_noticias,1909-11-15,1,per103730_1909_00319,5,artigo,PARTE COMMERCIAL,Chronica da praça e dos mercados,substantivo,,,,,,,,,,,,,,,
per178691_1907_08248:p004:i0,0_censo_editorial_artigo,substantivo_artigo,censo do material mais proximo do construto,F2,o_paiz,1907-05-04,1,per178691_1907_08248,4,artigo,,CAIXA DE CONVERSÃO,substantivo,,,,,,,,,,,,,,,
per178691_1908_08720:p001:d0,0_censo_editorial_artigo,substantivo_artigo,censo do material mais proximo do construto,F2,o_paiz,1908-08-18,1,per178691_1908_08720,1,artigo,,O PROBLEMA DO CAFÉ,substantivo,,,,,,,,,,,,,,,
per178691_1908_08845:p001:i0,0_censo_editorial_artigo,substantivo_editorial,censo do material mais proximo do construto,F2,o_paiz,1908-12-21,1,per178691_1908_08845,1,editorial,,PRESENTE DE NATAL,substantivo,,,,,,,,,,,,,,,
per178691_1908_08845:p002:i0,0_censo_editorial_artigo,substantivo_artigo,censo do material mais proximo do construto,F2,o_paiz,1908-12-21,1,per178691_1908_08845,2,artigo,,FALSIFICAÇÃO OU SURROGATOS DE CAFÉ,substantivo,,,,,,,,,,,,,,,
per089842_1910_03212:p001:i2,0_censo_editorial_artigo,substantivo_artigo,censo do material mais proximo do construto,F3,correio_manha,1910-05-04,1,per089842_1910_03212,1,artigo,,Saque contra o povo!,substantivo,,,,,,,,,,,,,,,
per089842_1910_03214:p001:i2,0_censo_editorial_artigo,substantivo_editorial,censo do material mais proximo do construto,F3,correio_manha,1910-05-06,1,per089842_1910_03214,1,editorial,,O SAQUE CONTRA O POVO,substantivo,,,,,,,,,,,,,,,
per089842_1910_03238:p001:i0,0_censo_editorial_artigo,substantivo_editorial,censo do material mais proximo do construto,F3,correio_manha,1910-05-29,1,per089842_1910_03238,1,editorial,,Minas e o cambio,substantivo,,,,,,,,,,,,,,,
per089842_1910_03361:p001:i0,0_censo_editorial_artigo,substantivo_artigo,censo do material mais proximo do construto,F3,correio_manha,1910-09-30,1,per089842_1910_03361,1,artigo,,,substantivo,,,,,,,,,,,,,,,
per089842_1910_03361:p001:i1,0_censo_editorial_artigo,substantivo_artigo,censo do material mais proximo do construto,F3,correio_manha,1910-09-30,1,per089842_1910_03361,1,artigo,,,substantivo,,,,,,,,,,,,,,,
per089842_1910_03440:p008:i0,0_censo_editorial_artigo,substantivo_editorial,censo do material mais proximo do construto,F3,correio_manha,1910-12-18,1,per089842_1910_03440,8,editorial,,,substantivo,,,,,,,,,,,,,,,
per089842_1910_03440:p008:i2,0_censo_editorial_artigo,substantivo_editorial,censo do material mais proximo do construto,F3,correio_manha,1910-12-18,1,per089842_1910_03440,8,editorial,,TAXA A ADOPTAR-SE,substantivo,,,,,,,,,,,,,,,
per089842_1910_03440:p008:i4,0_censo_editorial_artigo,substantivo_artigo,censo do material mais proximo do construto,F3,correio_manha,1910-12-18,1,per089842_1910_03440,8,artigo,,,substantivo,,,,,,,,,,,,,,,
per089842_1910_03440:p008:i5,0_censo_editorial_artigo,substantivo_artigo,censo do material mais proximo do construto,F3,correio_manha,1910-12-18,1,per089842_1910_03440,8,artigo,,,substantivo,,,,,,,,,,,,,,,
per089842_1910_03440:p008:i7,0_censo_editorial_artigo,substantivo_artigo,censo do material mais proximo do construto,F3,correio_manha,1910-12-18,1,per089842_1910_03440,8,artigo,,,substantivo,,,,,,,,,,,,,,,
per089842_1910_03440:p008:i9,0_censo_editorial_artigo,substantivo_artigo,censo do material mais proximo do construto,F3,correio_manha,1910-12-18,1,per089842_1910_03440,8,artigo,,,substantivo,,,,,,,,,,,,,,,
per089842_1911_03468:p005:i0,0_censo_editorial_artigo,substantivo_artigo,censo do material mais proximo do construto,F3,correio_manha,1911-01-05,1,per089842_1911_03468,5,artigo,,,substantivo,,,,,,,,,,,,,,,
per089842_1911_03552:p002:i1,0_censo_editorial_artigo,substantivo_editorial,censo do material mais proximo do construto,F3,correio_manha,1911-04-09,1,per089842_1911_03552,2,editorial,Inconstitucionalidade e justiça,,substantivo,,,,,,,,,,,,,,,
per089842_1913_05343:p004:i0,0_censo_editorial_artigo,substantivo_artigo,censo do material mais proximo do construto,F3,correio_manha,1913-09-16,1,per089842_1913_05343,4,artigo,PELAS COMMISSÕES,O sr. Antonio Carlos apresentou seu parecer sobre o orçamento da Fazenda,substantivo,,,,,,,,,,,,,,,
per089842_1913_05442:p004:i0,0_censo_editorial_artigo,substantivo_artigo,censo do material mais proximo do construto,F3,correio_manha,1913-12-24,1,per089842_1913_05442,4,artigo,,,substantivo,,,,,,,,,,,,,,,
per090972_1910_16872:p008:i0,0_censo_editorial_artigo,substantivo_editorial,censo do material mais proximo do construto,F3,correio_paulistano,1910-06-27,1,per090972_1910_16872,8,editorial,,,substantivo,,,,,,,,,,,,,,,
per090972_1910_16872:p008:i2,0_censo_editorial_artigo,substantivo_artigo,censo do material mais proximo do construto,F3,correio_paulistano,1910-06-27,1,per090972_1910_16872,8,artigo,,Quebra do padrão,substantivo,,,,,,,,,,,,,,,
per090972_1910_16872:p008:i3,0_censo_editorial_artigo,substantivo_artigo,censo do material mais proximo do construto,F3,correio_paulistano,1910-06-27,1,per090972_1910_16872,8,artigo,,,substantivo,,,,,,,,,,,,,,,
per090972_1913_18066:p001:i0,0_censo_editorial_artigo,substantivo_editorial,censo do material mais proximo do construto,F3,correio_paulistano,1913-11-05,1,per090972_1913_18066,1,editorial,Questões economicas internacionaes,O credito do Brasil e a sua politica monetaria,substantivo,,,,,,,,,,,,,,,
per090972_1910_16781:p001:i2,0_censo_editorial_artigo,substantivo_artigo,censo do material mais proximo do construto,F3,correio_paulistano,,0,per090972_1910_16781,1,artigo,,A CAIXA DE CONVERSÃO E O CAMBIO,substantivo,,,,,,,,,,,,,,,
per103730_1910_00360:p005:i0,0_censo_editorial_artigo,substantivo_editorial,censo do material mais proximo do construto,F3,gazeta_noticias,1910-12-26,1,per103730_1910_00360,5,editorial,,CAIXA DE CONVERSÃO E TAXA CAMBIAL,substantivo,,,,,,,,,,,,,,,
per103730_1910_00360:p005:i1,0_censo_editorial_artigo,substantivo_editorial,censo do material mais proximo do construto,F3,gazeta_noticias,1910-12-26,1,per103730_1910_00360,5,editorial,,,substantivo,,,,,,,,,,,,,,,
per103730_1910_00360:p005:i2,0_censo_editorial_artigo,substantivo_editorial,censo do material mais proximo do construto,F3,gazeta_noticias,1910-12-26,1,per103730_1910_00360,5,editorial,,,substantivo,,,,,,,,,,,,,,,
per103730_1912_00017:p001:i0,0_censo_editorial_artigo,substantivo_editorial,censo do material mais proximo do construto,F3,gazeta_noticias,1912-01-15,1,per103730_1912_00017,1,editorial,,A Caixa de Conversão,substantivo,,,,,,,,,,,,,,,
per103730_1912_00018:p001:i0,0_censo_editorial_artigo,substantivo_artigo,censo do material mais proximo do construto,F3,gazeta_noticias,1913-01-18,1,per103730_1912_00018,1,artigo,O INSTANTE,,substantivo,,,,,,,,,,,,,,,
per103730_1910_00326:p002:i2,0_censo_editorial_artigo,substantivo_artigo,censo do material mais proximo do construto,F3,gazeta_noticias,,0,per103730_1910_00326,2,artigo,,REFORMA DA CAIXA DE CONVERSÃO,substantivo,,,,,,,,,,,,,,,
per178691_1910_09333:p001:i0,0_censo_editorial_artigo,substantivo_artigo,censo do material mais proximo do construto,F3,o_paiz,1910-04-25,1,per178691_1910_09333,1,artigo,,CAMBIO E OURO,substantivo,,,,,,,,,,,,,,,
per178691_1910_09338:p001:i0,0_censo_editorial_artigo,substantivo_artigo,censo do material mais proximo do construto,F3,o_paiz,1910-04-30,1,per178691_1910_09338,1,artigo,,"PARA QUE SERVIU, E SERVE...",substantivo,,,,,,,,,,,,,,,
per178691_1910_09352:p001:i0,0_censo_editorial_artigo,substantivo_editorial,censo do material mais proximo do construto,F3,o_paiz,1910-05-14,1,per178691_1910_09352,1,editorial,,CAIXA DE CONVERSÃO,substantivo,,,,,,,,,,,,,,,
per178691_1910_09450:p003:i0,0_censo_editorial_artigo,substantivo_artigo,censo do material mais proximo do construto,F3,o_paiz,1910-08-20,1,per178691_1910_09450,3,artigo,O PRESENTE E O FUTURO,,substantivo,,,,,,,,,,,,,,,
per178691_1910_09522:p002:i0,0_censo_editorial_artigo,substantivo_artigo,censo do material mais proximo do construto,F3,o_paiz,1910-10-31,1,per178691_1910_09522,2,artigo,,,substantivo,,,,,,,,,,,,,,,
per178691_1910_09574:p009:i0,0_censo_editorial_artigo,substantivo_editorial,censo do material mais proximo do construto,F3,o_paiz,1910-12-22,1,per178691_1910_09574,9,editorial,SECÇÃO LIVRE / CAIXA DE CONVERSÃO,TAXA CAMBIAL,substantivo,,,,,,,,,,,,,,,
per178691_1910_09576:p005:i0,0_censo_editorial_artigo,substantivo_editorial,censo do material mais proximo do construto,F3,o_paiz,1910-12-24,1,per178691_1910_09576,5,editorial,,O PROBLEMA CAMBIAL,substantivo,,,,,,,,,,,,,,,
per178691_1910_09581:p011:i0,0_censo_editorial_artigo,substantivo_editorial,censo do material mais proximo do construto,F3,o_paiz,1910-12-29,1,per178691_1910_09581,11,editorial,SECÇÃO LIVRE,CAIXA DE CONVERSÃO E TAXA CAMBIAL,substantivo,,,,,,,,,,,,,,,
per178691_1910_09581:p011:i1,0_censo_editorial_artigo,substantivo_editorial,censo do material mais proximo do construto,F3,o_paiz,1910-12-29,1,per178691_1910_09581,11,editorial,,,substantivo,,,,,,,,,,,,,,,
per178691_1911_09593:p001:i0,0_censo_editorial_artigo,substantivo_artigo,censo do material mais proximo do construto,F3,o_paiz,1911-01-10,1,per178691_1911_09593,1,artigo,,A PASTA DA VIAÇÃO,substantivo,,,,,,,,,,,,,,,
per178691_1912_10134:p001:i0,0_censo_editorial_artigo,substantivo_artigo,censo do material mais proximo do construto,F3,o_paiz,1912-07-05,1,per178691_1912_10134,1,artigo,,AS LIBRAS BRAZILEIRAS,substantivo,,,,,,,,,,,,,,,
per178691_1913_10534:p002:i2,0_censo_editorial_artigo,substantivo_artigo,censo do material mais proximo do construto,F3,o_paiz,1913-08-09,1,per178691_1913_10534,2,artigo,A IMPRENSA,,substantivo,,,,,,,,,,,,,,,
per178691_1913_10535:p003:i0,0_censo_editorial_artigo,substantivo_artigo,censo do material mais proximo do construto,F3,o_paiz,1913-08-11,1,per178691_1913_10535,3,artigo,,A CRISE E A OPINIÃO DOS COMPETENTES,substantivo,,,,,,,,,,,,,,,
per178691_1913_10677:p003:i0,0_censo_editorial_artigo,substantivo_artigo,censo do material mais proximo do construto,F3,o_paiz,1913-12-31,1,per178691_1913_10677,3,artigo,,O SR. PINHEIRO MACHADO E A POLITICA NACIONAL,substantivo,,,,,,,,,,,,,,,
per089842_1914_05722:p002:i0,0_censo_editorial_artigo,substantivo_artigo,censo do material mais proximo do construto,F4,correio_manha,1914-10-25,1,per089842_1914_05722,2,artigo,Economias e impostos,OS REQUERIMENTOS DO SR. RUY,substantivo,,,,,,,,,,,,,,,
per090972_1914_18389:p005:i0,0_censo_editorial_artigo,substantivo_artigo,censo do material mais proximo do construto,F4,correio_paulistano,1914-09-27,1,per090972_1914_18389,5,artigo,,,substantivo,,,,,,,,,,,,,,,
per103730_1914_00189:p001:i0,0_censo_editorial_artigo,substantivo_artigo,censo do material mais proximo do construto,F4,gazeta_noticias,1914-07-09,1,per103730_1914_00189,1,artigo,,O EMPRESTIMO,substantivo,,,,,,,,,,,,,,,
per103730_1914_00288:p002:i0,0_censo_editorial_artigo,substantivo_editorial,censo do material mais proximo do construto,F4,gazeta_noticias,1914-10-16,1,per103730_1914_00288,2,editorial,A SITUAÇÃO FINANCEIRA,A situação financeira,substantivo,,,,,,,,,,,,,,,
per103730_1914_00345:p002:i0,0_censo_editorial_artigo,substantivo_editorial,censo do material mais proximo do construto,F4,gazeta_noticias,1914-12-12,1,per103730_1914_00345,2,editorial,A CAIXA DE CONVERSÃO,Suspende-se a retirada de ouro por um anno,substantivo,,,,,,,,,,,,,,,
per103730_1914_00346:p005:i0,0_censo_editorial_artigo,substantivo_artigo,censo do material mais proximo do construto,F4,gazeta_noticias,1914-12-13,1,per103730_1914_00346,5,artigo,A MORATORIA NA CAMARA,O projecto foi inteiramente refundido,substantivo,,,,,,,,,,,,,,,
per178691_1914_10897:p003:i0,0_censo_editorial_artigo,substantivo_artigo,censo do material mais proximo do construto,F4,o_paiz,1914-08-08,1,per178691_1914_10897,3,artigo,A EMISSÃO E A MORATORIA — O VOTO DO SENADO — Reunião das commissões,A EMISSÃO DE PAPEL-MOEDA,substantivo,,,,,,,,,,,,,,,
per178691_1914_10901:p003:i3,0_censo_editorial_artigo,substantivo_artigo,censo do material mais proximo do construto,F4,o_paiz,1914-08-12,1,per178691_1914_10901,3,artigo,,"APPROVAÇÃO DO PROJECTO (Sá Freire, Mendes de Almeida, Erico Coelho, Glycerio)",substantivo,,,,,,,,,,,,,,,
per178691_1914_11016:p001:i0,0_censo_editorial_artigo,substantivo_artigo,censo do material mais proximo do construto,F4,o_paiz,1914-12-05,1,per178691_1914_11016,1,artigo,,A MORATORIA,substantivo,,,,,,,,,,,,,,,
per089842_1906_01857:p005:d0,1_episodio,episodio_criacao,"janela 1906-08-01 a 1906-12-31, comparacao entre jornais",F1,correio_manha,1906-08-12,1,per089842_1906_01857,5,noticia,NO SENADO,,substantivo,,,,,,,,,,,,,,,
per089842_1906_01891:p002:i0,1_episodio,episodio_criacao,"janela 1906-08-01 a 1906-12-31, comparacao entre jornais",F1,correio_manha,1906-09-15,1,per089842_1906_01891,2,noticia,,A CAIXA DE CONVERSÃO,substantivo,,,,,,,,,,,,,,,
per089842_1906_01902:p001:i0,1_episodio,episodio_criacao,"janela 1906-08-01 a 1906-12-31, comparacao entre jornais",F1,correio_manha,1906-09-26,1,per089842_1906_01902,1,noticia,NA CAMARA,A CAIXA DE CONVERSÃO,substantivo,,,,,,,,,,,,,,,
per089842_1906_01905:p001:i5,1_episodio,episodio_criacao,"janela 1906-08-01 a 1906-12-31, comparacao entre jornais",F1,correio_manha,1906-09-29,1,per089842_1906_01905,1,noticia,,,substantivo,,,,,,,,,,,,,,,
per089842_1906_01965:p001:i1,1_episodio,episodio_criacao,"janela 1906-08-01 a 1906-12-31, comparacao entre jornais",F1,correio_manha,1906-11-28,1,per089842_1906_01965,1,noticia,,,substantivo,,,,,,,,,,,,,,,
per089842_1906_01965:p001:i2,1_episodio,episodio_criacao,"janela 1906-08-01 a 1906-12-31, comparacao entre jornais",F1,correio_manha,1906-11-28,1,per089842_1906_01965,1,noticia,,,substantivo,,,,,,,,,,,,,,,
per089842_1906_01972:p001:i0,1_episodio,episodio_criacao,"janela 1906-08-01 a 1906-12-31, comparacao entre jornais",F1,correio_manha,1906-12-05,1,per089842_1906_01972,1,noticia,HOJE,,substantivo,,,,,,,,,,,,,,,
per090972_1906_15441:p001:i0,1_episodio,episodio_criacao,"janela 1906-08-01 a 1906-12-31, comparacao entre jornais",F1,correio_paulistano,1906-08-14,1,per090972_1906_15441,1,noticia,,,substantivo,,,,,,,,,,,,,,,
per090972_1906_15459:p002:i0,1_episodio,episodio_criacao,"janela 1906-08-01 a 1906-12-31, comparacao entre jornais",F1,correio_paulistano,1906-09-01,1,per090972_1906_15459,2,telegrama,URUGUAY,,substantivo,,,,,,,,,,,,,,,
per090972_1906_15459:p002:i1,1_episodio,episodio_criacao,"janela 1906-08-01 a 1906-12-31, comparacao entre jornais",F1,correio_paulistano,1906-09-01,1,per090972_1906_15459,2,telegrama,FRANÇA,,substantivo,,,,,,,,,,,,,,,
per090972_1906_15494:p002:i1,1_episodio,episodio_criacao,"janela 1906-08-01 a 1906-12-31, comparacao entre jornais",F1,correio_paulistano,1906-10-06,1,per090972_1906_15494,2,noticia,,,substantivo,,,,,,,,,,,,,,,
per090972_1906_15494:p002:i2,1_episodio,episodio_criacao,"janela 1906-08-01 a 1906-12-31, comparacao entre jornais",F1,correio_paulistano,1906-10-06,1,per090972_1906_15494,2,noticia,,,substantivo,,,,,,,,,,,,,,,
per090972_1906_15498:p001:i0,1_episodio,episodio_criacao,"janela 1906-08-01 a 1906-12-31, comparacao entre jornais",F1,correio_paulistano,1906-10-10,1,per090972_1906_15498,1,telegrama,TELEGRAMMAS,,substantivo,,,,,,,,,,,,,,,
per090972_1906_15563:p002:i0,1_episodio,episodio_criacao,"janela 1906-08-01 a 1906-12-31, comparacao entre jornais",F1,correio_paulistano,1906-12-15,1,per090972_1906_15563,2,noticia,,Caixa de Conversão,substantivo,,,,,,,,,,,,,,,
per103730_1906_00247:p001:d0,1_episodio,episodio_criacao,"janela 1906-08-01 a 1906-12-31, comparacao entre jornais",F1,gazeta_noticias,1906-09-04,1,per103730_1906_00247,1,noticia,,A CAMARA DOS DEPUTADOS,substantivo,,,,,,,,,,,,,,,
per103730_1906_00268:p003:i0,1_episodio,episodio_criacao,"janela 1906-08-01 a 1906-12-31, comparacao entre jornais",F1,gazeta_noticias,1906-09-25,1,per103730_1906_00268,3,noticia,CAMARA DOS DEPUTADOS,Congresso Nacional,substantivo,,,,,,,,,,,,,,,
per103730_1906_00275:p001:i0,1_episodio,episodio_criacao,"janela 1906-08-01 a 1906-12-31, comparacao entre jornais",F1,gazeta_noticias,1906-10-09,1,per103730_1906_00275,1,noticia,Notas e Noticias,,substantivo,,,,,,,,,,,,,,,
per103730_1906_00282:p001:i0,1_episodio,episodio_criacao,"janela 1906-08-01 a 1906-12-31, comparacao entre jornais",F1,gazeta_noticias,1906-10-09,1,per103730_1906_00282,1,noticia,Notas e Noticias,A VOTAÇÃO DE HONTEM,substantivo,,,,,,,,,,,,,,,
per103730_1906_00282:p001:i2,1_episodio,episodio_criacao,"janela 1906-08-01 a 1906-12-31, comparacao entre jornais",F1,gazeta_noticias,1906-10-09,1,per103730_1906_00282,1,noticia,,Caixa de Conversão,substantivo,,,,,,,,,,,,,,,
per103730_1906_00282:p001:i3,1_episodio,episodio_criacao,"janela 1906-08-01 a 1906-12-31, comparacao entre jornais",F1,gazeta_noticias,1906-10-09,1,per103730_1906_00282,1,noticia,EXTERIOR,,substantivo,,,,,,,,,,,,,,,
per103730_1906_00314:p002:i0,1_episodio,episodio_criacao,"janela 1906-08-01 a 1906-12-31, comparacao entre jornais",F1,gazeta_noticias,1906-11-10,1,per103730_1906_00314,2,outro,,"BANCO DO BRASIL - RELATORIO apresentado ao Exmo. Sr. Ministro da Fazenda pelo Director da Carteira de Cambio, Custodio José Coelho de Almeida, de 2 de janeiro a 31 de outubro de 1906",substantivo,,,,,,,,,,,,,,,
per103730_1906_00342:p001:i0,1_episodio,episodio_criacao,"janela 1906-08-01 a 1906-12-31, comparacao entre jornais",F1,gazeta_noticias,1906-12-08,1,per103730_1906_00342,1,noticia,Notas e Noticias,,substantivo,,,,,,,,,,,,,,,
per103730_1906_00347:p001:i1,1_episodio,episodio_criacao,"janela 1906-08-01 a 1906-12-31, comparacao entre jornais",F1,gazeta_noticias,1906-12-13,1,per103730_1906_00347,1,noticia,,,substantivo,,,,,,,,,,,,,,,
per178691_1906_08020:p001:i0,1_episodio,episodio_criacao,"janela 1906-08-01 a 1906-12-31, comparacao entre jornais",F1,o_paiz,1906-09-08,1,per178691_1906_08020,1,noticia,,CAIXA DE CONVERSÃO,substantivo,,,,,,,,,,,,,,,
per178691_1906_08027:p001:i0,1_episodio,episodio_criacao,"janela 1906-08-01 a 1906-12-31, comparacao entre jornais",F1,o_paiz,1906-09-25,1,per178691_1906_08027,1,noticia,,CAIXA DE CONVERSÃO,substantivo,,,,,,,,,,,,,,,
per178691_1906_08027:p001:i1,1_episodio,episodio_criacao,"janela 1906-08-01 a 1906-12-31, comparacao entre jornais",F1,o_paiz,1906-09-25,1,per178691_1906_08027,1,noticia,Echos & Factos,,substantivo,,,,,,,,,,,,,,,
per178691_1906_08029:p001:i0,1_episodio,episodio_criacao,"janela 1906-08-01 a 1906-12-31, comparacao entre jornais",F1,o_paiz,1906-09-27,1,per178691_1906_08029,1,noticia,,CAIXA DE CONVERSÃO,substantivo,,,,,,,,,,,,,,,
per178691_1906_08029:p001:i1,1_episodio,episodio_criacao,"janela 1906-08-01 a 1906-12-31, comparacao entre jornais",F1,o_paiz,1906-09-27,1,per178691_1906_08029,1,noticia,,A AGENCIA LONDRINA,substantivo,,,,,,,,,,,,,,,
per089842_1908_02388:p003:i0,1_episodio,episodio_paris_1908,"janela 1908-01-01 a 1908-12-31, comparacao entre jornais",F2,correio_manha,1908-01-27,1,per089842_1908_02388,3,noticia,VIDA MINEIRA,Juiz de Fora,substantivo,,,,,,,,,,,,,,,
per089842_1908_02502:p005:i0,1_episodio,episodio_paris_1908,"janela 1908-01-01 a 1908-12-31, comparacao entre jornais",F2,correio_manha,1908-05-21,1,per089842_1908_02502,5,noticia,Banco do Brasil,,substantivo,,,,,,,,,,,,,,,
per089842_1908_02698:p001:i1,1_episodio,episodio_paris_1908,"janela 1908-01-01 a 1908-12-31, comparacao entre jornais",F2,correio_manha,1908-12-03,1,per089842_1908_02698,1,noticia,,,substantivo,,,,,,,,,,,,,,,
per089842_1908_02698:p001:i2,1_episodio,episodio_paris_1908,"janela 1908-01-01 a 1908-12-31, comparacao entre jornais",F2,correio_manha,1908-12-03,1,per089842_1908_02698,1,noticia,,O Convenio no Senado,substantivo,,,,,,,,,,,,,,,
per103730_1908_00278:p005:i0,1_episodio,episodio_paris_1908,"janela 1908-01-01 a 1908-12-31, comparacao entre jornais",F2,gazeta_noticias,1908-10-04,1,per103730_1908_00278,5,telegrama,Boletim do Estrangeiro,,substantivo,,,,,,,,,,,,,,,
per103730_1908_00278:p005:i1,1_episodio,episodio_paris_1908,"janela 1908-01-01 a 1908-12-31, comparacao entre jornais",F2,gazeta_noticias,1908-10-04,1,per103730_1908_00278,5,telegrama,Boletim do Estrangeiro,De Portugal,substantivo,,,,,,,,,,,,,,,
per103730_1908_00278:p005:i6,1_episodio,episodio_paris_1908,"janela 1908-01-01 a 1908-12-31, comparacao entre jornais",F2,gazeta_noticias,1908-10-04,1,per103730_1908_00278,5,noticia,,,substantivo,,,,,,,,,,,,,,,
per178691_1908_08613:p002:i0,1_episodio,episodio_paris_1908,"janela 1908-01-01 a 1908-12-31, comparacao entre jornais",F2,o_paiz,1908-05-03,1,per178691_1908_08613,2,noticia,,POLITICA DE SANTA CATHARINA,substantivo,,,,,,,,,,,,,,,
per103730_1911_00052:p001:i0,1_episodio,episodio_taxa_16d,"janela 1910-10-01 a 1911-03-31, comparacao entre jornais",F3,gazeta_noticias,1911-02-21,1,per103730_1911_00052,1,noticia,Notas e Noticias,A REMESSA DE UM MILHÃO,substantivo,,,,,,,,,,,,,,,
per103730_1911_00063:p006:i0,1_episodio,episodio_taxa_16d,"janela 1910-10-01 a 1911-03-31, comparacao entre jornais",F3,gazeta_noticias,1911-03-03,1,per103730_1911_00063,6,noticia,BOLSA,,substantivo,,,,,,,,,,,,,,,
per178691_1910_09535:p003:i0,1_episodio,episodio_taxa_16d,"janela 1910-10-01 a 1911-03-31, comparacao entre jornais",F3,o_paiz,1910-11-11,1,per178691_1910_09535,3,noticia,,,substantivo,,,,,,,,,,,,,,,
per178691_1910_09540:p002:i0,1_episodio,episodio_taxa_16d,"janela 1910-10-01 a 1911-03-31, comparacao entre jornais",F3,o_paiz,1910-11-18,1,per178691_1910_09540,2,noticia,,,substantivo,,,,,,,,,,,,,,,
per178691_1910_09540:p002:i1,1_episodio,episodio_taxa_16d,"janela 1910-10-01 a 1911-03-31, comparacao entre jornais",F3,o_paiz,1910-11-18,1,per178691_1910_09540,2,noticia,,A TAXA CAMBIAL,substantivo,,,,,,,,,,,,,,,
per178691_1910_09574:p009:i1,1_episodio,episodio_taxa_16d,"janela 1910-10-01 a 1911-03-31, comparacao entre jornais",F3,o_paiz,1910-12-22,1,per178691_1910_09574,9,tabela_boletim,,,substantivo,,,,,,,,,,,,,,,
per178691_1910_09574:p009:i2,1_episodio,episodio_taxa_16d,"janela 1910-10-01 a 1911-03-31, comparacao entre jornais",F3,o_paiz,1910-12-22,1,per178691_1910_09574,9,tabela_boletim,,,substantivo,,,,,,,,,,,,,,,
per178691_1910_09576:p005:i1,1_episodio,episodio_taxa_16d,"janela 1910-10-01 a 1911-03-31, comparacao entre jornais",F3,o_paiz,1910-12-24,1,per178691_1910_09576,5,noticia,CONGRESSO NACIONAL,,substantivo,,,,,,,,,,,,,,,
per178691_1910_09581:p011:i2,1_episodio,episodio_taxa_16d,"janela 1910-10-01 a 1911-03-31, comparacao entre jornais",F3,o_paiz,1910-12-29,1,per178691_1910_09581,11,noticia,,,substantivo,,,,,,,,,,,,,,,
per178691_1910_09583:p005:i1,1_episodio,episodio_taxa_16d,"janela 1910-10-01 a 1911-03-31, comparacao entre jornais",F3,o_paiz,1910-12-31,1,per178691_1910_09583,5,noticia,,,substantivo,,,,,,,,,,,,,,,
per089842_1914_05679:p002:i0,1_episodio,episodio_suspensao,"janela 1914-07-01 a 1914-12-31, comparacao entre jornais",F4,correio_manha,1914-09-12,1,per089842_1914_05679,2,noticia,DISCUTE-SE A MORATORIA,,substantivo,,,,,,,,,,,,,,,
per089842_1914_05762:p004:i0,1_episodio,episodio_suspensao,"janela 1914-07-01 a 1914-12-31, comparacao entre jornais",F4,correio_manha,1914-12-04,1,per089842_1914_05762,4,noticia,NA CAMARA,O sr. Serzedello apreecia a nossa situação economica e financeira,substantivo,,,,,,,,,,,,,,,
per090972_1914_18303:p004:i0,1_episodio,episodio_suspensao,"janela 1914-07-01 a 1914-12-31, comparacao entre jornais",F4,correio_paulistano,1914-07-03,1,per090972_1914_18303,4,telegrama,Argentina,CONVERSAO,substantivo,,,,,,,,,,,,,,,
per090972_1914_18335:p002:i2,1_episodio,episodio_suspensao,"janela 1914-07-01 a 1914-12-31, comparacao entre jornais",F4,correio_paulistano,1914-08-04,1,per090972_1914_18335,2,noticia,,A MORATORIA,substantivo,,,,,,,,,,,,,,,
per090972_1914_18335:p002:i4,1_episodio,episodio_suspensao,"janela 1914-07-01 a 1914-12-31, comparacao entre jornais",F4,correio_paulistano,1914-08-04,1,per090972_1914_18335,2,noticia,,,substantivo,,,,,,,,,,,,,,,
per090972_1914_18335:p002:i8,1_episodio,episodio_suspensao,"janela 1914-07-01 a 1914-12-31, comparacao entre jornais",F4,correio_paulistano,1914-08-04,1,per090972_1914_18335,2,telegrama,A situação financeira,IMPORTANTE REUNIÃO NO PALACIO DO CATTETE — O PRESIDENTE DA REPUBLICA RESOLVE DECRETAR FERIADO NACIONAL ATÉ 15 DO CORRENTE,substantivo,,,,,,,,,,,,,,,
per090972_1914_18408:p006:i0,1_episodio,episodio_suspensao,"janela 1914-07-01 a 1914-12-31, comparacao entre jornais",F4,correio_paulistano,1914-10-16,1,per090972_1914_18408,6,telegrama,PEDIDO DE INFORMAÇÕES AO GOVERNO,"A RETIRADA DE VALORES DA CAIXA DE CONVERSAO; INFORMAÇÕES DO JORNAL ""A NOITE""",substantivo,,,,,,,,,,,,,,,
per103730_1914_00212:p004:i0,1_episodio,episodio_suspensao,"janela 1914-07-01 a 1914-12-31, comparacao entre jornais",F4,gazeta_noticias,1914-08-01,1,per103730_1914_00212,4,noticia,,Da Caixa de Conversão da Argentina sahiram hontem um milhão e 600 mil pesos.,substantivo,,,,,,,,,,,,,,,
per103730_1914_00212:p004:i1,1_episodio,episodio_suspensao,"janela 1914-07-01 a 1914-12-31, comparacao entre jornais",F4,gazeta_noticias,1914-08-01,1,per103730_1914_00212,4,telegrama,Um discurso do senador Vergara,,substantivo,,,,,,,,,,,,,,,
per103730_1914_00212:p004:i2,1_episodio,episodio_suspensao,"janela 1914-07-01 a 1914-12-31, comparacao entre jornais",F4,gazeta_noticias,1914-08-01,1,per103730_1914_00212,4,noticia,,,substantivo,,,,,,,,,,,,,,,
per103730_1914_00215:p002:i0,1_episodio,episodio_suspensao,"janela 1914-07-01 a 1914-12-31, comparacao entre jornais",F4,gazeta_noticias,1914-08-04,1,per103730_1914_00215,2,noticia,A SITUAÇÃO INTERNA,,substantivo,,,,,,,,,,,,,,,
per103730_1914_00215:p002:i1,1_episodio,episodio_suspensao,"janela 1914-07-01 a 1914-12-31, comparacao entre jornais",F4,gazeta_noticias,1914-08-04,1,per103730_1914_00215,2,noticia,NO MINISTERIO DA FAZENDA,,substantivo,,,,,,,,,,,,,,,
per103730_1914_00219:p002:i0,1_episodio,episodio_suspensao,"janela 1914-07-01 a 1914-12-31, comparacao entre jornais",F4,gazeta_noticias,1914-08-08,1,per103730_1914_00219,2,noticia,NO SENADO,E' approvada a moratoria por um mez prorogavel até 5. E' suspenso o troco de notas na Caixa de Conversão. As commissões de Finanças da Camara e do Senado approvam a emissão do papel moeda por 11 votos contra 6,substantivo,,,,,,,,,,,,,,,
per103730_1914_00219:p002:i1,1_episodio,episodio_suspensao,"janela 1914-07-01 a 1914-12-31, comparacao entre jornais",F4,gazeta_noticias,1914-08-08,1,per103730_1914_00219,2,noticia,O TRABALHO DAS COMMISSÕES REUNIDAS,,substantivo,,,,,,,,,,,,,,,
per103730_1914_00357:p001:i0,1_episodio,episodio_suspensao,"janela 1914-07-01 a 1914-12-31, comparacao entre jornais",F4,gazeta_noticias,1914-12-04,1,per103730_1914_00357,1,noticia,,O Banco do Brasil retira mais ouro da Caixa de Conversão e o remette para a Europa,substantivo,,,,,,,,,,,,,,,
per178691_1914_10897:p003:i1,1_episodio,episodio_suspensao,"janela 1914-07-01 a 1914-12-31, comparacao entre jornais",F4,o_paiz,1914-08-08,1,per178691_1914_10897,3,noticia,O QUE HOUVE NO SENADO,,substantivo,,,,,,,,,,,,,,,
per178691_1914_10897:p003:i2,1_episodio,episodio_suspensao,"janela 1914-07-01 a 1914-12-31, comparacao entre jornais",F4,o_paiz,1914-08-08,1,per178691_1914_10897,3,noticia,NO CATTETE,,substantivo,,,,,,,,,,,,,,,
per178691_1914_10897:p003:i3,1_episodio,episodio_suspensao,"janela 1914-07-01 a 1914-12-31, comparacao entre jornais",F4,o_paiz,1914-08-08,1,per178691_1914_10897,3,noticia,AS COMMISSÕES DE FINANÇAS,,substantivo,,,,,,,,,,,,,,,
per178691_1914_10897:p003:i4,1_episodio,episodio_suspensao,"janela 1914-07-01 a 1914-12-31, comparacao entre jornais",F4,o_paiz,1914-08-08,1,per178691_1914_10897,3,telegrama,UMA OPINIÃO DO DR. PAULO DE FRONTIN,,substantivo,,,,,,,,,,,,,,,
per178691_1914_10901:p003:i0,1_episodio,episodio_suspensao,"janela 1914-07-01 a 1914-12-31, comparacao entre jornais",F4,o_paiz,1914-08-12,1,per178691_1914_10901,3,noticia,APPROVAÇÃO DO PROJECTO,O PAPEL-MOEDA NO SENADO,substantivo,,,,,,,,,,,,,,,
per178691_1914_10957:p005:i0,1_episodio,episodio_suspensao,"janela 1914-07-01 a 1914-12-31, comparacao entre jornais",F4,o_paiz,1914-10-07,1,per178691_1914_10957,5,noticia,CONGRESSO NACIONAL / SENADO,,substantivo,,,,,,,,,,,,,,,
per090972_1907_15588:p001:i0,2_sorteio_estratificado,substantivo_sorteado,completar celula ate 6 pecas,F2,correio_paulistano,1907-01-10,1,per090972_1907_15588,1,noticia,Notas,,substantivo,,,,,,,,,,,,,,,
per090972_1907_15618:p002:i0,2_sorteio_estratificado,substantivo_sorteado,completar celula ate 6 pecas,F2,correio_paulistano,1907-02-09,1,per090972_1907_15618,2,noticia,,Negocios de S. Paulo,substantivo,,,,,,,,,,,,,,,
per090972_1907_15642:p001:i0,2_sorteio_estratificado,substantivo_sorteado,completar celula ate 6 pecas,F2,correio_paulistano,1907-03-06,1,per090972_1907_15642,1,noticia,RIO DE JANEIRO,,substantivo,,,,,,,,,,,,,,,
per090972_1907_15727:p002:i0,2_sorteio_estratificado,substantivo_sorteado,completar celula ate 6 pecas,F2,correio_paulistano,1907-05-29,1,per090972_1907_15727,2,noticia,INGLATERRA / LONDRES,A Caixa de Conversão,substantivo,,,,,,,,,,,,,,,
per090972_1909_16592:p003:i4,2_sorteio_estratificado,substantivo_sorteado,completar celula ate 6 pecas,F2,correio_paulistano,1909-10-15,1,per090972_1909_16592,3,noticia,Interior,DEPOSITOS NA CAIXA DE CONVERSÃO,substantivo,,,,,,,,,,,,,,,
per090972_1909_16610:p001:i1,2_sorteio_estratificado,substantivo_sorteado,completar celula ate 6 pecas,F2,correio_paulistano,,0,per090972_1909_16610,1,noticia,Faxina,REORGANIZAÇÃO DO DIRECTORIO — PROPOSTA DO CORONEL ACCACIO PIEDADE — A SOLENNIDADE DO ACTO — VARIAS NOTAS,substantivo,,,,,,,,,,,,,,,
per178691_1909_08948:p002:i0,2_sorteio_estratificado,substantivo_sorteado,completar celula ate 6 pecas,F2,o_paiz,1909-04-04,1,per178691_1909_08948,2,telegrama,O BRAZIL NA EUROPA,O BRAZIL NA EUROPA,substantivo,,,,,,,,,,,,,,,
per090972_1912_17747:p001:i1,2_sorteio_estratificado,substantivo_sorteado,completar celula ate 6 pecas,F3,correio_paulistano,1912-12-18,1,per090972_1912_17747,1,telegrama,,,substantivo,,,,,,,,,,,,,,,
per089842_1914_05470:p002:i0,2_sorteio_estratificado,substantivo_sorteado,completar celula ate 6 pecas,F4,correio_manha,1914-01-21,1,per089842_1914_05470,2,noticia,,CAIXA DE CONVERSÃO,substantivo,,,,,,,,,,,,,,,
per089842_1914_05586:p001:i0,2_sorteio_estratificado,substantivo_sorteado,completar celula ate 6 pecas,F4,correio_manha,1914-06-11,1,per089842_1914_05586,1,noticia,HOJE,Caixa de Conversão,substantivo,,,,,,,,,,,,,,,
per089842_1914_05586:p003:i0,2_sorteio_estratificado,substantivo_sorteado,completar celula ate 6 pecas,F4,correio_manha,1914-06-11,1,per089842_1914_05586,3,noticia,,A Caixa de Conversão vae recolher o nickel !,substantivo,,,,,,,,,,,,,,,
per090972_1908_16137:p002:i0,3_fronteira_negativa,operacional_rotina,fixar por escrito o que nao conta como debate,F2,correio_paulistano,1908-07-14,1,per090972_1908_16137,2,noticia,,Caixa de Conversão,operacional_rotina,,,,,,,,,,,,,,,
per090972_1909_16550:p003:i0,3_fronteira_negativa,operacional_rotina,fixar por escrito o que nao conta como debate,F2,correio_paulistano,1909-09-03,1,per090972_1909_16550,3,noticia,Santos,CAIXA DE CONVERSÃO,operacional_rotina,,,,,,,,,,,,,,,
per103730_1908_00005:p008:d0,3_fronteira_negativa,incidental,fixar por escrito o que nao conta como debate,F2,gazeta_noticias,1908-01-05,1,per103730_1908_00005,8,noticia,A' Espera,,incidental,,,,,,,,,,,,,,,
per178691_1907_08247:p001:i0,3_fronteira_negativa,incidental,fixar por escrito o que nao conta como debate,F2,o_paiz,1907-05-03,1,per178691_1907_08247,1,noticia,,O DIA PARLAMENTAR,incidental,,,,,,,,,,,,,,,
per178691_1909_08931:p002:d0,3_fronteira_negativa,operacional_rotina,fixar por escrito o que nao conta como debate,F2,o_paiz,1909-03-18,1,per178691_1909_08931,2,noticia,Melhoramentos da Cidade,,operacional_rotina,,,,,,,,,,,,,,,
per089842_1912_05079:p001:i0,3_fronteira_negativa,operacional_rotina,fixar por escrito o que nao conta como debate,F3,correio_manha,1912-12-27,1,per089842_1912_05079,1,tabela_boletim,,Caixa de Conversão,operacional_rotina,,,,,,,,,,,,,,,
per103730_1910_00041:p004:i0,3_fronteira_negativa,incidental,fixar por escrito o que nao conta como debate,F3,gazeta_noticias,1910-02-10,1,per103730_1910_00041,4,noticia,INTERIOR E JUSTIÇA,,incidental,,,,,,,,,,,,,,,
per103730_1911_00173:p003:i0,3_fronteira_negativa,operacional_rotina,fixar por escrito o que nao conta como debate,F3,gazeta_noticias,1911-06-22,1,per103730_1911_00173,3,tabela_boletim,,CAIXA DE CONVERSÃO,operacional_rotina,,,,,,,,,,,,,,,
per103730_1910_00334:p013:i3,3_fronteira_negativa,incidental,fixar por escrito o que nao conta como debate,F3,gazeta_noticias,,0,per103730_1910_00334,13,noticia,EM RESUMO,,incidental,,,,,,,,,,,,,,,
per178691_1911_09709:p002:i0,3_fronteira_negativa,operacional_rotina,fixar por escrito o que nao conta como debate,F3,o_paiz,1911-05-07,1,per178691_1911_09709,2,noticia,,CAIXA DE CONVERSÃO,operacional_rotina,,,,,,,,,,,,,,,
per089842_1914_05712:p006:i0,3_fronteira_negativa,incidental,fixar por escrito o que nao conta como debate,F4,correio_manha,1914-10-15,1,per089842_1914_05712,6,anuncio,,Caixa de Conversão,incidental,,,,,,,,,,,,,,,
per089842_1914_05714:p005:i0,3_fronteira_negativa,incidental,fixar por escrito o que nao conta como debate,F4,correio_manha,1914-10-17,1,per089842_1914_05714,5,anuncio,AGENTES,,incidental,,,,,,,,,,,,,,,
per090972_1914_18242:p004:i0,3_fronteira_negativa,operacional_rotina,fixar por escrito o que nao conta como debate,F4,correio_paulistano,1914-04-30,1,per090972_1914_18242,4,tabela_boletim,,CAIXA DE CONVERSÃO,operacional_rotina,,,,,,,,,,,,,,,
per090972_1914_18298:p005:i0,3_fronteira_negativa,operacional_rotina,fixar por escrito o que nao conta como debate,F4,correio_paulistano,1914-06-28,1,per090972_1914_18298,5,tabela_boletim,,CAIXA DE CONVERSÃO,operacional_rotina,,,,,,,,,,,,,,,
per178691_1914_10889:p002:i0,3_fronteira_negativa,operacional_rotina,fixar por escrito o que nao conta como debate,F4,o_paiz,1914-07-31,1,per178691_1914_10889,2,noticia,,A Caixa de Conversão.,operacional_rotina,,,,,,,,,,,,,,,
