id,data_inicio,data_fim,marco,tipo,fonte_tipo,fonte_ref,status,observacao
M001,1905-12-30,,"Lei orçamentária autoriza o governo a acordar com os estados cafeeiros sobre comércio, valorização e propaganda do café",lei,corpus,per090972_1906_15399:p002:i0,a_confirmar,"Citada como lei n. 1.452 de 30/12/1905 no Correio Paulistano e como lei de 30/12/1905 no discurso de Galeão Carvalhal"
M002,1906-02-25,,"Convênio de Taubaté assinado por Jorge Tibiriçá, Francisco Sales e Nilo Peçanha",evento,corpus,per178691_1910_09581:p011:i0,a_confirmar,"Carvalhal diz 25/02/1906; Correio da Manhã de 10/11/1906 fala em Convênio de 26 de fevereiro. Divergência de um dia a resolver na literatura"
M003,1906-07-03,,"Justificação do projeto propõe limite de 320 mil contos correspondentes a 15 milhões esterlinos",disputa_parlamentar,corpus,per090972_1906_15399:p002:i0,confirmado,"O mesmo montante em mil-réis vira 20 milhões esterlinos na redação final, pela mudança de taxa implícita"
M004,1906-09-19,,"Recomeça a terceira discussão do projeto na Câmara; Campista apresenta emendas sobre operações cambiais, agência em Londres e incorporação dos fundos de 1899",disputa_parlamentar,corpus,per089842_1906_01901:p001:i0,confirmado,
M005,1906-09-26,,"Noticiada ameaça de veto de Rodrigues Alves ao projeto da Caixa caso aprovado pelas duas casas",evento,corpus,per089842_1906_01902:p001:i1,a_confirmar,"Recuperado do campo ocr_contexto; a coluna texto desta peça traz artigo diferente. Conferir na página"
M006,1906-10-10,,"Câmara aprova a redação final: taxa de 15 dinheiros, limite de 320 mil contos correspondentes a 20 milhões esterlinos, agência em Londres autorizada",lei,corpus,per090972_1906_15499:p001:i0,confirmado,"Texto integral do projeto publicado pelo Correio Paulistano em 11/10/1906"
M007,1906-11-10,,"Relatório de Custodio Coelho, diretor da carteira de câmbio, reverte a posição de março e sustenta que a Caixa não quebra o padrão legal",evento,corpus,per089842_1906_01947:p001:i0,confirmado,
M008,1906-12-06,,Lei n. 1.575 cria a Caixa de Conversão,lei,corpus,per178691_1910_09576:p005:i0,confirmado,"Número e data citados no parecer da comissão de finanças do Senado de 1910"
M009,1907-01-01,,Caixa entra em funcionamento à taxa de 15 dinheiros,evento,corpus,per178691_1910_09574:p009:i0,a_confirmar,"Cincinato Braga diz que a Caixa começou a viver em 1907; data exata a confirmar"
M010,1907-08-14,,"Ministro da Fazenda anuncia incineração de dezesseis mil contos de papel-moeda por conta do fundo de garantia, cerca de um milhão de libras",evento,corpus,per089842_1907_04023:p001:i1,confirmado,
M011,1908-01-01,1908-12-31,"A taxa de 15 sofre pressão severa e só se sustenta com recursos acumulados de anos anteriores",evento,corpus,per178691_1910_09574:p009:i0,a_confirmar,"Cincinato Braga: a taxa de 15 abriu falência em 1908 e teria sido quebrada sem amparo do governo"
M012,1908-01-01,1908-12-31,"Empréstimo de conversão de 4.000.000 libras",operacao_financeira,corpus,per103730_1914_00288:p002:i0,a_confirmar,"Linha 1908 Conversão 4.000:000 na tabela de dívida externa do discurso de Alcindo Guanabara. Cruzar com a literatura sobre o financiamento em Paris e o monopólio Rothschild"
M013,1908-07-14,,"Emenda Barbosa Lima propõe cobrar direitos aduaneiros à taxa de 15 e não ao padrão legal",disputa_parlamentar,corpus,per089842_1908_02556:p005:i0,confirmado,"Na Alfândega a libra valia 20$000 enquanto no mercado valia 16$000"
M014,1910-04-01,1910-04-30,"Mensagem presidencial e exposição de Leopoldo de Bulhões pedem elevar a taxa para 16, deposito sem limite, delegação de futuras elevações ao Executivo e restauração do fundo de garantia",disputa_parlamentar,corpus,per178691_1910_09581:p011:i0,confirmado,"A Caixa caminhava para completar o limite de emissão"
M015,1910-05-04,1910-05-06,"Banco do Brasil passa a aplicar a taxa de 16 por ordem do ministro da Fazenda, antes de qualquer lei",evento,corpus,per089842_1910_03214:p001:i2,confirmado,"O comércio importador continuava pagando direitos a 15, gerando duplo câmbio"
M016,1910-11-22,,Discurso de Galeão Carvalhal na Câmara contra a elevação da taxa,disputa_parlamentar,corpus,per103730_1910_00360:p005:i0,confirmado,"Republicado pela Gazeta em 26/12/1910 e por O Paiz em secção livre em 29/12/1910"
M017,1910-12-14,,Discurso de Cincinato Braga na Câmara contra qualquer taxa acima de 15,disputa_parlamentar,corpus,per178691_1910_09574:p009:i0,confirmado,"Publicado por O Paiz em secção livre em 22/12/1910 e também pelo Correio da Manhã em 18/12/1910"
M018,1910-12-01,1910-12-31,"Lei eleva a taxa a 16 dinheiros, amplia o limite de depósito para 60 milhões esterlinos e restaura os fundos de resgate e garantia da lei 581 de 1899",lei,corpus,per178691_1910_09576:p005:i0,a_confirmar,"Número e data exata da lei a confirmar. O Correio Paulistano de 1913 fala em elevar de 320 mil para 900 mil contos o máximo de notas"
M019,1910-01-01,1910-12-31,"Fundo de garantia declarado inexistente ou desfalcado no debate; requerimentos de informação recusados no Senado e na Câmara",evento,corpus,per178691_1910_09581:p011:i1,confirmado,"Saldo escriturado de 8.069.093 libras sem explicação do destino"
M020,1912-01-15,,"Retiradas de cerca de três mil contos, aproximadamente um por cento dos depósitos, geram alarme na praça",evento,corpus,per103730_1912_00017:p001:i0,confirmado,
M021,1912-10-01,1913-12-31,"Guerra dos Bálcãs restringe o crédito internacional e inicia a fuga de ouro da Caixa",evento_externo,corpus,per103730_1914_00288:p002:i0,a_confirmar,"Alcindo Guanabara associa os dois; datar a inflexão com séries de depósitos"
M022,1913-11-05,,"Argumento de que os empréstimos externos dos estados sem autorização federal prejudicam o câmbio e assustam capitalistas europeus",disputa_publica,corpus,per090972_1913_18066:p001:i0,confirmado,"Peça de origem provavelmente francesa publicada pelo Correio Paulistano"
M023,1914-08-15,,Lei n. 2.862 suspende por 30 dias o troco das notas da Caixa por ouro,lei,corpus,per103730_1914_00345:p002:i0,confirmado,
M024,1914-09-15,,Lei n. 2.866 prorroga a suspensão do troco por 90 dias,lei,corpus,per103730_1914_00345:p002:i0,confirmado,
M025,1914-12-12,,"Câmara aprova prorrogação da suspensão até 31 de dezembro de 1915, com limitação por portador",lei,corpus,per103730_1914_00345:p002:i0,confirmado,"Votos contrários de Martim Francisco e Serzedello Corrêa por razões opostas"
M026,1914-01-01,1914-12-31,Segundo funding loan,operacao_financeira,corpus,per103730_1914_00288:p002:i0,a_confirmar,"Discurso de Alcindo Guanabara no Senado sobre as condições em que foi realizado"
