numero,status,http_status,pdf_sha256,byte_count,page_count,quando
1,ausente,404,,,,2026-07-18T03:07:40+00:00
2,ausente,404,,,,2026-07-18T03:07:40+00:00
3,ausente,404,,,,2026-07-18T03:07:40+00:00
4,ausente,404,,,,2026-07-18T03:07:40+00:00
5,ausente,404,,,,2026-07-18T03:07:40+00:00
6,ausente,404,,,,2026-07-18T03:07:40+00:00
18122,ok,200,f91782a9f58faf23c22a50e8fb84c7d15c5c8d6dc092aaaf6543a5f389addf4e,10255246,10,2026-07-18T03:07:44+00:00
18123,ok,200,1304ef4deb9d846fe21c1f4bad4ac8142105e816c5a257e0e86f66fe82118a4b,8642556,8,2026-07-18T03:07:48+00:00
18124,ok,200,6a3446ad56ff4463df7a466a1c39fdbe42af78537088e7078e6cc6e2b73424fe,9999825,10,2026-07-18T03:07:51+00:00
18125,ok,200,fbfef1cc51a4e893d397943e8b19c497ae9794bd9bc0c3f84e68ab13fe957981,10112452,10,2026-07-18T03:07:55+00:00
18126,ok,200,b8fe81b0e738f2ab53aaea957263457d7453aa510ae64d625ddf5b209daae987,8044735,8,2026-07-18T03:07:59+00:00
18127,ok,200,178aeaf3ab87bed4425386e2b451cdd0e4f75fb400abff16915a911996bcab68,10323973,10,2026-07-18T03:08:02+00:00
18128,ok,200,95ef2504e73685d3659e1bf3705f818ea74be565b9d25bae8f2e2437829cdefc,7927040,8,2026-07-18T03:08:06+00:00
18129,ok,200,0a9e7f6246af2bf2593e61af93ea5d3f6c90d620ee6df59e01e8685ac13af6a1,7979602,8,2026-07-18T03:08:09+00:00
18130,ok,200,b1fc1be682d6ce415065d037e6908c0dd21d55f71c57b15174c3af1d050c8c0b,9773536,10,2026-07-18T03:08:13+00:00
18131,ok,200,aeffcd9435e7da4e1e2e4cf0df05ef581d81ffd03642bb5e23c0727c9f5aa21d,9895718,10,2026-07-18T03:08:17+00:00
18132,ok,200,256fafc1ef98c2c01af3b24d730f475e76f23974ff4c34007814cdb20623ae53,9336987,10,2026-07-18T03:08:21+00:00
18133,ok,200,901452d90d8cbb2d1cb1138db492200c5ce47a1f47fe7b2accf0ed9de1b30f08,7844977,8,2026-07-18T03:08:24+00:00
18134,ok,200,cc295719ce76cdbd66852fd1299d44413bed9b5dff6e00622d5cd83d46830a70,9834170,10,2026-07-18T03:08:28+00:00
18135,ok,200,6b5e65607fc855aba9bbf98deb982e8828a05f92c92c36eab6ff36002edc3ab6,7687101,8,2026-07-18T03:08:32+00:00
18136,ok,200,f62eedac08634f1c9780f5dcb36605c6df8fb3f65a32d0233a5b5a5dc7c95ca5,12248128,12,2026-07-18T03:08:36+00:00
18137,ok,200,3c3b5a4389fa5eee3cbc14daca71945fe4954d4e1010d2ddc3375348e0840d11,9732818,10,2026-07-18T03:08:40+00:00
18138,ok,200,2175fa5e84ecb2905c20357c599d26fd116a6ef5020a5f17019d67b0431f491b,8311797,8,2026-07-18T03:08:44+00:00
18139,ok,200,549f35a7eddf0ed16ad76c7dada8a3189294271c1ee3e0b6fb906c480781fa56,9924886,10,2026-07-18T03:08:48+00:00
18140,ok,200,0f6c6cc614cf3bdc2dfdd4fda3dba9d1b55e70144f4cbcff1a12f97a8826c414,8007119,8,2026-07-18T03:08:51+00:00
18141,ok,200,51a8c7a203d5b040002f529eefb574f4bdf1fedbd976db3f2d47f376e915f4ed,9835535,10,2026-07-18T03:08:55+00:00
18142,ok,200,f2f9116fffb5a2bf0c91702c4a40eba66dc2e88331f81124b26ac1ab8798d48a,7812850,8,2026-07-18T03:08:59+00:00
18143,ok,200,7983a9ec8e40ad61698a1ff1b20f800aa0b7680007c2b1ce01fc7830512f1e37,10001040,10,2026-07-18T03:09:03+00:00
18144,ok,200,a0171dc1680e6086afeb4c7285d5f3b778298e1822f89d86fb3bd9854d1c2a7f,7894906,8,2026-07-18T03:09:06+00:00
18145,ok,200,fc60094eee1c016ae7938ec108d73b6c16c8ef05214bcbac99163aa969987521,8041045,8,2026-07-18T03:09:10+00:00
18146,ok,200,4dd61e4595dfdb3f88d38234f9bb6dc11863870620fa6dce416d8dc4903eeaaf,9764851,10,2026-07-18T03:09:14+00:00
18147,ok,200,7c324ad38890a7344e46e15f96eb35247572161a394ed41e214b75c809eb5a0e,7895733,8,2026-07-18T03:09:19+00:00
18148,ok,200,30fe0233a458448810d93ef127307ccc91d2389480785d0b4d5545a31f36872f,8087620,8,2026-07-18T03:09:23+00:00
18149,ok,200,c99cd2db7c6112281f98c781199dc49159638a7c25e53b3c888031cdae80ab93,7949574,8,2026-07-18T03:09:26+00:00
18150,ok,200,b1004fc8ede4d782e2acf48ef7e045f2d04dd9e8ac8e17fecf9a6fe138ef320b,9760869,10,2026-07-18T03:09:30+00:00
18151,ok,200,f964c129742e7bb2783cbfaf3c953b812ec7e40f85327c92f891a72b3a397035,7782569,8,2026-07-18T03:09:33+00:00
18152,ok,200,b3fc94a05759b824eefae90545e690604c17c18ab69d259df0d380eb86b99571,7942174,8,2026-07-18T03:09:37+00:00
18153,ok,200,55c254ead091e43b0284e4102144d6d29512ecb216496486709181243d4faf7b,9126792,10,2026-07-18T03:09:40+00:00
18154,ok,200,b697b534b4a43bb18bf27e071398d01d2e4d8d31b0795265ad77ff73f48a7ab8,7537959,8,2026-07-18T03:09:44+00:00
18155,ok,200,3d9120ceb04aeae8f37a0ad89f59863c2b62e872d68c31b2c6435a506a9787a2,7616548,8,2026-07-18T03:09:48+00:00
18156,ok,200,f6311430da4b5fc05a5927b1cc411e27a17e42f2462f02c123ac39d4fc025aa5,7526465,8,2026-07-18T03:09:52+00:00
18157,ok,200,0a6647b35819b1e8b7286b17a6cd77046e291046595dcd9593cf187c2847ddb5,7555615,8,2026-07-18T03:09:55+00:00
18158,ok,200,714bde16165a83ad0974d640ec3111fcef4632e3809dba50423652c53c94e846,7579742,8,2026-07-18T03:09:59+00:00
18159,ok,200,45ac2a14db614f8d11ad9f3ecd9581d98a2438b5182676806a1522f8c74798a9,9396332,10,2026-07-18T03:10:03+00:00
18160,ok,200,712736dcdc3be88082b782d07144524715acfb71563c074a3598c8c04db69843,9200270,10,2026-07-18T03:10:07+00:00
18161,ok,200,2c489b689fbc5743ae81fc34f1c4e594ab9f40e045272abdc7ef6c90e7ac9073,7637249,8,2026-07-18T03:10:10+00:00
18162,ok,200,8f8a32bb0cbc7d1becbcbeb828c3317c45be5442a724a6b6f82973accb081fc0,9885521,10,2026-07-18T03:10:15+00:00
18163,ok,200,c1215b760d3c624c8b1849cf2e0a01e274bbb699cf6a8d60cd6acd994624c507,9965503,10,2026-07-18T03:10:19+00:00
18164,ok,200,09523552de040aefa548bb45e8dde6ed345a8a974904e9d865cf2bce23571e93,7948733,8,2026-07-18T03:10:23+00:00
18165,ok,200,a6a45ea97a0d9a4c8d0905d048bbc8afdbb0764f87783695ab9c11f29f11b8d1,8079617,8,2026-07-18T03:10:27+00:00
18166,ok,200,4150607cc1486e80182be463e705fbfb0b0d79bfd60c5499882247b69565fae2,8183929,8,2026-07-18T03:10:31+00:00
18167,ok,200,8a0428038cc7e7bdf0664b7534f660de18c3077c5a147112141a28c04bd2b07d,9959152,10,2026-07-18T03:10:35+00:00
18168,ok,200,3f2dc300a024237eed3e371152d6d1c446d997393a145763449a05522015c929,8409334,8,2026-07-18T03:10:39+00:00
18169,ok,200,53c138d3fd94d3433d20160122a192b07b8c54aa9981f7f92054890870d24bf7,10479202,10,2026-07-18T03:10:43+00:00
18170,ok,200,b7d5ff74ab5ce941d067f6381d19ea43e8af116b34c0a27ff61dc2a8b9e6fe59,8515206,8,2026-07-18T03:10:47+00:00
18171,ok,200,56f2c9172de216ee61cb57e3450c3aafc80b31a47ebbe377446420ca6b072a2a,8206371,8,2026-07-18T03:10:51+00:00
18172,ok,200,e319e9a839acba5ec3aaa5159f5203d40d058638239eebd69690cb0f5b796e12,8362602,8,2026-07-18T03:10:55+00:00
18173,ok,200,b48c4f08f08c3943a5731bce0cd2d39e3fed7844461f5cf7070232c1ea2961a4,10243926,10,2026-07-18T03:10:58+00:00
18174,ok,200,06000eb227110e897b12e4fa340c9e0d3d8ae7732b88f5148e7908d3e0af7c6c,9940863,10,2026-07-18T03:11:02+00:00
18175,ok,200,0a876659113440df5ef9c0e885469338889aca2b4979f012f74bd9d7e9af30e9,8203851,8,2026-07-18T03:11:06+00:00
18176,ok,200,7a546bfc24b1c01bcdc80bd692d125eafb48190029d089108ed00666c8fb2f8c,8257518,8,2026-07-18T03:11:11+00:00
18177,ok,200,321d9057cd571b4783f98efde56cc5518c98aa6d8a6abc7451f835af7780aa35,9985912,10,2026-07-18T03:11:15+00:00
18178,ok,200,fe50471471bd1e88725347a3c39e6e8139507ddbfeb90b5c1cff51c351967cd7,8181172,8,2026-07-18T03:11:19+00:00
18179,ok,200,16c61f2d89a9c6f60d79afbe1321aa38e3f46850fcec80e60545df009a1c5235,10056102,10,2026-07-18T03:11:23+00:00
18180,ok,200,5edf4a32598daecaec8a392585f6733f65ab7a066be5485e40d2c1ff567d0680,10179395,10,2026-07-18T03:11:27+00:00
18181,ok,200,60ad2d7445a5c8236d74af32d34f1b1fd6696ecb3310e7ffc2193e77eb4135be,8161469,8,2026-07-18T03:11:30+00:00
18182,ok,200,08cfaecdf3cb753e314f63891aa9f7fb3a157b7ac97aab4e3712328d6168c613,8279703,8,2026-07-18T03:11:34+00:00
18183,ok,200,6eecb9f1ef72022932edff810e0d83179d86d6edeb21ced97ea66b7d56a7c545,8180365,8,2026-07-18T03:11:38+00:00
18184,ok,200,1f6ba662f2b04d15eae72d437ab84cf63d109eb9c12699536abcc7d004683df5,8148137,8,2026-07-18T03:11:41+00:00
18185,ok,200,2594850f31a082bdd2a6d1defdfbac753a7287d246a986f72effd465cba10a51,8253922,8,2026-07-18T03:11:45+00:00
18186,ok,200,deb1f942da3c4c73d7ae76795fb9defcd9f7a18e3189b1e958c702132f2a3e55,9600318,10,2026-07-18T03:11:49+00:00
18187,ok,200,7c4320a0e41eafcd1ad93fca8d00ec04b069080ed40aa121c066074332abfae0,7834384,8,2026-07-18T03:11:53+00:00
18188,ok,200,c94695bffc20734150d413a1bf9f66fcb649365949d7f8e5042625de2a3a894c,7818691,8,2026-07-18T03:11:56+00:00
18189,ok,200,c374967a44930b08df8ad21f7237765f5999528b5b6319bd8ca7ec5f2b3cb451,7897495,8,2026-07-18T03:12:00+00:00
18190,ok,200,def3b4321b0a60e404c320ff4c02d5f4a272a358e65bcf0af14b2f7fe60f4370,7748828,8,2026-07-18T03:12:04+00:00
18191,ok,200,4e599c73c3a5723b2458bdabea48c6a5b176d916395bf7c80cd897a271215030,7991663,8,2026-07-18T03:12:08+00:00
18192,ok,200,1ac2e9a3d7b4e1b14e80c8d856d48d98ff820043c7e2f90c2441d2fa17b3168b,7882030,8,2026-07-18T03:12:12+00:00
18193,ok,200,dff0245f7a6a46c50cd03ee9b4efb5d9017912b8c1f19903cba864f084f9c6ff,9736738,10,2026-07-18T03:12:16+00:00
18194,ok,200,c01ef132c75dd5f31e6eb68896a5127c81f0b455c38a5181f628c14ce1b3ba79,8107289,8,2026-07-18T03:12:19+00:00
18195,ok,200,c5b03bc0870666b08e5fabe5db510cc1c0e9d1983d89027cda18497b88d9fe33,8000423,8,2026-07-18T03:12:23+00:00
18196,ok,200,4945e4499ca3b38de4fd2f2d07b94d0d4cbb2941639ac36b9e97693b2f32669b,8046043,8,2026-07-18T03:12:27+00:00
18197,ok,200,39ac77ca9ef4537d6e495a0cd72e9edb2b7e8c6b838b66e84e0717cef6bf9f05,7895744,8,2026-07-18T03:12:31+00:00
18198,ok,200,791ca5ac1fd01798bd86db91e623ad2f8405a03b8b51a7e6785017241c084150,9838416,10,2026-07-18T03:12:38+00:00
18199,ok,200,6e8301c988af3ab06fe7d2072e9c927ee0d05397796aecffaf9fb4040add7b40,7953850,8,2026-07-18T03:12:44+00:00
18200,ok,200,c6da947fa17f5fa88828b9194921a29761606ef20b2231a2524c2c26338fa54a,9713908,10,2026-07-18T03:12:49+00:00
18201,ok,200,e15a5e700e6d0bd0234d3e9189b58bfac5880455a1d4b82acdd01f5b88e8e80b,8107671,8,2026-07-18T03:12:53+00:00
18202,ok,200,c3c3d66336b20b45b159d3f23507212dc00d9b4658c4590dc56d133e955e6bb7,8114700,8,2026-07-18T03:12:57+00:00
18203,ok,200,0ecce5616dcb5e0e99130379a32200ad3fb9e9c99b28f79e79f74fbb91135891,8174132,8,2026-07-18T03:13:02+00:00
18204,ok,200,40fbb6a5248d4da6dacda9523e2ba73f1a7ac6df836021298cd1743d19b6e299,10144399,10,2026-07-18T03:13:07+00:00
18205,ok,200,5b4b7306a77bc2e35966009cbb0a83056a14b3d9cfc57f50fc84fe62668c1de9,8107577,8,2026-07-18T03:13:11+00:00
18206,ok,200,f604fcd34e66982cc61bc3fa39b7a12f5341002fdf3b8abcf8c38390a53349eb,8163772,8,2026-07-18T03:13:16+00:00
18207,ok,200,12454f28a97f9d21e400a38ffe927fe2ea0a2bf1a27cfde09371ba52793f99a6,9979374,10,2026-07-18T03:13:22+00:00
18208,ok,200,603c997c0036cc52383eac8119980be884e6ff6af375432e4d2e69779eb489af,8404361,8,2026-07-18T03:13:27+00:00
18209,ok,200,220c61083666ccfdd43f967488944108fd5301b5a38364af69164f41a6ec3e3c,8076397,8,2026-07-18T03:13:32+00:00
18210,ok,200,91598986d49b7b5f38139c2b6d6594d6cbee83f7715d8a75928a811c0789aa46,8383063,8,2026-07-18T03:13:37+00:00
18211,ok,200,4385dc8c9fadfc8145985045b6a1581ac1f07074ad798a5127f5c16aa6557f86,8466606,8,2026-07-18T03:13:42+00:00
18212,ok,200,d31e0f27a33e931d91ab82fbf706025f40c954f3b85c4c6d9e89d548d37794c9,8374595,8,2026-07-18T03:13:47+00:00
18213,ok,200,e83e4119f12d66a3c44d4a554a8c00492a2a44747a172a89a09861db9c3ef5b0,10387491,10,2026-07-18T03:13:53+00:00
18214,ok,200,336e6d7f81bd45b39c812bba2c50b3aa45e01bb5f148078a7ebdb8880390dd36,10270176,10,2026-07-18T03:13:57+00:00
18215,ok,200,b55ffe20a2d36850033977c978c4ef141418a5aba41d4b44cbb1fc4172c82f97,8457446,8,2026-07-18T03:14:02+00:00
18216,ok,200,2f2ef086b5f6c80ba519cc7f7e2da1f23b8f18fc9a93fc5323ff45c611a5cb11,8480540,8,2026-07-18T03:14:06+00:00
18217,ok,200,02f80e5d98c798d8df5edd6f029015a2a3b5748c4843e60f38362c2e6b39a38e,10161741,10,2026-07-18T03:14:11+00:00
18218,ok,200,834bdd525695e6e5ab4a5cbd657475e24d7d5c9207c5045e54d2c7fb0de88519,8293170,8,2026-07-18T03:14:16+00:00
18219,ok,200,babc6dd8ba611b9b79e5634ddf5969e0dc3db4f24db997fbf0951d6b9e2d8998,8330274,8,2026-07-18T03:14:22+00:00
18220,ok,200,e1473851c7e07197e90daa3120f33812be09b620e3b5461c89e89f3e16fa4038,8466388,8,2026-07-18T03:14:26+00:00
18221,ok,200,adf400225a44a6cfeb9f5abf06f77f5a2a52f62653f66945cea6de09b8e5a0bb,8028553,8,2026-07-18T03:14:30+00:00
18222,ok,200,d231208eddfa1414755911b3770bdf7029adc3f9d490b4339f32d9613689c3cb,8325629,8,2026-07-18T03:14:34+00:00
18223,ok,200,50bd93da216acbb673565b2d84232f0e5aefec7e650e5c4f57c5da38de8dc3a7,7961668,8,2026-07-18T03:14:38+00:00
18224,ok,200,1a2298eef7be1a1062c4114a21e54d32f1e2408a0d63803e869994acebba2858,7899671,8,2026-07-18T03:14:42+00:00
18225,ok,200,77c474acd563938eac58c34ad9bedc807301541fe835b0c60ac33a28ec759806,7925257,8,2026-07-18T03:14:46+00:00
18226,ok,200,46b5743b67d7522317cb402631a15358c1c10a39e5603ee38f08e45c7e091980,7793599,8,2026-07-18T03:14:49+00:00
18227,ok,200,1e4184e8e267a7c530dad906de858a3275a3c3de0fed18fa6dd5db0a178363e4,9885229,10,2026-07-18T03:14:55+00:00
18228,ok,200,d2c91191e94f7a7c345cc62fca6095ba5840fa4ae6ee7945d278e3dc545aaf7e,11621047,12,2026-07-18T03:15:00+00:00
18229,ok,200,a9257bc174060728ae9fc5d1dcc0b5411f90cff95977e40cc8b27c39596b5555,7779118,8,2026-07-18T03:15:04+00:00
18230,ok,200,41a38c6365f8d843759aed011073fc7213bee47873f945aab694968dc53e54be,9850547,10,2026-07-18T03:15:10+00:00
18231,ok,200,7d0944408331db8cd817fe3d65fba2390953b0954e05551397446b1169ddbcad,6043341,6,2026-07-18T03:15:14+00:00
18232,ok,200,fde129dde6ff666ad0d444d5a9ede88d528ad628e221f34a9b6e998be8618583,8001838,8,2026-07-18T03:15:18+00:00
18233,ok,200,f7bf44d17a2890e2a1a6f9205e9c29030d4b463f08ab3a278b271883077b8dda,8148508,8,2026-07-18T03:15:23+00:00
18234,ok,200,34d4465cd82287dda4af7056f43d0eaac13f4ad7dae8e1552842147f3361aaff,8110581,8,2026-07-18T03:15:30+00:00
18235,ok,200,c74009ef79739e4efdac5a6d0b94a2f518360009907b44895f9b1f58a1ddd21c,7755287,8,2026-07-18T03:15:34+00:00
18236,ok,200,1531318b27695a1f7995e45eb7bf816d9b7dd507cf1db25250a03e22b342af1f,7816899,8,2026-07-18T03:15:38+00:00
18237,ok,200,cf1db58b37cff0a8c782def1334d5fa2b0d9adaafc32ffe0c836a7d2cac19c5f,7724584,8,2026-07-18T03:15:42+00:00
18238,ok,200,55668af53fc3f45dab392a0849f8c3d1a960e0b6e9b8873ae001177ac02545c9,7972905,8,2026-07-18T03:15:48+00:00
18239,ok,200,c47897069adb93fea2c5e8407c406a9f75baee9fc37e0f18a2bce83d3a28beef,8205760,8,2026-07-18T03:15:52+00:00
18240,ok,200,2db28ef2d9bae1478e8a9ebeaba8670e8738334d81baca868314db165d7a204f,8501510,8,2026-07-18T03:15:56+00:00
18241,ok,200,c80b643c5ddf80d3d2829fe60ce77118759b7018257eea7de804df48557dac10,8513429,8,2026-07-18T03:16:00+00:00
18242,ok,200,8a7fbd8c7bac9fb6f30e677fc49bde1f50de427522acdf3f4a25ba33af0280d6,10125316,10,2026-07-18T03:16:05+00:00
18243,ok,200,36720d946d83968fcbe87f4c6082dc665379ee9ade6fe134d11603c84d19e22d,8694561,8,2026-07-18T03:16:09+00:00
18244,ok,200,faf2edaf1541a08451d3a2e837eee727f8443579eb90e5ee1ef16cb56e3a6c1e,8910605,8,2026-07-18T03:16:14+00:00
18245,ok,200,6b3c7fe9d4a2cc69e50a84794e5e86b8ebb9a78e9b3b52dea949e818f52ab7a0,8393914,8,2026-07-18T03:16:18+00:00
18246,ok,200,d63c5d1044a068b42a7bf2557e97a0bae45ce8526462866c63e08a811bbc1b54,8179320,8,2026-07-18T03:16:23+00:00
18247,ok,200,789747dbb178a50291e7d4080e7f87d36d1c433bd84a85ef91bbc2f516c9e997,8124323,8,2026-07-18T03:16:26+00:00
18248,ok,200,61183246b5269c15fe3431c8dc1851a143ac737dc01098e2cb9ead390ac0607b,8222907,8,2026-07-18T03:16:31+00:00
18249,ok,200,742d433cfe831bfa1db6482d40c52a3b6c74e40c698ae9bfcfa0d8b0373897d8,9805625,10,2026-07-18T03:16:35+00:00
18250,ok,200,960f616e867893daacef3f55125c9bed5781adac5b78157ebecd2316900810e3,8081741,8,2026-07-18T03:16:39+00:00
18251,ok,200,1c0294281700090cf0108e3c0cd749831eeb76de6125996d59a974a96e77fe89,8220108,8,2026-07-18T03:16:43+00:00
18252,ok,200,4f86e4d9dde6bc36b1048f808b32bb955b66afdcafec765da4cc6d79beba26b9,10290376,10,2026-07-18T03:16:48+00:00
18253,ok,200,e2cec54e4079e6be893d5f4b97551f5ec8fd44c18864dc12aa71d1f2513ef50a,8068103,8,2026-07-18T03:16:52+00:00
18254,ok,200,563a44c2accdc9c530b4b37bd9076fc53fc76b795657b6e5aeb91b431d5daa2b,7810198,8,2026-07-18T03:16:56+00:00
18255,ok,200,0cd79cb052e5257ff719bfc05b05ddc5b80e46ddbafa0a90ebd2e4c628d28168,8036077,8,2026-07-18T03:17:01+00:00
18256,ok,200,7cad764966318a5ac47fa5d77846e1821b0f7bd5f60f700fcd90b44d9898138c,9721414,10,2026-07-18T03:17:05+00:00
18257,ok,200,286e530ba6bf60b4b5ee12751a0c2e7f45fddbd4dd20c06f4d984aaf9ef97a8d,7789118,8,2026-07-18T03:17:10+00:00
18258,ok,200,58472a04975ffcdd8aa583fe4edf117a20182698b4b06e760545915d367537a8,8334621,8,2026-07-18T03:17:15+00:00
18259,ok,200,bc66ebfe26a7714bb155f8d2ff5cec71d65ae9b04c898c9af8d0f4f8a0f7dfeb,8071473,8,2026-07-18T03:17:19+00:00
18260,ok,200,bb60101795a68f1d70fe2b734233a4257b2f7d188ae73d4509d1c20d7316d1e9,7891926,8,2026-07-18T03:17:24+00:00
18261,ok,200,ffe130a8efa2bf0487761b259ff84fda91e36017817717aa0aa5c0440e959b50,8051608,8,2026-07-18T03:17:28+00:00
18262,ok,200,88099a651b9f8b02cc8b685e596de59ec0d4158e75f7ddc8004d0fd198e486c5,7959445,8,2026-07-18T03:17:32+00:00
18263,ok,200,641aa1a68aa12ba964ae300c0a05a8b8850caabc7691a141536fa221831bcbe6,10046607,10,2026-07-18T03:17:37+00:00
18264,ok,200,cfb54c56d0eebe9b848f9e6134daebd1bfac47ef6265304607944409d7448eec,8122481,8,2026-07-18T03:17:41+00:00
18265,ok,200,01c053147200fbb1e8343461d3e3acf56ab5f77160e4c4c2efe00a547765b752,8128349,8,2026-07-18T03:17:45+00:00
18266,ok,200,0559ff440b41483deafee0245b157f8a5cb0ddd5c4bd1aec73ba707857112a4b,7951439,8,2026-07-18T03:17:49+00:00
18267,ok,200,494916065ac84a2838d6d9496af25ead3fd136840b8d41471c10cc9ebc8ad16e,7951496,8,2026-07-18T03:17:53+00:00
18268,ok,200,cccad32114f1e35ea675611fdc89cbc345902b9407bc047d45e0b7193c86a4e8,7934417,8,2026-07-18T03:17:57+00:00
18269,ok,200,05c43e5ba444c99dd5d6efc30cfe0fb510693a115390897100999c8841e3ec9c,7994368,8,2026-07-18T03:18:01+00:00
18270,ok,200,5ef55217d519b6fcc4000590e73372c97babf8c94877481d86acf345bc81d08c,9711129,10,2026-07-18T03:18:06+00:00
18271,ok,200,43577c68c75f343b7628e4226cbc66ea65153b246cb9dece3e1655b820dc3316,8096077,8,2026-07-18T03:18:10+00:00
18272,ok,200,c84901e995acc8595c64a094558306a6ee619981035826d7c2abc2e597cc93e0,8015316,8,2026-07-18T03:18:14+00:00
18273,ok,200,0600f5c6d2d2c55b384ef6db6e27d562738feedf05a51e4f639045a345171a46,8187327,8,2026-07-18T03:18:18+00:00
18274,ok,200,bcfe85afcf1e405e34cc42fe4b1bb3a60eb986b3f0edb589dc1c400cebb99665,8075071,8,2026-07-18T03:18:22+00:00
18275,ok,200,2a406708bafd1e2c18e49aa60dc390c0aca03437d81781c7bd11da5af688832c,8018254,8,2026-07-18T03:18:26+00:00
18276,ok,200,0686d80c36a69197b5b91e12ae7383cc6b067e88e975b1a9487e162bfb0fc058,9946657,10,2026-07-18T03:18:30+00:00
18277,ok,200,75746b1d1e2620e247b5c759c61d71c592d7204fcd0fd0ae39f53fa0a2671777,9724857,10,2026-07-18T03:18:34+00:00
18278,ok,200,0d447e2aa2d6fb1288d151b45429273496770bd794faae1f28e95e99fecddcc9,7978495,8,2026-07-18T03:18:39+00:00
18279,ok,200,37b75b72055b89114f3b55f58c2c7bb77fcfba3ea64bedc62f1f8ad74e191345,9878445,10,2026-07-18T03:18:43+00:00
18280,ok,200,ff947f513fc14d15fa713480335f67a848bbbf81227e98879bed376a380afe4b,7483343,8,2026-07-18T03:18:48+00:00
18281,ok,200,179d9385708f387de9d265d9add43ebc04d2111c1c573e4ebd42edb13cc745ad,7837328,8,2026-07-18T03:18:52+00:00
18282,ok,200,a960ac3b3558121f4e6b45957178ea469a5877d72a905e41b9547e82b0eacefe,7868146,8,2026-07-18T03:18:57+00:00
18283,ok,200,74425a625ca57ff3612d02a6accf059e78a64f908e55626fce0ee58928e01e22,7806927,8,2026-07-18T03:19:01+00:00
18284,ok,200,c684c641b0b5f906e1b2f1b6fbaa42a18a38937efd5e63ec343693979fe5d8a3,9541204,10,2026-07-18T03:19:05+00:00
18285,ok,200,fe7a5f97c32b71e48f1318ae14b98507eb2b2c8735d50c590466a418483e8407,8062889,8,2026-07-18T03:19:09+00:00
18286,ok,200,bd15ae47ec6f8a03fb2759a646e15078a8dfa2cdab03d935d7057cf9a49ceb24,7917929,8,2026-07-18T03:19:13+00:00
18287,ok,200,85d6bc902815aa49cf6a5cf34defed3fa0c09e422647955dbb45257cfd3a1a91,7877172,8,2026-07-18T03:19:17+00:00
18288,ok,200,aedbe703a063212a41589ef104a6de345ae31ca87611e51aae95685842e1c78e,9622981,10,2026-07-18T03:19:22+00:00
18289,ok,200,983042ab8b600124950d02cfe4a443680f6dd80f56c61109a92b9e8327e8fbaa,7664254,8,2026-07-18T03:19:26+00:00
18290,ok,200,c9746d56677b2de2d48b04cb1397ea01ee35fa75d6b23d6d5cc2c3f261469c86,7789937,8,2026-07-18T03:19:30+00:00
18291,ok,200,d17b7a94d8848e83aeff4cdb8561c412bf65312b94e58783649bf50575fd142e,9563830,10,2026-07-18T03:19:34+00:00
18292,ok,200,3e3d786a7b15ffe6b07033161a790ff73cae2657017c20e143c5db958c6a1b15,7956062,8,2026-07-18T03:19:38+00:00
18293,ok,200,00235bdf1eb8b598c1ced68033b721e77097c6130d281358e31af5ed077fab4a,7826916,8,2026-07-18T03:19:42+00:00
18294,ok,200,560f21ea40343a05abd206e8c241db49cb9e1594b23726d34851ee1a2e456f1f,9292372,10,2026-07-18T03:19:47+00:00
18295,ok,200,75b8e8c26c85f3ae4e3e13b6588d90cfa622e57f2aa133e8d4e636d6ad6297cf,7832614,8,2026-07-18T03:19:51+00:00
18296,ok,200,532a955b66045bcb6d0bb8d9b0bca3b02c135f5132bf85d31ff00a32b69fb761,15665163,18,2026-07-18T03:19:56+00:00
18297,ok,200,d35b92954722054f2fa603413d739a96253b504406a964e516296a74131de6fe,10102901,10,2026-07-18T03:20:01+00:00
18298,ok,200,1739cdaf99ab1bf7e1b5fd91453349ea32c00eb50189fa4ca4888e197f9990d3,11523849,12,2026-07-18T03:20:07+00:00
18299,ok,200,10b2c0f270aad838f5d9e07bc42bc28e1bffb98880ad003506dd6f562a97d4e7,8042704,8,2026-07-18T03:20:12+00:00
18300,ok,200,c28dddc96368b6c9b035d850f4152b62018058703cdc3bcfed03d1f73850d234,8039462,8,2026-07-18T03:20:17+00:00
18301,ok,200,2958cfbe891f3bbe5e9613653ad75735166d3b5f6a6742b782b7973c1ef472b3,12347635,12,2026-07-18T03:20:22+00:00
18302,ok,200,d8e63a456dc9b4088c979b9ff823a5245d5e17f1888de699ec646ca1f6c8186e,10058679,10,2026-07-18T03:20:26+00:00
18303,ok,200,6424a5f4990ea73f4d0dcc6bce5f0d2234ea69e55ee9bdd0728c8912b3223039,9937284,10,2026-07-18T03:20:31+00:00
18304,ok,200,6407a2a7773320a09ba74308e98bc69751a81a6b968afdfd5f2feaec4fd7bfeb,8264924,8,2026-07-18T03:20:35+00:00
18305,ok,200,b782b855b916c0ef71d6259101edb1c1a00e1f9ca0bd256d5681815a1a9d01ad,9626673,10,2026-07-18T03:20:41+00:00
18306,ok,200,f3f491dff43444790843efa9a78e9d41d5af6b3ee0d4c4004962049f6455dfda,8155524,8,2026-07-18T03:20:45+00:00
18307,ok,200,7cd81393bfe5c9edefe3c9d2b9338334498fec6d6dc2435d9ec4ba7f5bcfe25f,8165539,8,2026-07-18T03:20:51+00:00
18308,ok,200,76d5916ee899b3bd5882a495f1521b02062b58ce97d9d3d52c802f67f586fcd2,9753942,10,2026-07-18T03:20:55+00:00
18309,ok,200,6a8b13791fafc8e7646915d23f5af279dca9da472f3c5997b50bf1ccec9668b9,10137976,10,2026-07-18T03:20:59+00:00
18310,ok,200,e9cdbf2b6c3b333d967359a574989c191c69d952e63e0be9fe3054312e8d3dac,8108665,8,2026-07-18T03:21:04+00:00
18311,ok,200,90338d050800063d969dcfbf4e0897ac34dbad406d1d910131975eb0c06c13f9,9550811,10,2026-07-18T03:21:10+00:00
18312,ok,200,11470e3372ebad08d56040bc0d12e1024505aa8a2ab09a4472d663de3bc085db,10931060,12,2026-07-18T03:21:15+00:00
18313,ok,200,508f70018ac3d0724660ca79d2e26d4b224f6146413ba47708b59f9245970be2,7706671,8,2026-07-18T03:21:19+00:00
18314,ok,200,f93b7d5795359de4741baafc0d3319b2c5a12d3d01e3157604a630c239222af9,7707093,8,2026-07-18T03:21:25+00:00
18315,ok,200,27deca409a1c643f543386699c73496ed854bbe0d2a36a7526f707ed7ffcf6c1,9461930,10,2026-07-18T03:21:30+00:00
18316,ok,200,839d576afd4a12975ad004ba34311e9ded99f12eb4c5a7a86550ae0a0a6a253a,7955216,8,2026-07-18T03:21:35+00:00
18317,ok,200,3af4a6596c4bba26fbc86d3bc99c57356d38de04f9cc59863990e4c169adb0f2,10262202,10,2026-07-18T03:21:41+00:00
18318,ok,200,00034110382f8c2472d49362374f8987b4da0f47aa9c92b83d5fe65e4b0fa376,8361195,8,2026-07-18T03:21:45+00:00
18319,ok,200,502e8461fcdf14c9d9d9edd9c8db350dfc3961e7274071ec52ceee3fbe3d4e31,10079609,10,2026-07-18T03:21:51+00:00
18320,ok,200,f1d0d2e145fdb50f877c6a4bc2747cec8c848912650ab1f8bcc9e883f9774319,7903714,8,2026-07-18T03:21:55+00:00
18321,ok,200,11a3c895ba6e9aed2e3207041989c80a9ffe6f2657847445b1f2ac50aeeda76a,9734755,10,2026-07-18T03:22:00+00:00
18322,ok,200,cdec37faab840ec7c5c4df0e59d92533a2ca437a7a4d02e4431996e5cdf39e86,9181347,10,2026-07-18T03:22:05+00:00
18323,ok,200,8eb24369c3e5a484d2a4c22e711549080e7be24a577182d94fd346f55e7d07a2,9405104,10,2026-07-18T03:22:11+00:00
18324,ok,200,61f9eba93cafd82d8044c2a695153d9601f19ef0b8d02242dbc0a8b5f89d0e3c,9783649,10,2026-07-18T03:22:14+00:00
18325,ok,200,0dad4bf2d5102e484d546509ea1890024649538e9c8949bc95b90713f2f1261c,9517645,10,2026-07-18T03:22:18+00:00
18326,ok,200,4933ac507332f3a40ad8bf24fc522dc22a863de49fec6e8fdb742929eefafa20,11487788,12,2026-07-18T03:22:21+00:00
18327,ok,200,6af08e6000099f6000400c3fba04d5912265bbde2efcd983eaad8d89ca61ab7a,8047776,8,2026-07-18T03:22:25+00:00
18328,ok,200,05cefe5ec3af6c0b191be099972b8db3c063c37408f1d0c764cc362502528e54,9773833,10,2026-07-18T03:22:28+00:00
18329,ok,200,94db7b407e15f52ae80d89028dd0833b913edcf067ee7fa2a3a83511297faaa4,9906999,10,2026-07-18T03:22:31+00:00
18330,ok,200,6b08c37345fbfef40d941149d8a5d05dda930a790035b2793beb60a6d8d41ee0,8425329,8,2026-07-18T03:22:35+00:00
18331,ok,200,0dc567f87bfa4b2213988b451406adc11b2119cd4a08f68e10927e115c0f15d3,10153594,10,2026-07-18T03:22:38+00:00
18332,ok,200,542150fea63a334208225d6551f4ac4cdf7e42c73f489fc6dffd3869ced08bec,7965528,8,2026-07-18T03:22:41+00:00
18333,ok,200,f2d97f07243cdc0e6537726cb79abbbf22e265010beaab49446c803409f92dea,7615116,8,2026-07-18T03:22:44+00:00
18334,ok,200,ba211a5bfd099f418dd7722ed94868f8d1030b7a0f9a5ba580862eecf2a402ea,5460160,6,2026-07-18T03:22:47+00:00
18335,ok,200,9c0789b296c073c80c83601fc92def0bb0f8feca00db0a672d8d7462384a378a,5780623,6,2026-07-18T03:22:50+00:00
18336,ok,200,bdc625f1803e625305c813b39da988cf79c03421da4f79d4858cedb09be6cff5,5418098,6,2026-07-18T03:22:53+00:00
18337,ok,200,517403dfb4120a7d6683a7b4b9971f12238e33343dc664509008d6f9768c2a88,5409195,6,2026-07-18T03:22:56+00:00
18338,ok,200,37525a123fc8ad061cbe20a2261dad13b806ec227713c635d678b826c35e39f3,5168556,6,2026-07-18T03:22:59+00:00
18339,ok,200,aa444aaf7f8ae35bf38952f7e68c33b1308c8cdaa3f16003a9ba4b52d2cc024f,5541241,6,2026-07-18T03:23:02+00:00
18340,ok,200,d71cc7ee5ab3a045f8194d7bdb6c9609b94df65cb2dcfd8eb694087e9050aea7,7116798,8,2026-07-18T03:23:05+00:00
18341,ok,200,397d81e6af1782dd9c7f24cc5f111118f1656eec234800f57a1becb467ed6567,5293564,6,2026-07-18T03:23:08+00:00
18342,ok,200,676ee2c1b6d65bc29ba19d3ec4fb96f83e3f5567b6d990c2e8219b82cc9c20d3,5160028,6,2026-07-18T03:23:11+00:00
18343,ok,200,de03cbbd95fb9c2fe5fce14d59bc09b831ab7b4d3fceb4a562739f86e3172ea2,5329337,6,2026-07-18T03:23:14+00:00
18344,ok,200,f97e5e678f5aa87a280386c44cafa8ef0567a3941ce403a890eb9f5fad4e3117,5266897,6,2026-07-18T03:23:17+00:00
18345,ok,200,78451f627273a6bb69d2f3d565a7e03a0b9ff748a4edd7aa4748c3cc63401a18,5489481,6,2026-07-18T03:23:23+00:00
18346,ok,200,76db5f0ffca303d25b08c4c043a8dace9c9c6723056ff571268af2e702d02367,5427679,6,2026-07-18T03:23:26+00:00
18347,ok,200,f4950a21b96be97401afd4ba5028edb79926f0c9ead4554fc144b14e6aa8f56b,5306335,6,2026-07-18T03:23:29+00:00
18348,ok,200,a5da5dbfc8e3f107b3f9ba68b00cf161e00bec52b7f81db69aa3a6ad73a3331e,5606747,6,2026-07-18T03:23:32+00:00
18349,ok,200,e67c1fbd1b96e599eb08ef7a0e34e30f7794616fa30bad2e2a2f5e5e703a59f3,5447740,6,2026-07-18T03:23:35+00:00
18350,ok,200,9e3abb2abbdd3d41dbb6018e4afdc9a0b5ecdc449101f10ec1b4cfee085364f4,5894166,6,2026-07-18T03:23:39+00:00
18351,ok,200,8ec9b04aa318dd6642e73502bdff034939ae63ed3f9cb09e1dbfa2113f07da71,5893962,6,2026-07-18T03:23:42+00:00
18352,ok,200,44b025b673cda871a1695a0356d9a814cfa82bbb18cf7cf132363a43375f958b,7984615,8,2026-07-18T03:23:45+00:00
18353,ok,200,5778f6abd05dce89eb400f0762ec669202afe2a207bcf5f85c685807c28dd7db,5876487,6,2026-07-18T03:23:48+00:00
18354,ok,200,81b19ca1b356e7a59dd9edb162a703bf59523b5fc0524e711482ae7c8ab18f78,7865307,8,2026-07-18T03:23:51+00:00
18355,ok,200,dba3e4a66b780aef340cfb4fe7315fb094f47671dd2fa9f679baecc2dec3a1d4,5856927,6,2026-07-18T03:23:54+00:00
18356,ok,200,8344b804c01c13ab48c46ef8fa18c21196790085f6b612e583fc23d03367488e,5912867,6,2026-07-18T03:23:57+00:00
18357,ok,200,83257b42b95d4cfe4e14e81aedea2708296762da56eed8c797c5ad8961a05172,5736195,6,2026-07-18T03:24:00+00:00
18358,ok,200,dbe570c2452a96806463694ff6806a9a0fe1a52c6da992b1b9d116c3c3491500,5642532,6,2026-07-18T03:24:03+00:00
18359,ok,200,84ee590a90214f09ae8606d66dfb40eaab27872e541def8b4cebb357f4eeddab,8128995,8,2026-07-18T03:24:07+00:00
18360,ok,200,85a4565f80bba890150aa432b0eedcee84045f6a3dff18d7e75d5591030a9aea,6270195,6,2026-07-18T03:24:11+00:00
18361,ok,200,255e42cb23446a81d8452889ad480c3e7aef186df6aef1edc96c9492320928a7,7662999,8,2026-07-18T03:24:14+00:00
18362,ok,200,e400efe2078915196a9897334d202d27ec7b6e61ea687c00066d8fe07326980e,5873057,6,2026-07-18T03:24:17+00:00
18363,ok,200,e8160e570d88f77d7cec796a798ba42db198d9021fc4a7c324f8fc804762f2be,8242290,8,2026-07-18T03:24:20+00:00
18364,ok,200,7bd43252fa203ed6a4691fe2b4208bcf582026a2c6754021f0102138e3e9d2e3,5446242,6,2026-07-18T03:24:23+00:00
18365,ok,200,b2d745b76a8a18f826a8281b90d7f9e02927ccda2870bfdc92a8081025829ba0,8028519,8,2026-07-18T03:24:26+00:00
18366,ok,200,256af4bc8b0e654fe2ac1ed0f9889c9a6a0036b0246763749eb8d0d3b75332dc,7874851,8,2026-07-18T03:24:29+00:00
18367,ok,200,7b2660127cb15df2e3f8cf2b5979a1d7f6a23d1973694fe25977de3088f47160,5822714,6,2026-07-18T03:24:32+00:00
18368,ok,200,ef0ea42495ec260cad89dd3f050d8f1dc8241c2151245c10a9b95ace090f9936,7804263,8,2026-07-18T03:24:36+00:00
18369,ok,200,7c84ac01e03d1353650bc26524822a72eed204450badc25988e28341c8756a04,5888615,6,2026-07-18T03:24:39+00:00
18370,ok,200,66898fe57f6eaf227bf2fe5b011b3a5e397a33ce901412763f4f45603744d565,5465512,6,2026-07-18T03:24:42+00:00
18371,ok,200,c867e99b211c66949147d020d6e099a93d19afd9539b785804eef778168587f4,5355271,6,2026-07-18T03:24:45+00:00
18372,ok,200,126c72da2606f168b47d362310804283ff8fa93d1599c6e35369264dc6dadb9d,5724080,6,2026-07-18T03:24:49+00:00
18373,ok,200,30286075515bb370b837a145fbf0f145fbe4ee31749583c817d258f61fddaa67,5679647,6,2026-07-18T03:24:52+00:00
18374,ok,200,6589f5858637ba2833b4ed117b37de67c4ad5dab9383f2fa2a01256537585099,5833475,6,2026-07-18T03:24:55+00:00
18375,ok,200,c26ef2cc0200ce2caee51dac99ac9cf5b312515539c04791af754407b09330ea,7981057,8,2026-07-18T03:24:59+00:00
18376,ok,200,ac32b89ba8c8d3f9cb5e96f0c7b46dcc47a7fdf19ba03b259cc0adef4d9d25fd,5550048,6,2026-07-18T03:25:02+00:00
18377,ok,200,e9ba87c59b0c563546984635925be2055976fedf76e00b00e93b5b5269c66184,5289434,6,2026-07-18T03:25:05+00:00
18378,ok,200,763f21ce22641d7dae3686b5a3cd27a90c4fb5a11dccbbd10a7a1852fd7aa2b5,7566443,8,2026-07-18T03:25:08+00:00
18379,ok,200,9eed04ca2603522d721a4c4c43caf5d66c864d4bf264add5563f12e35b87beee,7361085,8,2026-07-18T03:25:12+00:00
18380,ok,200,601c6647d8eb098815e0226f5cd8b995f7c9ad2d3eefa275bd8a44539715fa81,5430520,6,2026-07-18T03:25:15+00:00
18381,ok,200,fdc953e52737ca55af82caa218354cb483a050f9ba0aece6a823290c786b667c,7111088,8,2026-07-18T03:25:18+00:00
18382,ok,200,a0865b5c712db4fb93b54c1b3ca8531c6df1067651428f602db69b3e474074ea,7131816,8,2026-07-18T03:25:21+00:00
18383,ok,200,1917fdfd34b4cdc322251936f20adbe0f3906e9a961b3260708b4fcffba55cc8,5425037,6,2026-07-18T03:25:24+00:00
18384,ok,200,fe8c3715bd33c369da8a53e23d59a9182c56387c380225eac64723ca5a2b90c7,7274390,8,2026-07-18T03:25:27+00:00
18385,ok,200,a7ded65d89280e4b25d36df5986f61cac9ed37cd91fb59126bb9be33d36c5b55,7177025,8,2026-07-18T03:25:30+00:00
18386,ok,200,0f25246a478857bc71d9139ffde944f951f46a6104ee3d316c984bce05768758,7110858,8,2026-07-18T03:25:33+00:00
18387,ok,200,24235fbca60bcf4d3fbad073453627c0b29dfa61a19fd43ce8d5f9e390db7b17,7313253,8,2026-07-18T03:25:36+00:00
18388,ok,200,71bc93fdc50809d92cd55d325a2e813fa958d5ea138397a92dba97c898e7ff96,7647772,8,2026-07-18T03:25:39+00:00
18389,ok,200,72885f5c63c77c158b23176df0049a88a29d95f30f98d752746e73ea6d4e8098,7139237,8,2026-07-18T03:25:42+00:00
18390,ok,200,13c9d6525c74343f6c913aafe60f4cb682db1180f650a94e5402e17290fde7de,7227130,8,2026-07-18T03:25:46+00:00
18391,ok,200,9f1292d1faa3081c74384322999bc0e89a169669095b6f03ae4039d3bd270a47,7086687,8,2026-07-18T03:25:49+00:00
18392,ok,200,cd0d2c023745f876c493d87996f0ec3231b6710f181560c25e922f140b1643cc,7307307,8,2026-07-18T03:25:52+00:00
18393,ok,200,e031cd231fffdeafc127ce9f29a8f87047406d07d7584d447190b1247d561b77,6998737,8,2026-07-18T03:25:55+00:00
18394,ok,200,e63a3d03f9f38c9057ebf1c2920be0e50c4b0e7d0bee6ee51f39002f357888be,7413498,8,2026-07-18T03:25:59+00:00
18395,ok,200,0ed47a83e74f2eb85ccd04b3a26f68d261a6dfbe463e85b59d7705e927526520,7511302,8,2026-07-18T03:26:02+00:00
18396,ok,200,76c3a9dca5c0ee967153951ba8650a8b99b00556fc824110d74ec154175e90ba,9503712,10,2026-07-18T03:26:05+00:00
18397,ok,200,510ced48b5b978a0da2d452cbdb0a8ac41db02e7253a54b1efc549bee69f00d7,7722776,8,2026-07-18T03:26:08+00:00
18398,ok,200,22b94a65b509e69a3fdeffaa48a8b63d32aa9799af2a12ae6c5e1b954523d851,7774587,8,2026-07-18T03:26:11+00:00
18399,ok,200,09ff6946f55b2a3e92d6af9a36e5da59d37ab4e6322bafeb031104b04df2f13b,7518422,8,2026-07-18T03:26:15+00:00
18400,ok,200,50eccf27ef372c8796cc2c581b92a1bbb3d8cdf0b1dc48deaa6e2ff4ab25e2ca,7681955,8,2026-07-18T03:26:18+00:00
18401,ok,200,c796ab745f549a780b30312962e94b04e18435e73f8cd94e6a1cbbb9934b1506,7684445,8,2026-07-18T03:26:22+00:00
18402,ok,200,e69d0e8b57755b848ba9c0fb9ac108f982981f55ff5d3fd60512d3d4fbc5962d,7567840,8,2026-07-18T03:26:25+00:00
18403,ok,200,a37695f332b51fcb0fdd3c9c7435ec93ab55c9baae5d038ec6c70fee71a5c99c,9450475,10,2026-07-18T03:26:29+00:00
18404,ok,200,0014f38724c0699dd02cdf11b9cb33a6adec300e8f5c42b096653a8fd3711841,7803110,8,2026-07-18T03:26:32+00:00
18405,ok,200,08ac77e1244a29c9bd59624bc33170c48553d5a672e3af5fd9dfec1faee032b7,7431212,8,2026-07-18T03:26:35+00:00
18406,ok,200,8bcf7fe6cd67c2b564bafd141dd6748fa31acc917c65e098c57ea9e4b0811328,9239048,10,2026-07-18T03:26:39+00:00
18407,ok,200,bf9ee189283c934234c931dedba85f986edc042249434f95566897101f408ca2,7735275,8,2026-07-18T03:26:42+00:00
18408,ok,200,c8f760350384e2053facbdb23c72ff51b0877f8a052acce7f4406c987ecfa0e2,9793273,10,2026-07-18T03:26:45+00:00
18409,ok,200,44a48a381860c0b323f82d3bea0ad1003f08bfe16b9f6ae8e72cd109e2052a16,10111636,10,2026-07-18T03:26:49+00:00
18410,ok,200,5bf8df792390856c9c78ca0acef0b3bf4ea0bfc1abeef191dad9cc990a34147b,9913308,10,2026-07-18T03:26:52+00:00
18411,ok,200,a03d776fa7eb796d99186293e2714d3af7f8e8d298d3f0eb03915f1d62de8704,8121462,8,2026-07-18T03:26:56+00:00
18412,ok,200,cb5c30138913f606d46dec1199d0321efede40be3da4f27da7d4dd3c885ed7b0,9994668,10,2026-07-18T03:26:59+00:00
18413,ok,200,0b11e30f08686fd77761f353a1a441fcf2ed89e0b24b793edaf3b2eb3a58ceda,8034800,8,2026-07-18T03:27:02+00:00
18414,ok,200,8631e9e8691335b4e461bfc828a09e01cd8e19f0b1cf95c2301baf573a909356,9842108,10,2026-07-18T03:27:06+00:00
18415,ok,200,6c213b3a31548ae11f037b94fc574318034d6da876ee8423e998a26d62033b19,9986666,10,2026-07-18T03:27:09+00:00
18416,ok,200,168a2c8fe00336a485a8c7d40c8849c9b93f36a663d1cda545b8c79b54dd701e,7864811,8,2026-07-18T03:27:12+00:00
18417,ok,200,dedf5da3138ca9d6d5bae83bff63dbd4c573d0bc602ca69e29e3bf119b846f1c,9721485,10,2026-07-18T03:27:15+00:00
18418,ok,200,508e050afa07f8969cc656bda662807b148c4f69ab48f98e3e4353d453e8862a,8057703,8,2026-07-18T03:27:18+00:00
18419,ok,200,7fd8ef23d7318c4c9de2c1d59deb1bdf9a5c319abd248d1adf6c97141182715f,8493520,8,2026-07-18T03:27:21+00:00
18420,ok,200,eb8783f7f72f1de21b2e3c1dbfebaabe5eeb50ed3664a18f34645bed00c71e71,8349878,8,2026-07-18T03:27:25+00:00
18421,ok,200,a9a3395102e7dc3bc9ae51121f79402dba88b6738a239e3b381ac653afee4852,10113069,10,2026-07-18T03:27:29+00:00
18422,ok,200,67f982e6c14571bc23db1426d3442d5f8120a43af58e7bf128fb13dc66dafb10,9902484,10,2026-07-18T03:27:33+00:00
18423,ok,200,72adc17d066eb36d575a00963247de91cb538b8d25f37989e53a1a4ac0911fee,9966059,10,2026-07-18T03:27:36+00:00
18424,ok,200,c220e412d0b35256cb8edbcd6264789ee2e15e2e95bc94a592973a1983885826,12007553,12,2026-07-18T03:27:41+00:00
18425,ok,200,dc067d9e257d1d5424e9dfea648a43ad15276b70b6190e81897fd9ae8049545f,7786149,8,2026-07-18T03:27:44+00:00
18426,ok,200,37a26997bda0a418f273cbac3009743fc0fe9638c66a589b372086efabc01869,7950261,8,2026-07-18T03:27:48+00:00
18427,ok,200,d793c7a0656c0649026ab15b43095195b8d3d977bdc97462d9bc1f110eecf66c,9704090,10,2026-07-18T03:27:51+00:00
18428,ok,200,c31f2028db69680ac55690b3a84992b7a2d14bdf21a7448154c2706dff6264f8,9653917,10,2026-07-18T03:27:54+00:00
18429,ok,200,91fb615a367d7ffd81a1d084db11bbfa3b27d5dc33e21e3790d1f3f4bbcb9789,9931076,10,2026-07-18T03:27:57+00:00
18430,ok,200,183f780c8a525876c457133971c2cc929c5aa986eb0f6a3887f1249adc2e5bfc,7962959,8,2026-07-18T03:28:00+00:00
18431,ok,200,1b57e56c38d3acfd0db47f1d40ba50a47b0afb5e885b4034711de49b4ea21723,9399890,10,2026-07-18T03:28:04+00:00
18432,ok,200,33c772a15946e0eb82c63ecfc4faeaf5a094a378fa7eac4e8571102ca3cf4c56,8010663,8,2026-07-18T03:28:07+00:00
18433,ok,200,7a1a72e4c8af28db103f4dcfe81768c9192c477479189f9161964e2bebd0ca14,7712678,8,2026-07-18T03:28:10+00:00
18434,ok,200,90fc995daae57cbb576d9acf7c667c2249217503a04956a7a676d6d65154d359,9158941,10,2026-07-18T03:28:14+00:00
18435,ok,200,f208dc4d774ac40d9eee742012b96b93ec0031e1b1cb6a3b1ecf83aa674f5de2,9998436,10,2026-07-18T03:28:17+00:00
18436,ok,200,5c87b56f8d776b4bea2997395fb5e9b253037fda537fdf52f80adc8f6e313b59,9898875,10,2026-07-18T03:28:20+00:00
18437,ok,200,5fc3eff564ddb69499921130446515327a4c6b3dd43337f21c7a511af29290c8,10686146,12,2026-07-18T03:28:23+00:00
18438,ok,200,cceafec8a0984b3027baaa914d850079f565815d6f51d1ffd8ef0153b1283ace,11306052,12,2026-07-18T03:28:27+00:00
18439,ok,200,dab1937800e136bc0208e5331b81553ba5163e4576729d925476ee3e12af92cf,7965705,8,2026-07-18T03:28:30+00:00
18440,ok,200,4ba5c9cd97f89bc8ebb76f5d615aefdf7905c5f1cf506c9934df40bbe14bf19f,9279719,10,2026-07-18T03:28:33+00:00
18441,ok,200,8864c45be9b532f1dc004108677fe677a2da47eaae083bbef957d9bce7898fc1,9718143,10,2026-07-18T03:28:36+00:00
18442,ok,200,69ea898cbd8d7c9d5727eaa0a050a6afefd67ad46c28bdaeca0840613d817310,9593474,10,2026-07-18T03:28:39+00:00
18443,ok,200,f62bbf4053d2b877b6c2ac910d12d4cacbab77ae93b01dbe49002f0afa41b0cf,9412661,10,2026-07-18T03:28:43+00:00
18444,ok,200,91d9d87b4ba2305ae16c352dc1572a5a44d227b9359c5194d600ed599e7c5991,9807715,10,2026-07-18T03:28:46+00:00
18445,ok,200,c4555b3426da311ad19bd5c3a6ea2123856423031caa112f497edddc9abadc17,11714097,12,2026-07-18T03:28:49+00:00
18446,ok,200,f388e3ef747f2535221a6d84dbb0014e42c29dbe90b77315e432cc7084e8844e,8076405,8,2026-07-18T03:28:52+00:00
18447,ok,200,ca60dbccfd949c32b07588ec68c35604c47c7201bf7bdd536d37af55b0f732d8,9910287,10,2026-07-18T03:28:56+00:00
18448,ok,200,edf14369c32024ba75afeca223ca94c6cf1f0916ccd806916b088405919b3df9,9814806,10,2026-07-18T03:28:59+00:00
18449,ok,200,a77df299862a4633e9158e6151f8cef57a2f8e35d39ad715e967c5d04ce7b143,10331658,10,2026-07-18T03:29:03+00:00
18450,ok,200,306eb055e77dd2998c853199beba792af1910f7bd85f1262889a6a0f6f46e176,10167435,10,2026-07-18T03:29:06+00:00
18451,ok,200,0a8e9ba800e3847fb8f6bd85d7c991f99a561fb08ae098a5bb257754add0a74e,12257414,12,2026-07-18T03:29:09+00:00
18452,ok,200,d35ef6e7ba39b2f88a6f049d48811346f03634e0289287bed4517044f5139de4,11366095,12,2026-07-18T03:29:13+00:00
18453,ok,200,052c338bdd62c46643712ff3bcebcc01c6864766b1ed91011211a14f46c338d0,7916193,8,2026-07-18T03:29:16+00:00
18454,ok,200,d4bc7c2744906fdfb4b6f8d67d2bd70c07e33fabcb421d4f50e87cb7fd70e17f,11362741,12,2026-07-18T03:29:19+00:00
18455,ok,200,4d627645f64c68485806ef1732ac0ad28b38cf9cf13b0d71dc980d9a9309023c,9045381,10,2026-07-18T03:29:27+00:00
18456,ok,200,78d6a7d448ebb3321164def989bd202907f95d8d2de4fff48e3671fea190c689,9425781,10,2026-07-18T03:29:32+00:00
18457,ok,200,f1b96699aacb017b1d5b9b9f77cea98c503b1eb86581273ed27e0b6c3a95d57d,9366109,10,2026-07-18T03:29:36+00:00
18458,ok,200,ecc4be6b6c1451dd98c4242768b838fa25b927902fdd692c4c2ad3cabb2c9a22,10520747,12,2026-07-18T03:29:43+00:00
18459,ok,200,1469d83da4b2ed9eaccafb1917dd4c15a8d5db60089b45402d1cf9a4b993dc01,10713682,12,2026-07-18T03:29:49+00:00
18460,ok,200,90020f7418fcb9fb1e402b0d2ad301f6955bb4b71a1e2b7cc0c86bccf40f3f17,7414989,8,2026-07-18T03:29:53+00:00
18461,ok,200,e339efdfa21e3a2b46a6793e67ef537d118bfcb417a13ee2b12231b31d9731ee,9427108,10,2026-07-18T03:29:59+00:00
18462,ok,200,f94c7b8e5ba8b1f5b2a45f9d2fa71f5eea0a9fd47c6bcbdc8b8e90d32f1df9d8,7253709,8,2026-07-18T03:30:03+00:00
18463,ok,200,070c76ca91f8df569531b3d4574cb0914a4eccde6d642d7e32d3b21ebdcd4079,10973260,12,2026-07-18T03:30:08+00:00
18464,ok,200,854aae0f664bfc0be798525d3c6c4e219bd0fede2801597beae513374b4c7089,9125024,10,2026-07-18T03:30:12+00:00
18465,ok,200,e5031f8ecd8b61618ba7ee80d61fa5a3e65f2477f0f632432c239977cd804166,10312667,12,2026-07-18T03:30:17+00:00
18466,ok,200,907930bb3ae3ece313df90252c2c7be8c047dc8d6461cb0caf6cb43e0a47fbf0,10704889,12,2026-07-18T03:30:22+00:00
18467,ok,200,8fcdc109b38fba9b1f40048d0324bb9d480e424f85a6b85aabbe238aebe2d25e,7013288,8,2026-07-18T03:30:26+00:00
18468,ok,200,3b36d1f9c7452e8e41ea48f86a194dff46ad3f777553a83c43618d06a9cf63b6,10733204,12,2026-07-18T03:30:32+00:00
18469,ok,200,558e765b6d84da90994d85a0c88c3ba77c9f32ac926398c421306549ba2aa4b7,11343045,12,2026-07-18T03:30:38+00:00
18470,ok,200,edd5ec6b3ddd55207af4f21c016c9ffe6322a15e2869aa5300e35d31c935374a,11773070,12,2026-07-18T03:30:44+00:00
18471,ok,200,e515b5cd48138e20e476afdc3f1caa2d048eaad95dbbdd307e288f7d428a55d2,11671248,12,2026-07-18T03:30:49+00:00
18472,ok,200,6448d444fb07ad169d0b793853b0fb1fa5f76f0adf92a9aaa5815a0738c84824,12059660,12,2026-07-18T03:30:54+00:00
18473,ok,200,ce1bd0a343bede9f068716e8cf26f5944bc614aa0b934eb2112bb53c12575600,11111369,12,2026-07-18T03:30:59+00:00
18474,ok,200,20103e1846fc7afe6615ee143122c30e6a6bc098c1a97fbcd959b33086513f82,8151670,8,2026-07-18T03:31:03+00:00
18475,ok,200,9fff84ac3b6223167eee8554eedeaa0feeccbb9e79a9a7f1d5dbd0a1faa5d330,11837276,12,2026-07-18T03:31:08+00:00
18476,ok,200,f7dcb29b2a5c72b1288ae3771e693572daaeddf80264caef2044fde826db4916,10894609,12,2026-07-18T03:31:13+00:00
18477,ok,200,1b7ee8ec9f5425d4c85118a5395f2eb5d8cf4bc56378817a8fc1aff9a2a27c3a,15942262,16,2026-07-18T03:31:18+00:00
18478,ok,200,66c81d438416984ef9fbb285d3233ca8af7ab56816838be83e6697cbc45989c6,11161855,12,2026-07-18T03:31:23+00:00
18479,ok,200,562fc35419bc1e2acbc8bec9925853125fc7b36716627e2b52eb7cb84bd28221,11403270,12,2026-07-18T03:31:28+00:00
18480,ok,200,0bf89eec8f5ebd9f185f3ba1347f130b4d89810efafe50e18baf5c67e06a68e2,7693099,8,2026-07-18T03:31:32+00:00
18481,ok,200,57bf18de02214d596666b05a2524e1ceed9ac3b3bdd36084febbb155644c2be7,11958142,12,2026-07-18T03:31:37+00:00
18482,ok,200,3628a446e499d98df7210ffe08ea285f81b82e0f0935de31e2546f4697310a49,12002342,12,2026-07-18T03:31:41+00:00
18483,ok,200,525639b5cd21def44e287963bb45d9a9900f996df28dcbb9187a60cb07fdaf76,11615287,12,2026-07-18T03:31:45+00:00
18484,ausente,404,,,,2026-07-18T03:31:48+00:00
18485,ausente,404,,,,2026-07-18T03:31:51+00:00
18486,ausente,404,,,,2026-07-18T03:31:54+00:00
18487,ausente,404,,,,2026-07-18T03:31:56+00:00
18488,ausente,404,,,,2026-07-18T03:31:59+00:00
18489,ausente,404,,,,2026-07-18T03:32:01+00:00
18490,ausente,404,,,,2026-07-18T03:32:04+00:00
18491,ausente,404,,,,2026-07-18T03:32:07+00:00
18492,ausente,404,,,,2026-07-18T03:32:10+00:00
18493,ausente,404,,,,2026-07-18T03:32:13+00:00
18494,ausente,404,,,,2026-07-18T03:32:15+00:00
18495,ausente,404,,,,2026-07-18T03:32:18+00:00
18496,ausente,404,,,,2026-07-18T03:32:21+00:00
18497,ausente,404,,,,2026-07-18T03:32:24+00:00
18498,ausente,404,,,,2026-07-18T03:32:26+00:00
18499,ausente,404,,,,2026-07-18T03:32:30+00:00
18500,ausente,404,,,,2026-07-18T03:32:33+00:00
18501,ausente,404,,,,2026-07-18T03:32:36+00:00
18502,ausente,404,,,,2026-07-18T03:32:39+00:00
18503,ausente,404,,,,2026-07-18T03:32:41+00:00
18504,ausente,404,,,,2026-07-18T03:32:44+00:00
18505,ausente,404,,,,2026-07-18T03:32:46+00:00
18506,ausente,404,,,,2026-07-18T03:32:49+00:00
18507,ausente,404,,,,2026-07-18T03:32:52+00:00
18508,ausente,404,,,,2026-07-18T03:32:55+00:00
18509,ausente,404,,,,2026-07-18T03:32:57+00:00
18510,ausente,404,,,,2026-07-18T03:33:02+00:00
18511,ausente,404,,,,2026-07-18T03:33:05+00:00
18512,ausente,404,,,,2026-07-18T03:33:07+00:00
18513,ausente,404,,,,2026-07-18T03:33:10+00:00
18514,ausente,404,,,,2026-07-18T03:33:13+00:00
18515,ausente,404,,,,2026-07-18T03:33:15+00:00
18516,ausente,404,,,,2026-07-18T03:33:18+00:00
18517,ausente,404,,,,2026-07-18T03:33:21+00:00
18518,ausente,404,,,,2026-07-18T03:33:23+00:00
18519,ausente,404,,,,2026-07-18T03:33:26+00:00
18520,ausente,404,,,,2026-07-18T03:33:29+00:00
18521,ausente,404,,,,2026-07-18T03:33:31+00:00
18522,ausente,404,,,,2026-07-18T03:33:34+00:00
18523,ausente,404,,,,2026-07-18T03:33:36+00:00
18524,ausente,404,,,,2026-07-18T03:33:39+00:00
18525,ausente,404,,,,2026-07-18T03:33:42+00:00
18526,ausente,404,,,,2026-07-18T03:33:45+00:00
18527,ausente,404,,,,2026-07-18T03:33:47+00:00
18528,ausente,404,,,,2026-07-18T03:33:50+00:00
18529,ausente,404,,,,2026-07-18T03:33:53+00:00
18530,ausente,404,,,,2026-07-18T03:33:55+00:00
18531,ausente,404,,,,2026-07-18T03:33:58+00:00
18532,ausente,404,,,,2026-07-18T03:34:01+00:00
18533,ausente,404,,,,2026-07-18T03:34:03+00:00
18534,ausente,404,,,,2026-07-18T03:34:06+00:00
18535,ausente,404,,,,2026-07-18T03:34:09+00:00
18536,ausente,404,,,,2026-07-18T03:34:11+00:00
18537,ausente,404,,,,2026-07-18T03:34:14+00:00
18538,ausente,404,,,,2026-07-18T03:34:16+00:00
18539,ausente,404,,,,2026-07-18T03:34:19+00:00
18540,ausente,404,,,,2026-07-18T03:34:22+00:00
18541,ausente,404,,,,2026-07-18T03:34:24+00:00
18542,ausente,404,,,,2026-07-18T03:34:27+00:00
18543,ausente,404,,,,2026-07-18T03:34:30+00:00
18544,ausente,404,,,,2026-07-18T03:34:32+00:00
18545,ausente,404,,,,2026-07-18T03:34:35+00:00
18546,ausente,404,,,,2026-07-18T03:34:38+00:00
18547,ausente,404,,,,2026-07-18T03:34:40+00:00
18548,ausente,404,,,,2026-07-18T03:34:43+00:00
18549,ausente,404,,,,2026-07-18T03:34:45+00:00
18550,ausente,404,,,,2026-07-18T03:34:48+00:00
18551,ausente,404,,,,2026-07-18T03:34:51+00:00
18552,ausente,404,,,,2026-07-18T03:34:53+00:00
18553,ausente,404,,,,2026-07-18T03:34:56+00:00
18554,ausente,404,,,,2026-07-18T03:34:59+00:00
18555,ausente,404,,,,2026-07-18T03:35:01+00:00
18556,ausente,404,,,,2026-07-18T03:35:04+00:00
18557,ausente,404,,,,2026-07-18T03:35:06+00:00
18558,ausente,404,,,,2026-07-18T03:35:09+00:00
18559,ausente,404,,,,2026-07-18T03:35:12+00:00
18560,ausente,404,,,,2026-07-18T03:35:14+00:00
18561,ausente,404,,,,2026-07-18T03:35:17+00:00
18562,ausente,404,,,,2026-07-18T03:35:20+00:00
18563,ausente,404,,,,2026-07-18T03:35:22+00:00
18564,ausente,404,,,,2026-07-18T03:35:25+00:00
18565,ausente,404,,,,2026-07-18T03:35:27+00:00
18566,ausente,404,,,,2026-07-18T03:35:30+00:00
18567,ausente,404,,,,2026-07-18T03:35:33+00:00
18568,ausente,404,,,,2026-07-18T03:35:35+00:00
18569,ausente,404,,,,2026-07-18T03:35:38+00:00
18570,ausente,404,,,,2026-07-18T03:35:40+00:00
18571,ausente,404,,,,2026-07-18T03:35:43+00:00
18572,ausente,404,,,,2026-07-18T03:35:46+00:00
18573,ausente,404,,,,2026-07-18T03:35:48+00:00
